ggml_cuda_init: found 2 CUDA devices:
  Device 0: NVIDIA RTX PRO 6000 Blackwell Workstation Edition, compute capability 12.0, VMM: yes
  Device 1: NVIDIA RTX PRO 6000 Blackwell Workstation Edition, compute capability 12.0, VMM: yes
main: n_parallel is set to auto, using n_parallel = 4 and kv_unified = true
build: 8027 (25224c802) with GNU 13.3.0 for Linux x86_64
system info: n_threads = 32, n_threads_batch = 32, total_threads = 32

system_info: n_threads = 32 (n_threads_batch = 32) / 32 | CUDA : ARCHS = 890 | USE_GRAPHS = 1 | PEER_MAX_BATCH_SIZE = 128 | CPU : SSE3 = 1 | SSSE3 = 1 | AVX = 1 | AVX_VNNI = 1 | AVX2 = 1 | F16C = 1 | FMA = 1 | BMI2 = 1 | AVX512 = 1 | AVX512_VBMI = 1 | AVX512_VNNI = 1 | AVX512_BF16 = 1 | LLAMAFILE = 1 | OPENMP = 1 | REPACK = 1 | 

init: using 31 threads for HTTP server
start: binding port with default address family
main: loading model
srv    load_model: loading model '/home/teja/models/qwen3/qwen3-coder-next/Qwen3-Coder-Next-UD-Q8_K_XL/Qwen3-Coder-Next-UD-Q8_K_XL-00001-of-00003.gguf'
common_init_result: fitting params to device memory, for bugs during this step try to reproduce them with -fit off, or provide --verbose logs if the bug only occurs with -fit on
llama_params_fit_impl: projected memory use with initial parameters [MiB]:
llama_params_fit_impl:   - CUDA0 (NVIDIA RTX PRO 6000 Blackwell Workstation Edition):  97214 total,  43740 used,  51765 free vs. target of   1024
llama_params_fit_impl:   - CUDA1 (NVIDIA RTX PRO 6000 Blackwell Workstation Edition):  97247 total,  54918 used,  41601 free vs. target of   1024
llama_params_fit_impl: projected to use 98659 MiB of device memory vs. 192026 MiB of free device memory
llama_params_fit_impl: targets for free memory can be met on all devices, no changes needed
llama_params_fit: successfully fit params to free device memory
llama_params_fit: fitting params to free memory took 0.28 seconds
llama_model_load_from_file_impl: using device CUDA0 (NVIDIA RTX PRO 6000 Blackwell Workstation Edition) (0000:01:00.0) - 95658 MiB free
llama_model_load_from_file_impl: using device CUDA1 (NVIDIA RTX PRO 6000 Blackwell Workstation Edition) (0000:03:00.0) - 96672 MiB free
llama_model_loader: additional 2 GGUFs metadata loaded.
llama_model_loader: loaded meta data with 55 key-value pairs and 843 tensors from /home/teja/models/qwen3/qwen3-coder-next/Qwen3-Coder-Next-UD-Q8_K_XL/Qwen3-Coder-Next-UD-Q8_K_XL-00001-of-00003.gguf (version GGUF V3 (latest))
llama_model_loader: Dumping metadata keys/values. Note: KV overrides do not apply in this output.
llama_model_loader: - kv   0:                       general.architecture str              = qwen3next
llama_model_loader: - kv   1:                               general.type str              = model
llama_model_loader: - kv   2:                     general.sampling.top_k i32              = 40
llama_model_loader: - kv   3:                     general.sampling.top_p f32              = 0.950000
llama_model_loader: - kv   4:                      general.sampling.temp f32              = 1.000000
llama_model_loader: - kv   5:                               general.name str              = Qwen3-Coder-Next
llama_model_loader: - kv   6:                           general.basename str              = Qwen3-Coder-Next
llama_model_loader: - kv   7:                       general.quantized_by str              = Unsloth
llama_model_loader: - kv   8:                         general.size_label str              = 512x2.5B
llama_model_loader: - kv   9:                            general.license str              = apache-2.0
llama_model_loader: - kv  10:                       general.license.link str              = https://huggingface.co/Qwen/Qwen3-Cod...
llama_model_loader: - kv  11:                           general.repo_url str              = https://huggingface.co/unsloth
llama_model_loader: - kv  12:                   general.base_model.count u32              = 1
llama_model_loader: - kv  13:                  general.base_model.0.name str              = Qwen3 Coder Next
llama_model_loader: - kv  14:          general.base_model.0.organization str              = Qwen
llama_model_loader: - kv  15:              general.base_model.0.repo_url str              = https://huggingface.co/Qwen/Qwen3-Cod...
llama_model_loader: - kv  16:                               general.tags arr[str,5]       = ["qwen3_next", "unsloth", "qwen", "qw...
llama_model_loader: - kv  17:                      qwen3next.block_count u32              = 48
llama_model_loader: - kv  18:                   qwen3next.context_length u32              = 262144
llama_model_loader: - kv  19:                 qwen3next.embedding_length u32              = 2048
llama_model_loader: - kv  20:              qwen3next.feed_forward_length u32              = 5120
llama_model_loader: - kv  21:             qwen3next.attention.head_count u32              = 16
llama_model_loader: - kv  22:          qwen3next.attention.head_count_kv u32              = 2
llama_model_loader: - kv  23:                   qwen3next.rope.freq_base f32              = 5000000.000000
llama_model_loader: - kv  24: qwen3next.attention.layer_norm_rms_epsilon f32              = 0.000001
llama_model_loader: - kv  25:                     qwen3next.expert_count u32              = 512
llama_model_loader: - kv  26:                qwen3next.expert_used_count u32              = 10
llama_model_loader: - kv  27:             qwen3next.attention.key_length u32              = 256
llama_model_loader: - kv  28:           qwen3next.attention.value_length u32              = 256
llama_model_loader: - kv  29:       qwen3next.expert_feed_forward_length u32              = 512
llama_model_loader: - kv  30: qwen3next.expert_shared_feed_forward_length u32              = 512
llama_model_loader: - kv  31:                  qwen3next.ssm.conv_kernel u32              = 4
llama_model_loader: - kv  32:                   qwen3next.ssm.state_size u32              = 128
llama_model_loader: - kv  33:                  qwen3next.ssm.group_count u32              = 16
llama_model_loader: - kv  34:               qwen3next.ssm.time_step_rank u32              = 32
llama_model_loader: - kv  35:                   qwen3next.ssm.inner_size u32              = 4096
llama_model_loader: - kv  36:          qwen3next.full_attention_interval u32              = 4
llama_model_loader: - kv  37:             qwen3next.rope.dimension_count u32              = 64
llama_model_loader: - kv  38:                       tokenizer.ggml.model str              = gpt2
llama_model_loader: - kv  39:                         tokenizer.ggml.pre str              = qwen2
llama_model_loader: - kv  40:                      tokenizer.ggml.tokens arr[str,151936]  = ["!", "\"", "#", "$", "%", "&", "'", ...
llama_model_loader: - kv  41:                  tokenizer.ggml.token_type arr[i32,151936]  = [1, 1, 1, 1, 1, 1, 1, 1, 1, 1, 1, 1, ...
llama_model_loader: - kv  42:                      tokenizer.ggml.merges arr[str,151387]  = ["Ġ Ġ", "ĠĠ ĠĠ", "i n", "Ġ t",...
llama_model_loader: - kv  43:                tokenizer.ggml.eos_token_id u32              = 151645
llama_model_loader: - kv  44:            tokenizer.ggml.padding_token_id u32              = 151654
llama_model_loader: - kv  45:                    tokenizer.chat_template str              = {% macro render_extra_keys(json_dict,...
llama_model_loader: - kv  46:               general.quantization_version u32              = 2
llama_model_loader: - kv  47:                          general.file_type u32              = 7
llama_model_loader: - kv  48:                      quantize.imatrix.file str              = Qwen3-Coder-Next-GGUF/imatrix_unsloth...
llama_model_loader: - kv  49:                   quantize.imatrix.dataset str              = unsloth_calibration_Qwen3-Coder-Next.txt
llama_model_loader: - kv  50:             quantize.imatrix.entries_count u32              = 576
llama_model_loader: - kv  51:              quantize.imatrix.chunks_count u32              = 154
llama_model_loader: - kv  52:                                   split.no u16              = 0
llama_model_loader: - kv  53:                        split.tensors.count i32              = 843
llama_model_loader: - kv  54:                                split.count u16              = 3
llama_model_loader: - type  f32:  313 tensors
llama_model_loader: - type  f16:  108 tensors
llama_model_loader: - type q8_0:  374 tensors
llama_model_loader: - type bf16:   48 tensors
print_info: file format = GGUF V3 (latest)
print_info: file type   = Q8_0
print_info: file size   = 86.94 GiB (9.37 BPW) 
load: 0 unused tokens
load: printing all EOG tokens:
load:   - 151643 ('<|endoftext|>')
load:   - 151645 ('<|im_end|>')
load:   - 151662 ('<|fim_pad|>')
load:   - 151663 ('<|repo_name|>')
load:   - 151664 ('<|file_sep|>')
load: special tokens cache size = 26
load: token to piece cache size = 0.9311 MB
print_info: arch                  = qwen3next
print_info: vocab_only            = 0
print_info: no_alloc              = 0
print_info: n_ctx_train           = 262144
print_info: n_embd                = 2048
print_info: n_embd_inp            = 2048
print_info: n_layer               = 48
print_info: n_head                = 16
print_info: n_head_kv             = 2
print_info: n_rot                 = 64
print_info: n_swa                 = 0
print_info: is_swa_any            = 0
print_info: n_embd_head_k         = 256
print_info: n_embd_head_v         = 256
print_info: n_gqa                 = 8
print_info: n_embd_k_gqa          = 512
print_info: n_embd_v_gqa          = 512
print_info: f_norm_eps            = 0.0e+00
print_info: f_norm_rms_eps        = 1.0e-06
print_info: f_clamp_kqv           = 0.0e+00
print_info: f_max_alibi_bias      = 0.0e+00
print_info: f_logit_scale         = 0.0e+00
print_info: f_attn_scale          = 0.0e+00
print_info: n_ff                  = 5120
print_info: n_expert              = 512
print_info: n_expert_used         = 10
print_info: n_expert_groups       = 0
print_info: n_group_used          = 0
print_info: causal attn           = 1
print_info: pooling type          = 0
print_info: rope type             = 2
print_info: rope scaling          = linear
print_info: freq_base_train       = 5000000.0
print_info: freq_scale_train      = 1
print_info: n_ctx_orig_yarn       = 262144
print_info: rope_yarn_log_mul     = 0.0000
print_info: rope_finetuned        = unknown
print_info: ssm_d_conv            = 4
print_info: ssm_d_inner           = 4096
print_info: ssm_d_state           = 128
print_info: ssm_dt_rank           = 32
print_info: ssm_n_group           = 16
print_info: ssm_dt_b_c_rms        = 0
print_info: model type            = 80B.A3B
print_info: model params          = 79.67 B
print_info: general.name          = Qwen3-Coder-Next
print_info: vocab type            = BPE
print_info: n_vocab               = 151936
print_info: n_merges              = 151387
print_info: BOS token             = 11 ','
print_info: EOS token             = 151645 '<|im_end|>'
print_info: EOT token             = 151645 '<|im_end|>'
print_info: PAD token             = 151654 '<|vision_pad|>'
print_info: LF token              = 198 'Ċ'
print_info: FIM PRE token         = 151659 '<|fim_prefix|>'
print_info: FIM SUF token         = 151661 '<|fim_suffix|>'
print_info: FIM MID token         = 151660 '<|fim_middle|>'
print_info: FIM PAD token         = 151662 '<|fim_pad|>'
print_info: FIM REP token         = 151663 '<|repo_name|>'
print_info: FIM SEP token         = 151664 '<|file_sep|>'
print_info: EOG token             = 151643 '<|endoftext|>'
print_info: EOG token             = 151645 '<|im_end|>'
print_info: EOG token             = 151662 '<|fim_pad|>'
print_info: EOG token             = 151663 '<|repo_name|>'
print_info: EOG token             = 151664 '<|file_sep|>'
print_info: max token length      = 256
load_tensors: loading model tensors, this can take a while... (mmap = true, direct_io = false)
load_tensors: offloading output layer to GPU
load_tensors: offloading 47 repeating layers to GPU
load_tensors: offloaded 49/49 layers to GPU
load_tensors:   CPU_Mapped model buffer size =   593.50 MiB
load_tensors:        CUDA0 model buffer size = 38613.11 MiB
load_tensors:        CUDA1 model buffer size = 49819.04 MiB
...................................................................................................
common_init_result: added <|endoftext|> logit bias = -inf
common_init_result: added <|im_end|> logit bias = -inf
common_init_result: added <|fim_pad|> logit bias = -inf
common_init_result: added <|repo_name|> logit bias = -inf
common_init_result: added <|file_sep|> logit bias = -inf
llama_context: constructing llama_context
llama_context: n_seq_max     = 4
llama_context: n_ctx         = 262144
llama_context: n_ctx_seq     = 262144
llama_context: n_batch       = 2048
llama_context: n_ubatch      = 512
llama_context: causal_attn   = 1
llama_context: flash_attn    = enabled
llama_context: kv_unified    = true
llama_context: freq_base     = 5000000.0
llama_context: freq_scale    = 1
llama_context:  CUDA_Host  output buffer size =     2.32 MiB
llama_kv_cache:      CUDA0 KV buffer size =  2560.00 MiB
llama_kv_cache:      CUDA1 KV buffer size =  3584.00 MiB
llama_kv_cache: size = 6144.00 MiB (262144 cells,  12 layers,  4/1 seqs), K (f16): 3072.00 MiB, V (f16): 3072.00 MiB
llama_memory_recurrent:      CUDA0 RS buffer size =   150.75 MiB
llama_memory_recurrent:      CUDA1 RS buffer size =   150.75 MiB
llama_memory_recurrent: size =  301.50 MiB (     4 cells,  48 layers,  4 seqs), R (f32):   13.50 MiB, S (f32):  288.00 MiB
llama_context: pipeline parallelism enabled
sched_reserve: reserving ...
sched_reserve:      CUDA0 compute buffer size =  2416.46 MiB
sched_reserve:      CUDA1 compute buffer size =  1348.98 MiB
sched_reserve:  CUDA_Host compute buffer size =  2056.05 MiB
sched_reserve: graph nodes  = 9266 (with bs=512), 5918 (with bs=1)
sched_reserve: graph splits = 3
sched_reserve: reserve took 340.91 ms, sched copies = 4
common_init_from_params: warming up the model with an empty run - please wait ... (--no-warmup to disable)
srv    load_model: initializing slots, n_slots = 4
common_speculative_is_compat: the target context does not support partial sequence removal
srv    load_model: speculative decoding not supported by this context
slot   load_model: id  0 | task -1 | new slot, n_ctx = 262144
slot   load_model: id  1 | task -1 | new slot, n_ctx = 262144
slot   load_model: id  2 | task -1 | new slot, n_ctx = 262144
slot   load_model: id  3 | task -1 | new slot, n_ctx = 262144
srv    load_model: prompt cache is enabled, size limit: 8192 MiB
srv    load_model: use `--cache-ram 0` to disable the prompt cache
srv    load_model: for more info see https://github.com/ggml-org/llama.cpp/pull/16391
init: chat template, example_format: '<|im_start|>system
You are a helpful assistant<|im_end|>
<|im_start|>user
Hello<|im_end|>
<|im_start|>assistant
Hi there<|im_end|>
<|im_start|>user
How are you?<|im_end|>
<|im_start|>assistant
'
srv          init: init: chat template, thinking = 0
main: model loaded
main: server is listening on http://127.0.0.1:8085
main: starting the main loop...
srv  update_slots: all slots are idle
srv  params_from_: Chat format: Qwen3 Coder
slot get_availabl: id  3 | task -1 | selected slot by LRU, t_last = -1
slot launch_slot_: id  3 | task -1 | sampler chain: logits -> ?penalties -> ?dry -> ?top-n-sigma -> top-k -> ?typical -> top-p -> min-p -> ?xtc -> ?temp-ext -> dist 
slot launch_slot_: id  3 | task 0 | processing task, is_child = 0
slot update_slots: id  3 | task 0 | new prompt, n_ctx_slot = 262144, n_keep = 0, task.n_tokens = 9
slot update_slots: id  3 | task 0 | n_tokens = 0, memory_seq_rm [0, end)
slot update_slots: id  3 | task 0 | prompt processing progress, n_tokens = 9, batch.n_tokens = 9, progress = 1.000000
slot update_slots: id  3 | task 0 | prompt done, n_tokens = 9, batch.n_tokens = 9
slot init_sampler: id  3 | task 0 | init sampler, took 0.07 ms, tokens: text = 9, total = 9
slot print_timing: id  3 | task 0 | 
prompt eval time =     118.94 ms /     9 tokens (   13.22 ms per token,    75.67 tokens per second)
       eval time =       0.00 ms /     1 tokens (    0.00 ms per token, 1000000.00 tokens per second)
      total time =     118.94 ms /    10 tokens
slot      release: id  3 | task 0 | stop processing: n_tokens = 9, truncated = 0
srv  update_slots: all slots are idle
srv  log_server_r: done request: POST /v1/messages 127.0.0.1 200
srv  log_server_r: done request: POST /v1/messages/count_tokens 127.0.0.1 200
srv  params_from_: Chat format: Qwen3 Coder
slot get_availabl: id  2 | task -1 | selected slot by LRU, t_last = -1
slot launch_slot_: id  2 | task -1 | sampler chain: logits -> ?penalties -> ?dry -> ?top-n-sigma -> top-k -> ?typical -> top-p -> min-p -> ?xtc -> ?temp-ext -> dist 
slot launch_slot_: id  2 | task 2 | processing task, is_child = 0
slot update_slots: id  2 | task 2 | new prompt, n_ctx_slot = 262144, n_keep = 0, task.n_tokens = 125
slot update_slots: id  2 | task 2 | n_tokens = 0, memory_seq_rm [0, end)
slot update_slots: id  2 | task 2 | prompt processing progress, n_tokens = 125, batch.n_tokens = 125, progress = 1.000000
slot update_slots: id  2 | task 2 | prompt done, n_tokens = 125, batch.n_tokens = 125
slot init_sampler: id  2 | task 2 | init sampler, took 0.01 ms, tokens: text = 125, total = 125
srv  log_server_r: done request: POST /v1/messages/count_tokens 127.0.0.1 200
srv  params_from_: Chat format: Qwen3 Coder
slot get_availabl: id  1 | task -1 | selected slot by LRU, t_last = -1
slot launch_slot_: id  1 | task -1 | sampler chain: logits -> ?penalties -> ?dry -> ?top-n-sigma -> top-k -> ?typical -> top-p -> min-p -> ?xtc -> ?temp-ext -> dist 
slot launch_slot_: id  1 | task 4 | processing task, is_child = 0
slot update_slots: id  1 | task 4 | new prompt, n_ctx_slot = 262144, n_keep = 0, task.n_tokens = 19570
slot update_slots: id  1 | task 4 | n_tokens = 0, memory_seq_rm [0, end)
slot update_slots: id  1 | task 4 | prompt processing progress, n_tokens = 2047, batch.n_tokens = 2048, progress = 0.104599
slot update_slots: id  1 | task 4 | n_tokens = 2047, memory_seq_rm [2047, end)
slot update_slots: id  1 | task 4 | prompt processing progress, n_tokens = 4094, batch.n_tokens = 2048, progress = 0.209198
slot update_slots: id  1 | task 4 | n_tokens = 4094, memory_seq_rm [4094, end)
slot update_slots: id  1 | task 4 | prompt processing progress, n_tokens = 6141, batch.n_tokens = 2048, progress = 0.313797
slot update_slots: id  1 | task 4 | n_tokens = 6141, memory_seq_rm [6141, end)
slot update_slots: id  1 | task 4 | prompt processing progress, n_tokens = 8188, batch.n_tokens = 2048, progress = 0.418395
slot update_slots: id  1 | task 4 | n_tokens = 8188, memory_seq_rm [8188, end)
slot update_slots: id  1 | task 4 | prompt processing progress, n_tokens = 10235, batch.n_tokens = 2048, progress = 0.522994
slot update_slots: id  1 | task 4 | n_tokens = 10235, memory_seq_rm [10235, end)
slot update_slots: id  1 | task 4 | prompt processing progress, n_tokens = 12282, batch.n_tokens = 2048, progress = 0.627593
slot update_slots: id  1 | task 4 | n_tokens = 12282, memory_seq_rm [12282, end)
slot update_slots: id  1 | task 4 | prompt processing progress, n_tokens = 14329, batch.n_tokens = 2048, progress = 0.732192
slot update_slots: id  1 | task 4 | n_tokens = 14329, memory_seq_rm [14329, end)
slot update_slots: id  1 | task 4 | prompt processing progress, n_tokens = 16376, batch.n_tokens = 2048, progress = 0.836791
slot update_slots: id  1 | task 4 | n_tokens = 16376, memory_seq_rm [16376, end)
slot update_slots: id  1 | task 4 | prompt processing progress, n_tokens = 18423, batch.n_tokens = 2048, progress = 0.941390
slot update_slots: id  1 | task 4 | n_tokens = 18423, memory_seq_rm [18423, end)
slot update_slots: id  1 | task 4 | prompt processing progress, n_tokens = 19058, batch.n_tokens = 636, progress = 0.973837
slot update_slots: id  1 | task 4 | n_tokens = 19058, memory_seq_rm [19058, end)
slot update_slots: id  1 | task 4 | prompt processing progress, n_tokens = 19570, batch.n_tokens = 513, progress = 1.000000
slot update_slots: id  1 | task 4 | prompt done, n_tokens = 19570, batch.n_tokens = 513
slot init_sampler: id  1 | task 4 | init sampler, took 1.46 ms, tokens: text = 19570, total = 19570
slot update_slots: id  1 | task 4 | created context checkpoint 1 of 8 (pos_min = 19057, pos_max = 19057, size = 75.376 MiB)
slot print_timing: id  2 | task 2 | 
prompt eval time =     155.06 ms /   125 tokens (    1.24 ms per token,   806.14 tokens per second)
       eval time =    7571.11 ms /    16 tokens (  473.19 ms per token,     2.11 tokens per second)
      total time =    7726.17 ms /   141 tokens
slot      release: id  2 | task 2 | stop processing: n_tokens = 140, truncated = 0
srv  log_server_r: done request: POST /v1/messages 127.0.0.1 200
slot print_timing: id  1 | task 4 | 
prompt eval time =    7502.28 ms / 19570 tokens (    0.38 ms per token,  2608.54 tokens per second)
       eval time =     602.73 ms /    47 tokens (   12.82 ms per token,    77.98 tokens per second)
      total time =    8105.01 ms / 19617 tokens
slot      release: id  1 | task 4 | stop processing: n_tokens = 19616, truncated = 0
srv  update_slots: all slots are idle
srv  log_server_r: done request: POST /v1/messages 127.0.0.1 200
srv  params_from_: Chat format: Qwen3 Coder
slot get_availabl: id  0 | task -1 | selected slot by LRU, t_last = -1
slot launch_slot_: id  0 | task -1 | sampler chain: logits -> ?penalties -> ?dry -> ?top-n-sigma -> top-k -> ?typical -> top-p -> min-p -> ?xtc -> ?temp-ext -> dist 
slot launch_slot_: id  0 | task 62 | processing task, is_child = 0
slot update_slots: id  0 | task 62 | new prompt, n_ctx_slot = 262144, n_keep = 0, task.n_tokens = 19640
slot update_slots: id  0 | task 62 | n_tokens = 0, memory_seq_rm [0, end)
slot update_slots: id  0 | task 62 | prompt processing progress, n_tokens = 2048, batch.n_tokens = 2048, progress = 0.104277
slot update_slots: id  0 | task 62 | n_tokens = 2048, memory_seq_rm [2048, end)
slot update_slots: id  0 | task 62 | prompt processing progress, n_tokens = 4096, batch.n_tokens = 2048, progress = 0.208554
slot update_slots: id  0 | task 62 | n_tokens = 4096, memory_seq_rm [4096, end)
slot update_slots: id  0 | task 62 | prompt processing progress, n_tokens = 6144, batch.n_tokens = 2048, progress = 0.312831
slot update_slots: id  0 | task 62 | n_tokens = 6144, memory_seq_rm [6144, end)
slot update_slots: id  0 | task 62 | prompt processing progress, n_tokens = 8192, batch.n_tokens = 2048, progress = 0.417108
slot update_slots: id  0 | task 62 | n_tokens = 8192, memory_seq_rm [8192, end)
slot update_slots: id  0 | task 62 | prompt processing progress, n_tokens = 10240, batch.n_tokens = 2048, progress = 0.521385
slot update_slots: id  0 | task 62 | n_tokens = 10240, memory_seq_rm [10240, end)
slot update_slots: id  0 | task 62 | prompt processing progress, n_tokens = 12288, batch.n_tokens = 2048, progress = 0.625662
slot update_slots: id  0 | task 62 | n_tokens = 12288, memory_seq_rm [12288, end)
slot update_slots: id  0 | task 62 | prompt processing progress, n_tokens = 14336, batch.n_tokens = 2048, progress = 0.729939
slot update_slots: id  0 | task 62 | n_tokens = 14336, memory_seq_rm [14336, end)
slot update_slots: id  0 | task 62 | prompt processing progress, n_tokens = 16384, batch.n_tokens = 2048, progress = 0.834216
slot update_slots: id  0 | task 62 | n_tokens = 16384, memory_seq_rm [16384, end)
slot update_slots: id  0 | task 62 | prompt processing progress, n_tokens = 18432, batch.n_tokens = 2048, progress = 0.938493
slot update_slots: id  0 | task 62 | n_tokens = 18432, memory_seq_rm [18432, end)
slot update_slots: id  0 | task 62 | prompt processing progress, n_tokens = 19128, batch.n_tokens = 696, progress = 0.973931
slot update_slots: id  0 | task 62 | n_tokens = 19128, memory_seq_rm [19128, end)
slot update_slots: id  0 | task 62 | prompt processing progress, n_tokens = 19640, batch.n_tokens = 512, progress = 1.000000
slot update_slots: id  0 | task 62 | prompt done, n_tokens = 19640, batch.n_tokens = 512
slot init_sampler: id  0 | task 62 | init sampler, took 1.45 ms, tokens: text = 19640, total = 19640
slot update_slots: id  0 | task 62 | created context checkpoint 1 of 8 (pos_min = 19127, pos_max = 19127, size = 75.376 MiB)
slot print_timing: id  0 | task 62 | 
prompt eval time =    7335.28 ms / 19640 tokens (    0.37 ms per token,  2677.47 tokens per second)
       eval time =     795.43 ms /    65 tokens (   12.24 ms per token,    81.72 tokens per second)
      total time =    8130.70 ms / 19705 tokens
slot      release: id  0 | task 62 | stop processing: n_tokens = 19704, truncated = 0
srv  update_slots: all slots are idle
srv  log_server_r: done request: POST /v1/messages 127.0.0.1 200
srv  params_from_: Chat format: Qwen3 Coder
slot get_availabl: id  3 | task -1 | selected slot by LRU, t_last = 6757014602
srv  get_availabl: updating prompt cache
srv   prompt_save:  - saving prompt with length 9, total state size = 75.587 MiB
srv          load:  - looking for better prompt, base f_keep = 0.111, sim = 0.000
srv        update:  - cache state: 1 prompts, 75.587 MiB (limits: 8192.000 MiB, 262144 tokens, 262144 est)
srv        update:    - prompt 0x5d592b1faf20:       9 tokens, checkpoints:  0,    75.587 MiB
srv  get_availabl: prompt cache update took 18.47 ms
slot launch_slot_: id  3 | task -1 | sampler chain: logits -> ?penalties -> ?dry -> ?top-n-sigma -> top-k -> ?typical -> top-p -> min-p -> ?xtc -> ?temp-ext -> dist 
slot launch_slot_: id  3 | task 138 | processing task, is_child = 0
slot update_slots: id  3 | task 138 | new prompt, n_ctx_slot = 262144, n_keep = 0, task.n_tokens = 19981
slot update_slots: id  3 | task 138 | n_past = 1, slot.prompt.tokens.size() = 9, seq_id = 3, pos_min = 8, n_swa = 1
slot update_slots: id  3 | task 138 | forcing full prompt re-processing due to lack of cache data (likely due to SWA or hybrid/recurrent memory, see https://github.com/ggml-org/llama.cpp/pull/13194#issuecomment-2868343055)
slot update_slots: id  3 | task 138 | n_tokens = 0, memory_seq_rm [0, end)
slot update_slots: id  3 | task 138 | prompt processing progress, n_tokens = 2048, batch.n_tokens = 2048, progress = 0.102497
slot update_slots: id  3 | task 138 | n_tokens = 2048, memory_seq_rm [2048, end)
slot update_slots: id  3 | task 138 | prompt processing progress, n_tokens = 4096, batch.n_tokens = 2048, progress = 0.204995
slot update_slots: id  3 | task 138 | n_tokens = 4096, memory_seq_rm [4096, end)
slot update_slots: id  3 | task 138 | prompt processing progress, n_tokens = 6144, batch.n_tokens = 2048, progress = 0.307492
slot update_slots: id  3 | task 138 | n_tokens = 6144, memory_seq_rm [6144, end)
slot update_slots: id  3 | task 138 | prompt processing progress, n_tokens = 8192, batch.n_tokens = 2048, progress = 0.409989
slot update_slots: id  3 | task 138 | n_tokens = 8192, memory_seq_rm [8192, end)
slot update_slots: id  3 | task 138 | prompt processing progress, n_tokens = 10240, batch.n_tokens = 2048, progress = 0.512487
slot update_slots: id  3 | task 138 | n_tokens = 10240, memory_seq_rm [10240, end)
slot update_slots: id  3 | task 138 | prompt processing progress, n_tokens = 12288, batch.n_tokens = 2048, progress = 0.614984
slot update_slots: id  3 | task 138 | n_tokens = 12288, memory_seq_rm [12288, end)
slot update_slots: id  3 | task 138 | prompt processing progress, n_tokens = 14336, batch.n_tokens = 2048, progress = 0.717482
slot update_slots: id  3 | task 138 | n_tokens = 14336, memory_seq_rm [14336, end)
slot update_slots: id  3 | task 138 | prompt processing progress, n_tokens = 16384, batch.n_tokens = 2048, progress = 0.819979
slot update_slots: id  3 | task 138 | n_tokens = 16384, memory_seq_rm [16384, end)
slot update_slots: id  3 | task 138 | prompt processing progress, n_tokens = 18432, batch.n_tokens = 2048, progress = 0.922476
slot update_slots: id  3 | task 138 | n_tokens = 18432, memory_seq_rm [18432, end)
slot update_slots: id  3 | task 138 | prompt processing progress, n_tokens = 19469, batch.n_tokens = 1037, progress = 0.974376
slot update_slots: id  3 | task 138 | n_tokens = 19469, memory_seq_rm [19469, end)
slot update_slots: id  3 | task 138 | prompt processing progress, n_tokens = 19981, batch.n_tokens = 512, progress = 1.000000
slot update_slots: id  3 | task 138 | prompt done, n_tokens = 19981, batch.n_tokens = 512
slot init_sampler: id  3 | task 138 | init sampler, took 1.48 ms, tokens: text = 19981, total = 19981
slot update_slots: id  3 | task 138 | created context checkpoint 1 of 8 (pos_min = 19468, pos_max = 19468, size = 75.376 MiB)
slot print_timing: id  3 | task 138 | 
prompt eval time =    7788.95 ms / 19981 tokens (    0.39 ms per token,  2565.30 tokens per second)
       eval time =      64.70 ms /     6 tokens (   10.78 ms per token,    92.73 tokens per second)
      total time =    7853.65 ms / 19987 tokens
slot      release: id  3 | task 138 | stop processing: n_tokens = 19986, truncated = 0
srv  update_slots: all slots are idle
srv  log_server_r: done request: POST /v1/messages 127.0.0.1 200
srv  params_from_: Chat format: Qwen3 Coder
slot get_availabl: id  0 | task -1 | selected slot by LCP similarity, sim_best = 0.161 (> 0.100 thold), f_keep = 0.001
srv  get_availabl: updating prompt cache
srv   prompt_save:  - saving prompt with length 19704, total state size = 537.414 MiB
srv  params_from_: Chat format: Qwen3 Coder
srv          load:  - looking for better prompt, base f_keep = 0.001, sim = 0.161
srv        update:  - cache state: 2 prompts, 688.377 MiB (limits: 8192.000 MiB, 262144 tokens, 262144 est)
srv        update:    - prompt 0x5d592b1faf20:       9 tokens, checkpoints:  0,    75.587 MiB
srv        update:    - prompt 0x5d592c064420:   19704 tokens, checkpoints:  1,   612.790 MiB
srv  get_availabl: prompt cache update took 126.21 ms
slot launch_slot_: id  0 | task -1 | sampler chain: logits -> ?penalties -> ?dry -> ?top-n-sigma -> top-k -> ?typical -> top-p -> min-p -> ?xtc -> ?temp-ext -> dist 
slot launch_slot_: id  0 | task 155 | processing task, is_child = 0
slot get_availabl: id  2 | task -1 | selected slot by LRU, t_last = 6790418419
srv  get_availabl: updating prompt cache
srv   prompt_save:  - saving prompt with length 140, total state size = 78.659 MiB
srv          load:  - looking for better prompt, base f_keep = 0.143, sim = 0.001
srv        update:  - cache state: 3 prompts, 767.036 MiB (limits: 8192.000 MiB, 262144 tokens, 262144 est)
srv        update:    - prompt 0x5d592b1faf20:       9 tokens, checkpoints:  0,    75.587 MiB
srv        update:    - prompt 0x5d592c064420:   19704 tokens, checkpoints:  1,   612.790 MiB
srv        update:    - prompt 0x5d591f7b4ad0:     140 tokens, checkpoints:  0,    78.659 MiB
srv  get_availabl: prompt cache update took 19.99 ms
slot launch_slot_: id  2 | task -1 | sampler chain: logits -> ?penalties -> ?dry -> ?top-n-sigma -> top-k -> ?typical -> top-p -> min-p -> ?xtc -> ?temp-ext -> dist 
slot launch_slot_: id  2 | task 156 | processing task, is_child = 0
slot update_slots: id  0 | task 155 | new prompt, n_ctx_slot = 262144, n_keep = 0, task.n_tokens = 124
slot update_slots: id  0 | task 155 | n_past = 20, slot.prompt.tokens.size() = 19704, seq_id = 0, pos_min = 19703, n_swa = 1
slot update_slots: id  0 | task 155 | forcing full prompt re-processing due to lack of cache data (likely due to SWA or hybrid/recurrent memory, see https://github.com/ggml-org/llama.cpp/pull/13194#issuecomment-2868343055)
slot update_slots: id  0 | task 155 | erased invalidated context checkpoint (pos_min = 19127, pos_max = 19127, n_swa = 1, size = 75.376 MiB)
slot update_slots: id  0 | task 155 | n_tokens = 0, memory_seq_rm [0, end)
slot update_slots: id  0 | task 155 | prompt processing progress, n_tokens = 124, batch.n_tokens = 124, progress = 1.000000
slot update_slots: id  0 | task 155 | prompt done, n_tokens = 124, batch.n_tokens = 124
slot init_sampler: id  0 | task 155 | init sampler, took 0.01 ms, tokens: text = 124, total = 124
slot update_slots: id  2 | task 156 | new prompt, n_ctx_slot = 262144, n_keep = 0, task.n_tokens = 19716
slot update_slots: id  2 | task 156 | n_past = 20, slot.prompt.tokens.size() = 140, seq_id = 2, pos_min = 139, n_swa = 1
slot update_slots: id  2 | task 156 | forcing full prompt re-processing due to lack of cache data (likely due to SWA or hybrid/recurrent memory, see https://github.com/ggml-org/llama.cpp/pull/13194#issuecomment-2868343055)
slot update_slots: id  2 | task 156 | n_tokens = 0, memory_seq_rm [0, end)
slot update_slots: id  2 | task 156 | prompt processing progress, n_tokens = 1924, batch.n_tokens = 2048, progress = 0.097586
slot update_slots: id  2 | task 156 | n_tokens = 1924, memory_seq_rm [1924, end)
slot update_slots: id  2 | task 156 | prompt processing progress, n_tokens = 3971, batch.n_tokens = 2048, progress = 0.201410
slot update_slots: id  2 | task 156 | n_tokens = 3971, memory_seq_rm [3971, end)
slot update_slots: id  2 | task 156 | prompt processing progress, n_tokens = 6018, batch.n_tokens = 2048, progress = 0.305234
slot update_slots: id  2 | task 156 | n_tokens = 6018, memory_seq_rm [6018, end)
slot update_slots: id  2 | task 156 | prompt processing progress, n_tokens = 8065, batch.n_tokens = 2048, progress = 0.409059
slot update_slots: id  2 | task 156 | n_tokens = 8065, memory_seq_rm [8065, end)
slot update_slots: id  2 | task 156 | prompt processing progress, n_tokens = 10112, batch.n_tokens = 2048, progress = 0.512883
slot update_slots: id  2 | task 156 | n_tokens = 10112, memory_seq_rm [10112, end)
slot update_slots: id  2 | task 156 | prompt processing progress, n_tokens = 12159, batch.n_tokens = 2048, progress = 0.616707
slot update_slots: id  2 | task 156 | n_tokens = 12159, memory_seq_rm [12159, end)
slot update_slots: id  2 | task 156 | prompt processing progress, n_tokens = 14206, batch.n_tokens = 2048, progress = 0.720532
slot update_slots: id  2 | task 156 | n_tokens = 14206, memory_seq_rm [14206, end)
slot update_slots: id  2 | task 156 | prompt processing progress, n_tokens = 16253, batch.n_tokens = 2048, progress = 0.824356
slot update_slots: id  2 | task 156 | n_tokens = 16253, memory_seq_rm [16253, end)
slot update_slots: id  2 | task 156 | prompt processing progress, n_tokens = 18300, batch.n_tokens = 2048, progress = 0.928180
slot update_slots: id  2 | task 156 | n_tokens = 18300, memory_seq_rm [18300, end)
slot update_slots: id  2 | task 156 | prompt processing progress, n_tokens = 19204, batch.n_tokens = 905, progress = 0.974031
slot update_slots: id  2 | task 156 | n_tokens = 19204, memory_seq_rm [19204, end)
slot update_slots: id  2 | task 156 | prompt processing progress, n_tokens = 19716, batch.n_tokens = 513, progress = 1.000000
slot update_slots: id  2 | task 156 | prompt done, n_tokens = 19716, batch.n_tokens = 513
slot init_sampler: id  2 | task 156 | init sampler, took 1.48 ms, tokens: text = 19716, total = 19716
slot update_slots: id  2 | task 156 | created context checkpoint 1 of 8 (pos_min = 19203, pos_max = 19203, size = 75.376 MiB)
slot print_timing: id  0 | task 155 | 
prompt eval time =     862.57 ms /   124 tokens (    6.96 ms per token,   143.76 tokens per second)
       eval time =    7288.15 ms /    12 tokens (  607.35 ms per token,     1.65 tokens per second)
      total time =    8150.72 ms /   136 tokens
slot      release: id  0 | task 155 | stop processing: n_tokens = 135, truncated = 0
srv  log_server_r: done request: POST /v1/messages 127.0.0.1 200
slot print_timing: id  2 | task 156 | 
prompt eval time =    8124.36 ms / 19716 tokens (    0.41 ms per token,  2426.77 tokens per second)
       eval time =    1149.91 ms /    90 tokens (   12.78 ms per token,    78.27 tokens per second)
      total time =    9274.27 ms / 19806 tokens
slot      release: id  2 | task 156 | stop processing: n_tokens = 19805, truncated = 0
srv  update_slots: all slots are idle
srv  log_server_r: done request: POST /v1/messages 127.0.0.1 200
srv  params_from_: Chat format: Qwen3 Coder
slot get_availabl: id  1 | task -1 | selected slot by LRU, t_last = 6790967660
srv  get_availabl: updating prompt cache
srv   prompt_save:  - saving prompt with length 19616, total state size = 535.351 MiB
srv  params_from_: Chat format: Qwen3 Coder
srv          load:  - looking for better prompt, base f_keep = 0.001, sim = 0.060
srv        update:  - cache state: 4 prompts, 1377.763 MiB (limits: 8192.000 MiB, 262144 tokens, 262144 est)
srv        update:    - prompt 0x5d592b1faf20:       9 tokens, checkpoints:  0,    75.587 MiB
srv        update:    - prompt 0x5d592c064420:   19704 tokens, checkpoints:  1,   612.790 MiB
srv        update:    - prompt 0x5d591f7b4ad0:     140 tokens, checkpoints:  0,    78.659 MiB
srv        update:    - prompt 0x5d592bda1a30:   19616 tokens, checkpoints:  1,   610.726 MiB
srv  get_availabl: prompt cache update took 134.75 ms
slot launch_slot_: id  1 | task -1 | sampler chain: logits -> ?penalties -> ?dry -> ?top-n-sigma -> top-k -> ?typical -> top-p -> min-p -> ?xtc -> ?temp-ext -> dist 
slot launch_slot_: id  1 | task 257 | processing task, is_child = 0
slot get_availabl: id  3 | task -1 | selected slot by LRU, t_last = 6807134804
srv  get_availabl: updating prompt cache
srv   prompt_save:  - saving prompt with length 19986, total state size = 544.027 MiB
srv          load:  - looking for better prompt, base f_keep = 0.002, sim = 0.002
srv        update:  - cache state: 5 prompts, 1997.165 MiB (limits: 8192.000 MiB, 262144 tokens, 262144 est)
srv        update:    - prompt 0x5d592b1faf20:       9 tokens, checkpoints:  0,    75.587 MiB
srv        update:    - prompt 0x5d592c064420:   19704 tokens, checkpoints:  1,   612.790 MiB
srv        update:    - prompt 0x5d591f7b4ad0:     140 tokens, checkpoints:  0,    78.659 MiB
srv        update:    - prompt 0x5d592bda1a30:   19616 tokens, checkpoints:  1,   610.726 MiB
srv        update:    - prompt 0x5d592bda25b0:   19986 tokens, checkpoints:  1,   619.403 MiB
srv  get_availabl: prompt cache update took 126.65 ms
slot launch_slot_: id  3 | task -1 | sampler chain: logits -> ?penalties -> ?dry -> ?top-n-sigma -> top-k -> ?typical -> top-p -> min-p -> ?xtc -> ?temp-ext -> dist 
slot launch_slot_: id  3 | task 258 | processing task, is_child = 0
slot update_slots: id  1 | task 257 | new prompt, n_ctx_slot = 262144, n_keep = 0, task.n_tokens = 336
slot update_slots: id  1 | task 257 | n_past = 20, slot.prompt.tokens.size() = 19616, seq_id = 1, pos_min = 19615, n_swa = 1
slot update_slots: id  1 | task 257 | forcing full prompt re-processing due to lack of cache data (likely due to SWA or hybrid/recurrent memory, see https://github.com/ggml-org/llama.cpp/pull/13194#issuecomment-2868343055)
slot update_slots: id  1 | task 257 | erased invalidated context checkpoint (pos_min = 19057, pos_max = 19057, n_swa = 1, size = 75.376 MiB)
slot update_slots: id  1 | task 257 | n_tokens = 0, memory_seq_rm [0, end)
slot update_slots: id  1 | task 257 | prompt processing progress, n_tokens = 336, batch.n_tokens = 336, progress = 1.000000
slot update_slots: id  1 | task 257 | prompt done, n_tokens = 336, batch.n_tokens = 336
slot init_sampler: id  1 | task 257 | init sampler, took 0.03 ms, tokens: text = 336, total = 336
slot update_slots: id  3 | task 258 | new prompt, n_ctx_slot = 262144, n_keep = 0, task.n_tokens = 19807
slot update_slots: id  3 | task 258 | n_past = 32, slot.prompt.tokens.size() = 19986, seq_id = 3, pos_min = 19985, n_swa = 1
slot update_slots: id  3 | task 258 | forcing full prompt re-processing due to lack of cache data (likely due to SWA or hybrid/recurrent memory, see https://github.com/ggml-org/llama.cpp/pull/13194#issuecomment-2868343055)
slot update_slots: id  3 | task 258 | erased invalidated context checkpoint (pos_min = 19468, pos_max = 19468, n_swa = 1, size = 75.376 MiB)
slot update_slots: id  3 | task 258 | n_tokens = 0, memory_seq_rm [0, end)
slot update_slots: id  3 | task 258 | prompt processing progress, n_tokens = 1712, batch.n_tokens = 2048, progress = 0.086434
slot update_slots: id  3 | task 258 | n_tokens = 1712, memory_seq_rm [1712, end)
slot update_slots: id  3 | task 258 | prompt processing progress, n_tokens = 3759, batch.n_tokens = 2048, progress = 0.189781
slot update_slots: id  3 | task 258 | n_tokens = 3759, memory_seq_rm [3759, end)
slot update_slots: id  3 | task 258 | prompt processing progress, n_tokens = 5806, batch.n_tokens = 2048, progress = 0.293129
slot update_slots: id  3 | task 258 | n_tokens = 5806, memory_seq_rm [5806, end)
slot update_slots: id  3 | task 258 | prompt processing progress, n_tokens = 7853, batch.n_tokens = 2048, progress = 0.396476
slot update_slots: id  3 | task 258 | n_tokens = 7853, memory_seq_rm [7853, end)
slot update_slots: id  3 | task 258 | prompt processing progress, n_tokens = 9900, batch.n_tokens = 2048, progress = 0.499823
slot update_slots: id  3 | task 258 | n_tokens = 9900, memory_seq_rm [9900, end)
slot update_slots: id  3 | task 258 | prompt processing progress, n_tokens = 11947, batch.n_tokens = 2048, progress = 0.603171
slot update_slots: id  3 | task 258 | n_tokens = 11947, memory_seq_rm [11947, end)
slot update_slots: id  3 | task 258 | prompt processing progress, n_tokens = 13994, batch.n_tokens = 2048, progress = 0.706518
slot update_slots: id  3 | task 258 | n_tokens = 13994, memory_seq_rm [13994, end)
slot update_slots: id  3 | task 258 | prompt processing progress, n_tokens = 16041, batch.n_tokens = 2048, progress = 0.809865
slot update_slots: id  3 | task 258 | n_tokens = 16041, memory_seq_rm [16041, end)
slot update_slots: id  3 | task 258 | prompt processing progress, n_tokens = 18088, batch.n_tokens = 2048, progress = 0.913212
slot update_slots: id  3 | task 258 | n_tokens = 18088, memory_seq_rm [18088, end)
slot update_slots: id  3 | task 258 | prompt processing progress, n_tokens = 19295, batch.n_tokens = 1208, progress = 0.974151
slot update_slots: id  3 | task 258 | n_tokens = 19295, memory_seq_rm [19295, end)
slot update_slots: id  3 | task 258 | prompt processing progress, n_tokens = 19807, batch.n_tokens = 513, progress = 1.000000
slot update_slots: id  3 | task 258 | prompt done, n_tokens = 19807, batch.n_tokens = 513
slot init_sampler: id  3 | task 258 | init sampler, took 1.48 ms, tokens: text = 19807, total = 19807
slot update_slots: id  3 | task 258 | created context checkpoint 1 of 8 (pos_min = 19294, pos_max = 19294, size = 75.376 MiB)
slot print_timing: id  1 | task 257 | 
prompt eval time =     863.44 ms /   336 tokens (    2.57 ms per token,   389.14 tokens per second)
       eval time =    7664.18 ms /    23 tokens (  333.23 ms per token,     3.00 tokens per second)
      total time =    8527.62 ms /   359 tokens
slot      release: id  1 | task 257 | stop processing: n_tokens = 358, truncated = 0
srv  log_server_r: done request: POST /v1/messages 127.0.0.1 200
slot print_timing: id  3 | task 258 | 
prompt eval time =    8257.51 ms / 19807 tokens (    0.42 ms per token,  2398.66 tokens per second)
       eval time =    1225.05 ms /    87 tokens (   14.08 ms per token,    71.02 tokens per second)
      total time =    9482.56 ms / 19894 tokens
slot      release: id  3 | task 258 | stop processing: n_tokens = 19893, truncated = 0
srv  update_slots: all slots are idle
srv  log_server_r: done request: POST /v1/messages 127.0.0.1 200
srv  params_from_: Chat format: Qwen3 Coder
slot get_availabl: id  0 | task -1 | selected slot by LRU, t_last = 6819298675
srv  get_availabl: updating prompt cache
srv   prompt_save:  - saving prompt with length 135, total state size = 78.542 MiB
srv          load:  - looking for better prompt, base f_keep = 0.163, sim = 0.062
srv        update:  - cache state: 6 prompts, 2075.707 MiB (limits: 8192.000 MiB, 262144 tokens, 262144 est)
srv        update:    - prompt 0x5d592b1faf20:       9 tokens, checkpoints:  0,    75.587 MiB
srv        update:    - prompt 0x5d592c064420:   19704 tokens, checkpoints:  1,   612.790 MiB
srv        update:    - prompt 0x5d591f7b4ad0:     140 tokens, checkpoints:  0,    78.659 MiB
srv        update:    - prompt 0x5d592bda1a30:   19616 tokens, checkpoints:  1,   610.726 MiB
srv        update:    - prompt 0x5d592bda25b0:   19986 tokens, checkpoints:  1,   619.403 MiB
srv        update:    - prompt 0x5d5929e1b5c0:     135 tokens, checkpoints:  0,    78.542 MiB
srv  get_availabl: prompt cache update took 20.78 ms
slot launch_slot_: id  0 | task -1 | sampler chain: logits -> ?penalties -> ?dry -> ?top-n-sigma -> top-k -> ?typical -> top-p -> min-p -> ?xtc -> ?temp-ext -> dist 
slot launch_slot_: id  0 | task 356 | processing task, is_child = 0
slot update_slots: id  0 | task 356 | new prompt, n_ctx_slot = 262144, n_keep = 0, task.n_tokens = 355
slot update_slots: id  0 | task 356 | n_past = 22, slot.prompt.tokens.size() = 135, seq_id = 0, pos_min = 134, n_swa = 1
slot update_slots: id  0 | task 356 | forcing full prompt re-processing due to lack of cache data (likely due to SWA or hybrid/recurrent memory, see https://github.com/ggml-org/llama.cpp/pull/13194#issuecomment-2868343055)
slot update_slots: id  0 | task 356 | n_tokens = 0, memory_seq_rm [0, end)
slot update_slots: id  0 | task 356 | prompt processing progress, n_tokens = 355, batch.n_tokens = 355, progress = 1.000000
slot update_slots: id  0 | task 356 | prompt done, n_tokens = 355, batch.n_tokens = 355
slot init_sampler: id  0 | task 356 | init sampler, took 0.03 ms, tokens: text = 355, total = 355
srv  params_from_: Chat format: Qwen3 Coder
slot get_availabl: id  2 | task -1 | selected slot by LRU, t_last = 6820425249
srv  get_availabl: updating prompt cache
srv   prompt_save:  - saving prompt with length 19805, total state size = 539.782 MiB
srv          load:  - looking for better prompt, base f_keep = 0.002, sim = 0.002
srv        update:  - cache state: 7 prompts, 2690.865 MiB (limits: 8192.000 MiB, 262144 tokens, 262144 est)
srv        update:    - prompt 0x5d592b1faf20:       9 tokens, checkpoints:  0,    75.587 MiB
srv        update:    - prompt 0x5d592c064420:   19704 tokens, checkpoints:  1,   612.790 MiB
srv        update:    - prompt 0x5d591f7b4ad0:     140 tokens, checkpoints:  0,    78.659 MiB
srv        update:    - prompt 0x5d592bda1a30:   19616 tokens, checkpoints:  1,   610.726 MiB
srv        update:    - prompt 0x5d592bda25b0:   19986 tokens, checkpoints:  1,   619.403 MiB
srv        update:    - prompt 0x5d5929e1b5c0:     135 tokens, checkpoints:  0,    78.542 MiB
srv        update:    - prompt 0x5d5929e59b00:   19805 tokens, checkpoints:  1,   615.158 MiB
srv  get_availabl: prompt cache update took 135.37 ms
slot launch_slot_: id  2 | task -1 | sampler chain: logits -> ?penalties -> ?dry -> ?top-n-sigma -> top-k -> ?typical -> top-p -> min-p -> ?xtc -> ?temp-ext -> dist 
slot launch_slot_: id  2 | task 358 | processing task, is_child = 0
slot update_slots: id  2 | task 358 | new prompt, n_ctx_slot = 262144, n_keep = 0, task.n_tokens = 19939
slot update_slots: id  2 | task 358 | n_past = 32, slot.prompt.tokens.size() = 19805, seq_id = 2, pos_min = 19804, n_swa = 1
slot update_slots: id  2 | task 358 | forcing full prompt re-processing due to lack of cache data (likely due to SWA or hybrid/recurrent memory, see https://github.com/ggml-org/llama.cpp/pull/13194#issuecomment-2868343055)
slot update_slots: id  2 | task 358 | erased invalidated context checkpoint (pos_min = 19203, pos_max = 19203, n_swa = 1, size = 75.376 MiB)
slot update_slots: id  2 | task 358 | n_tokens = 0, memory_seq_rm [0, end)
slot update_slots: id  2 | task 358 | prompt processing progress, n_tokens = 2047, batch.n_tokens = 2048, progress = 0.102663
slot update_slots: id  2 | task 358 | n_tokens = 2047, memory_seq_rm [2047, end)
slot update_slots: id  2 | task 358 | prompt processing progress, n_tokens = 4094, batch.n_tokens = 2048, progress = 0.205326
slot update_slots: id  2 | task 358 | n_tokens = 4094, memory_seq_rm [4094, end)
slot update_slots: id  2 | task 358 | prompt processing progress, n_tokens = 6141, batch.n_tokens = 2048, progress = 0.307989
slot update_slots: id  2 | task 358 | n_tokens = 6141, memory_seq_rm [6141, end)
slot update_slots: id  2 | task 358 | prompt processing progress, n_tokens = 8188, batch.n_tokens = 2048, progress = 0.410652
slot update_slots: id  2 | task 358 | n_tokens = 8188, memory_seq_rm [8188, end)
slot update_slots: id  2 | task 358 | prompt processing progress, n_tokens = 10235, batch.n_tokens = 2048, progress = 0.513316
slot update_slots: id  2 | task 358 | n_tokens = 10235, memory_seq_rm [10235, end)
slot update_slots: id  2 | task 358 | prompt processing progress, n_tokens = 12282, batch.n_tokens = 2048, progress = 0.615979
slot update_slots: id  2 | task 358 | n_tokens = 12282, memory_seq_rm [12282, end)
slot update_slots: id  2 | task 358 | prompt processing progress, n_tokens = 14329, batch.n_tokens = 2048, progress = 0.718642
slot update_slots: id  2 | task 358 | n_tokens = 14329, memory_seq_rm [14329, end)
slot update_slots: id  2 | task 358 | prompt processing progress, n_tokens = 16376, batch.n_tokens = 2048, progress = 0.821305
slot update_slots: id  2 | task 358 | n_tokens = 16376, memory_seq_rm [16376, end)
slot update_slots: id  2 | task 358 | prompt processing progress, n_tokens = 18423, batch.n_tokens = 2048, progress = 0.923968
slot update_slots: id  2 | task 358 | n_tokens = 18423, memory_seq_rm [18423, end)
slot update_slots: id  2 | task 358 | prompt processing progress, n_tokens = 19427, batch.n_tokens = 1005, progress = 0.974322
slot update_slots: id  2 | task 358 | n_tokens = 19427, memory_seq_rm [19427, end)
slot update_slots: id  2 | task 358 | prompt processing progress, n_tokens = 19939, batch.n_tokens = 513, progress = 1.000000
slot update_slots: id  2 | task 358 | prompt done, n_tokens = 19939, batch.n_tokens = 513
slot init_sampler: id  2 | task 358 | init sampler, took 1.49 ms, tokens: text = 19939, total = 19939
slot update_slots: id  2 | task 358 | created context checkpoint 1 of 8 (pos_min = 19426, pos_max = 19426, size = 75.376 MiB)
slot print_timing: id  0 | task 356 | 
prompt eval time =     176.81 ms /   355 tokens (    0.50 ms per token,  2007.83 tokens per second)
       eval time =    8080.34 ms /    23 tokens (  351.32 ms per token,     2.85 tokens per second)
      total time =    8257.15 ms /   378 tokens
slot      release: id  0 | task 356 | stop processing: n_tokens = 377, truncated = 0
srv  log_server_r: done request: POST /v1/messages 127.0.0.1 200
slot print_timing: id  2 | task 358 | 
prompt eval time =    7704.62 ms / 19939 tokens (    0.39 ms per token,  2587.93 tokens per second)
       eval time =    1316.06 ms /    99 tokens (   13.29 ms per token,    75.22 tokens per second)
      total time =    9020.67 ms / 20038 tokens
slot      release: id  2 | task 358 | stop processing: n_tokens = 20037, truncated = 0
srv  update_slots: all slots are idle
srv  log_server_r: done request: POST /v1/messages 127.0.0.1 200
srv  params_from_: Chat format: Qwen3 Coder
slot get_availabl: id  1 | task -1 | selected slot by LRU, t_last = 6829251969
srv  get_availabl: updating prompt cache
srv   prompt_save:  - saving prompt with length 358, total state size = 83.771 MiB
srv          load:  - looking for better prompt, base f_keep = 0.095, sim = 0.061
srv        update:  - cache state: 8 prompts, 2774.636 MiB (limits: 8192.000 MiB, 262144 tokens, 262144 est)
srv        update:    - prompt 0x5d592b1faf20:       9 tokens, checkpoints:  0,    75.587 MiB
srv        update:    - prompt 0x5d592c064420:   19704 tokens, checkpoints:  1,   612.790 MiB
srv        update:    - prompt 0x5d591f7b4ad0:     140 tokens, checkpoints:  0,    78.659 MiB
srv        update:    - prompt 0x5d592bda1a30:   19616 tokens, checkpoints:  1,   610.726 MiB
srv        update:    - prompt 0x5d592bda25b0:   19986 tokens, checkpoints:  1,   619.403 MiB
srv        update:    - prompt 0x5d5929e1b5c0:     135 tokens, checkpoints:  0,    78.542 MiB
srv        update:    - prompt 0x5d5929e59b00:   19805 tokens, checkpoints:  1,   615.158 MiB
srv        update:    - prompt 0x5d58ff693500:     358 tokens, checkpoints:  0,    83.771 MiB
srv  get_availabl: prompt cache update took 23.31 ms
slot launch_slot_: id  1 | task -1 | sampler chain: logits -> ?penalties -> ?dry -> ?top-n-sigma -> top-k -> ?typical -> top-p -> min-p -> ?xtc -> ?temp-ext -> dist 
slot launch_slot_: id  1 | task 468 | processing task, is_child = 0
slot update_slots: id  1 | task 468 | new prompt, n_ctx_slot = 262144, n_keep = 0, task.n_tokens = 558
slot update_slots: id  1 | task 468 | n_past = 34, slot.prompt.tokens.size() = 358, seq_id = 1, pos_min = 357, n_swa = 1
slot update_slots: id  1 | task 468 | forcing full prompt re-processing due to lack of cache data (likely due to SWA or hybrid/recurrent memory, see https://github.com/ggml-org/llama.cpp/pull/13194#issuecomment-2868343055)
slot update_slots: id  1 | task 468 | n_tokens = 0, memory_seq_rm [0, end)
slot update_slots: id  1 | task 468 | prompt processing progress, n_tokens = 46, batch.n_tokens = 46, progress = 0.082437
srv  params_from_: Chat format: Qwen3 Coder
slot get_availabl: id  3 | task -1 | selected slot by LRU, t_last = 6830200262
srv  get_availabl: updating prompt cache
srv   prompt_save:  - saving prompt with length 19893, total state size = 541.846 MiB
srv          load:  - looking for better prompt, base f_keep = 0.002, sim = 0.002
srv        update:  - cache state: 9 prompts, 3391.858 MiB (limits: 8192.000 MiB, 262144 tokens, 262144 est)
srv        update:    - prompt 0x5d592b1faf20:       9 tokens, checkpoints:  0,    75.587 MiB
srv        update:    - prompt 0x5d592c064420:   19704 tokens, checkpoints:  1,   612.790 MiB
srv        update:    - prompt 0x5d591f7b4ad0:     140 tokens, checkpoints:  0,    78.659 MiB
srv        update:    - prompt 0x5d592bda1a30:   19616 tokens, checkpoints:  1,   610.726 MiB
srv        update:    - prompt 0x5d592bda25b0:   19986 tokens, checkpoints:  1,   619.403 MiB
srv        update:    - prompt 0x5d5929e1b5c0:     135 tokens, checkpoints:  0,    78.542 MiB
srv        update:    - prompt 0x5d5929e59b00:   19805 tokens, checkpoints:  1,   615.158 MiB
srv        update:    - prompt 0x5d58ff693500:     358 tokens, checkpoints:  0,    83.771 MiB
srv        update:    - prompt 0x5d592b17bc90:   19893 tokens, checkpoints:  1,   617.222 MiB
srv  get_availabl: prompt cache update took 137.45 ms
slot launch_slot_: id  3 | task -1 | sampler chain: logits -> ?penalties -> ?dry -> ?top-n-sigma -> top-k -> ?typical -> top-p -> min-p -> ?xtc -> ?temp-ext -> dist 
slot launch_slot_: id  3 | task 470 | processing task, is_child = 0
slot update_slots: id  1 | task 468 | n_tokens = 46, memory_seq_rm [46, end)
slot update_slots: id  1 | task 468 | prompt processing progress, n_tokens = 558, batch.n_tokens = 512, progress = 1.000000
slot update_slots: id  1 | task 468 | prompt done, n_tokens = 558, batch.n_tokens = 512
slot init_sampler: id  1 | task 468 | init sampler, took 0.04 ms, tokens: text = 558, total = 558
slot update_slots: id  3 | task 470 | new prompt, n_ctx_slot = 262144, n_keep = 0, task.n_tokens = 20282
slot update_slots: id  3 | task 470 | n_past = 32, slot.prompt.tokens.size() = 19893, seq_id = 3, pos_min = 19892, n_swa = 1
slot update_slots: id  3 | task 470 | forcing full prompt re-processing due to lack of cache data (likely due to SWA or hybrid/recurrent memory, see https://github.com/ggml-org/llama.cpp/pull/13194#issuecomment-2868343055)
slot update_slots: id  3 | task 470 | erased invalidated context checkpoint (pos_min = 19294, pos_max = 19294, n_swa = 1, size = 75.376 MiB)
slot update_slots: id  3 | task 470 | n_tokens = 0, memory_seq_rm [0, end)
slot update_slots: id  3 | task 470 | prompt processing progress, n_tokens = 1536, batch.n_tokens = 2048, progress = 0.075732
slot update_slots: id  3 | task 470 | n_tokens = 1536, memory_seq_rm [1536, end)
slot update_slots: id  3 | task 470 | prompt processing progress, n_tokens = 3583, batch.n_tokens = 2048, progress = 0.176659
slot update_slots: id  3 | task 470 | n_tokens = 3583, memory_seq_rm [3583, end)
slot update_slots: id  3 | task 470 | prompt processing progress, n_tokens = 5630, batch.n_tokens = 2048, progress = 0.277586
slot update_slots: id  3 | task 470 | n_tokens = 5630, memory_seq_rm [5630, end)
slot update_slots: id  3 | task 470 | prompt processing progress, n_tokens = 7677, batch.n_tokens = 2048, progress = 0.378513
slot update_slots: id  3 | task 470 | n_tokens = 7677, memory_seq_rm [7677, end)
slot update_slots: id  3 | task 470 | prompt processing progress, n_tokens = 9724, batch.n_tokens = 2048, progress = 0.479440
slot update_slots: id  3 | task 470 | n_tokens = 9724, memory_seq_rm [9724, end)
slot update_slots: id  3 | task 470 | prompt processing progress, n_tokens = 11771, batch.n_tokens = 2048, progress = 0.580367
slot update_slots: id  3 | task 470 | n_tokens = 11771, memory_seq_rm [11771, end)
slot update_slots: id  3 | task 470 | prompt processing progress, n_tokens = 13818, batch.n_tokens = 2048, progress = 0.681294
slot update_slots: id  3 | task 470 | n_tokens = 13818, memory_seq_rm [13818, end)
slot update_slots: id  3 | task 470 | prompt processing progress, n_tokens = 15865, batch.n_tokens = 2048, progress = 0.782221
slot update_slots: id  3 | task 470 | n_tokens = 15865, memory_seq_rm [15865, end)
slot update_slots: id  3 | task 470 | prompt processing progress, n_tokens = 17912, batch.n_tokens = 2048, progress = 0.883148
slot update_slots: id  3 | task 470 | n_tokens = 17912, memory_seq_rm [17912, end)
slot update_slots: id  3 | task 470 | prompt processing progress, n_tokens = 19770, batch.n_tokens = 1859, progress = 0.974756
slot update_slots: id  3 | task 470 | n_tokens = 19770, memory_seq_rm [19770, end)
slot update_slots: id  3 | task 470 | prompt processing progress, n_tokens = 20282, batch.n_tokens = 513, progress = 1.000000
slot update_slots: id  3 | task 470 | prompt done, n_tokens = 20282, batch.n_tokens = 513
slot init_sampler: id  3 | task 470 | init sampler, took 1.52 ms, tokens: text = 20282, total = 20282
slot update_slots: id  3 | task 470 | created context checkpoint 1 of 8 (pos_min = 19769, pos_max = 19769, size = 75.376 MiB)
slot print_timing: id  1 | task 468 | 
prompt eval time =     947.98 ms /   558 tokens (    1.70 ms per token,   588.62 tokens per second)
       eval time =    7555.97 ms /    23 tokens (  328.52 ms per token,     3.04 tokens per second)
      total time =    8503.95 ms /   581 tokens
slot      release: id  1 | task 468 | stop processing: n_tokens = 580, truncated = 0
srv  log_server_r: done request: POST /v1/messages 127.0.0.1 200
slot print_timing: id  3 | task 470 | 
prompt eval time =    8060.81 ms / 20282 tokens (    0.40 ms per token,  2516.12 tokens per second)
       eval time =    1557.57 ms /   117 tokens (   13.31 ms per token,    75.12 tokens per second)
      total time =    9618.38 ms / 20399 tokens
slot      release: id  3 | task 470 | stop processing: n_tokens = 20398, truncated = 0
srv  update_slots: all slots are idle
srv  log_server_r: done request: POST /v1/messages 127.0.0.1 200
srv  params_from_: Chat format: Qwen3 Coder
slot get_availabl: id  0 | task -1 | selected slot by LRU, t_last = 6845750974
srv  get_availabl: updating prompt cache
srv   prompt_save:  - saving prompt with length 377, total state size = 84.216 MiB
srv          load:  - looking for better prompt, base f_keep = 0.053, sim = 0.001
srv        update:  - cache state: 10 prompts, 3476.074 MiB (limits: 8192.000 MiB, 262144 tokens, 262144 est)
srv        update:    - prompt 0x5d592b1faf20:       9 tokens, checkpoints:  0,    75.587 MiB
srv        update:    - prompt 0x5d592c064420:   19704 tokens, checkpoints:  1,   612.790 MiB
srv        update:    - prompt 0x5d591f7b4ad0:     140 tokens, checkpoints:  0,    78.659 MiB
srv        update:    - prompt 0x5d592bda1a30:   19616 tokens, checkpoints:  1,   610.726 MiB
srv        update:    - prompt 0x5d592bda25b0:   19986 tokens, checkpoints:  1,   619.403 MiB
srv        update:    - prompt 0x5d5929e1b5c0:     135 tokens, checkpoints:  0,    78.542 MiB
srv        update:    - prompt 0x5d5929e59b00:   19805 tokens, checkpoints:  1,   615.158 MiB
srv        update:    - prompt 0x5d58ff693500:     358 tokens, checkpoints:  0,    83.771 MiB
srv        update:    - prompt 0x5d592b17bc90:   19893 tokens, checkpoints:  1,   617.222 MiB
srv        update:    - prompt 0x5d592c0638a0:     377 tokens, checkpoints:  0,    84.216 MiB
srv  get_availabl: prompt cache update took 23.84 ms
slot launch_slot_: id  0 | task -1 | sampler chain: logits -> ?penalties -> ?dry -> ?top-n-sigma -> top-k -> ?typical -> top-p -> min-p -> ?xtc -> ?temp-ext -> dist 
slot launch_slot_: id  0 | task 598 | processing task, is_child = 0
slot update_slots: id  0 | task 598 | new prompt, n_ctx_slot = 262144, n_keep = 0, task.n_tokens = 20673
slot update_slots: id  0 | task 598 | n_past = 20, slot.prompt.tokens.size() = 377, seq_id = 0, pos_min = 376, n_swa = 1
slot update_slots: id  0 | task 598 | forcing full prompt re-processing due to lack of cache data (likely due to SWA or hybrid/recurrent memory, see https://github.com/ggml-org/llama.cpp/pull/13194#issuecomment-2868343055)
slot update_slots: id  0 | task 598 | n_tokens = 0, memory_seq_rm [0, end)
slot update_slots: id  0 | task 598 | prompt processing progress, n_tokens = 2048, batch.n_tokens = 2048, progress = 0.099066
slot update_slots: id  0 | task 598 | n_tokens = 2048, memory_seq_rm [2048, end)
slot update_slots: id  0 | task 598 | prompt processing progress, n_tokens = 4096, batch.n_tokens = 2048, progress = 0.198133
slot update_slots: id  0 | task 598 | n_tokens = 4096, memory_seq_rm [4096, end)
slot update_slots: id  0 | task 598 | prompt processing progress, n_tokens = 6144, batch.n_tokens = 2048, progress = 0.297199
slot update_slots: id  0 | task 598 | n_tokens = 6144, memory_seq_rm [6144, end)
slot update_slots: id  0 | task 598 | prompt processing progress, n_tokens = 8192, batch.n_tokens = 2048, progress = 0.396266
slot update_slots: id  0 | task 598 | n_tokens = 8192, memory_seq_rm [8192, end)
slot update_slots: id  0 | task 598 | prompt processing progress, n_tokens = 10240, batch.n_tokens = 2048, progress = 0.495332
slot update_slots: id  0 | task 598 | n_tokens = 10240, memory_seq_rm [10240, end)
slot update_slots: id  0 | task 598 | prompt processing progress, n_tokens = 12288, batch.n_tokens = 2048, progress = 0.594398
slot update_slots: id  0 | task 598 | n_tokens = 12288, memory_seq_rm [12288, end)
slot update_slots: id  0 | task 598 | prompt processing progress, n_tokens = 14336, batch.n_tokens = 2048, progress = 0.693465
slot update_slots: id  0 | task 598 | n_tokens = 14336, memory_seq_rm [14336, end)
slot update_slots: id  0 | task 598 | prompt processing progress, n_tokens = 16384, batch.n_tokens = 2048, progress = 0.792531
slot update_slots: id  0 | task 598 | n_tokens = 16384, memory_seq_rm [16384, end)
slot update_slots: id  0 | task 598 | prompt processing progress, n_tokens = 18432, batch.n_tokens = 2048, progress = 0.891598
slot update_slots: id  0 | task 598 | n_tokens = 18432, memory_seq_rm [18432, end)
slot update_slots: id  0 | task 598 | prompt processing progress, n_tokens = 20161, batch.n_tokens = 1729, progress = 0.975233
slot update_slots: id  0 | task 598 | n_tokens = 20161, memory_seq_rm [20161, end)
slot update_slots: id  0 | task 598 | prompt processing progress, n_tokens = 20673, batch.n_tokens = 512, progress = 1.000000
slot update_slots: id  0 | task 598 | prompt done, n_tokens = 20673, batch.n_tokens = 512
slot init_sampler: id  0 | task 598 | init sampler, took 1.54 ms, tokens: text = 20673, total = 20673
slot update_slots: id  0 | task 598 | created context checkpoint 1 of 8 (pos_min = 20160, pos_max = 20160, size = 75.376 MiB)
slot print_timing: id  0 | task 598 | 
prompt eval time =    8114.43 ms / 20673 tokens (    0.39 ms per token,  2547.68 tokens per second)
       eval time =     117.68 ms /    10 tokens (   11.77 ms per token,    84.98 tokens per second)
      total time =    8232.11 ms / 20683 tokens
slot      release: id  0 | task 598 | stop processing: n_tokens = 20682, truncated = 0
srv  update_slots: all slots are idle
srv  log_server_r: done request: POST /v1/messages 127.0.0.1 200
srv  params_from_: Chat format: Qwen3 Coder
slot get_availabl: id  0 | task -1 | selected slot by LCP similarity, sim_best = 0.148 (> 0.100 thold), f_keep = 0.001
srv  get_availabl: updating prompt cache
srv   prompt_save:  - saving prompt with length 20682, total state size = 560.347 MiB
srv  params_from_: Chat format: Qwen3 Coder
srv          load:  - looking for better prompt, base f_keep = 0.001, sim = 0.148
srv        update:  - cache state: 11 prompts, 4111.797 MiB (limits: 8192.000 MiB, 262144 tokens, 262144 est)
srv        update:    - prompt 0x5d592b1faf20:       9 tokens, checkpoints:  0,    75.587 MiB
srv        update:    - prompt 0x5d592c064420:   19704 tokens, checkpoints:  1,   612.790 MiB
srv        update:    - prompt 0x5d591f7b4ad0:     140 tokens, checkpoints:  0,    78.659 MiB
srv        update:    - prompt 0x5d592bda1a30:   19616 tokens, checkpoints:  1,   610.726 MiB
srv        update:    - prompt 0x5d592bda25b0:   19986 tokens, checkpoints:  1,   619.403 MiB
srv        update:    - prompt 0x5d5929e1b5c0:     135 tokens, checkpoints:  0,    78.542 MiB
srv        update:    - prompt 0x5d5929e59b00:   19805 tokens, checkpoints:  1,   615.158 MiB
srv        update:    - prompt 0x5d58ff693500:     358 tokens, checkpoints:  0,    83.771 MiB
srv        update:    - prompt 0x5d592b17bc90:   19893 tokens, checkpoints:  1,   617.222 MiB
srv        update:    - prompt 0x5d592c0638a0:     377 tokens, checkpoints:  0,    84.216 MiB
srv        update:    - prompt 0x5d592cbb9e60:   20682 tokens, checkpoints:  1,   635.723 MiB
srv  get_availabl: prompt cache update took 137.94 ms
slot launch_slot_: id  0 | task -1 | sampler chain: logits -> ?penalties -> ?dry -> ?top-n-sigma -> top-k -> ?typical -> top-p -> min-p -> ?xtc -> ?temp-ext -> dist 
slot launch_slot_: id  0 | task 619 | processing task, is_child = 0
slot get_availabl: id  2 | task -1 | selected slot by LRU, t_last = 6846827565
srv  get_availabl: updating prompt cache
srv   prompt_save:  - saving prompt with length 20037, total state size = 545.223 MiB
srv          load:  - looking for better prompt, base f_keep = 0.002, sim = 0.002
srv        update:  - cache state: 12 prompts, 4732.396 MiB (limits: 8192.000 MiB, 262144 tokens, 262144 est)
srv        update:    - prompt 0x5d592b1faf20:       9 tokens, checkpoints:  0,    75.587 MiB
srv        update:    - prompt 0x5d592c064420:   19704 tokens, checkpoints:  1,   612.790 MiB
srv        update:    - prompt 0x5d591f7b4ad0:     140 tokens, checkpoints:  0,    78.659 MiB
srv        update:    - prompt 0x5d592bda1a30:   19616 tokens, checkpoints:  1,   610.726 MiB
srv        update:    - prompt 0x5d592bda25b0:   19986 tokens, checkpoints:  1,   619.403 MiB
srv        update:    - prompt 0x5d5929e1b5c0:     135 tokens, checkpoints:  0,    78.542 MiB
srv        update:    - prompt 0x5d5929e59b00:   19805 tokens, checkpoints:  1,   615.158 MiB
srv        update:    - prompt 0x5d58ff693500:     358 tokens, checkpoints:  0,    83.771 MiB
srv        update:    - prompt 0x5d592b17bc90:   19893 tokens, checkpoints:  1,   617.222 MiB
srv        update:    - prompt 0x5d592c0638a0:     377 tokens, checkpoints:  0,    84.216 MiB
srv        update:    - prompt 0x5d592cbb9e60:   20682 tokens, checkpoints:  1,   635.723 MiB
srv        update:    - prompt 0x5d592b17c210:   20037 tokens, checkpoints:  1,   620.598 MiB
srv  get_availabl: prompt cache update took 142.86 ms
slot launch_slot_: id  2 | task -1 | sampler chain: logits -> ?penalties -> ?dry -> ?top-n-sigma -> top-k -> ?typical -> top-p -> min-p -> ?xtc -> ?temp-ext -> dist 
slot launch_slot_: id  2 | task 620 | processing task, is_child = 0
slot update_slots: id  0 | task 619 | new prompt, n_ctx_slot = 262144, n_keep = 0, task.n_tokens = 135
slot update_slots: id  0 | task 619 | n_past = 20, slot.prompt.tokens.size() = 20682, seq_id = 0, pos_min = 20681, n_swa = 1
slot update_slots: id  0 | task 619 | forcing full prompt re-processing due to lack of cache data (likely due to SWA or hybrid/recurrent memory, see https://github.com/ggml-org/llama.cpp/pull/13194#issuecomment-2868343055)
slot update_slots: id  0 | task 619 | erased invalidated context checkpoint (pos_min = 20160, pos_max = 20160, n_swa = 1, size = 75.376 MiB)
slot update_slots: id  0 | task 619 | n_tokens = 0, memory_seq_rm [0, end)
slot update_slots: id  0 | task 619 | prompt processing progress, n_tokens = 135, batch.n_tokens = 135, progress = 1.000000
slot update_slots: id  0 | task 619 | prompt done, n_tokens = 135, batch.n_tokens = 135
slot init_sampler: id  0 | task 619 | init sampler, took 0.01 ms, tokens: text = 135, total = 135
slot update_slots: id  2 | task 620 | new prompt, n_ctx_slot = 262144, n_keep = 0, task.n_tokens = 20420
slot update_slots: id  2 | task 620 | n_past = 32, slot.prompt.tokens.size() = 20037, seq_id = 2, pos_min = 20036, n_swa = 1
slot update_slots: id  2 | task 620 | forcing full prompt re-processing due to lack of cache data (likely due to SWA or hybrid/recurrent memory, see https://github.com/ggml-org/llama.cpp/pull/13194#issuecomment-2868343055)
slot update_slots: id  2 | task 620 | erased invalidated context checkpoint (pos_min = 19426, pos_max = 19426, n_swa = 1, size = 75.376 MiB)
slot update_slots: id  2 | task 620 | n_tokens = 0, memory_seq_rm [0, end)
slot update_slots: id  2 | task 620 | prompt processing progress, n_tokens = 1913, batch.n_tokens = 2048, progress = 0.093683
slot update_slots: id  2 | task 620 | n_tokens = 1913, memory_seq_rm [1913, end)
slot update_slots: id  2 | task 620 | prompt processing progress, n_tokens = 3960, batch.n_tokens = 2048, progress = 0.193928
slot update_slots: id  2 | task 620 | n_tokens = 3960, memory_seq_rm [3960, end)
slot update_slots: id  2 | task 620 | prompt processing progress, n_tokens = 6007, batch.n_tokens = 2048, progress = 0.294172
slot update_slots: id  2 | task 620 | n_tokens = 6007, memory_seq_rm [6007, end)
slot update_slots: id  2 | task 620 | prompt processing progress, n_tokens = 8054, batch.n_tokens = 2048, progress = 0.394417
slot update_slots: id  2 | task 620 | n_tokens = 8054, memory_seq_rm [8054, end)
slot update_slots: id  2 | task 620 | prompt processing progress, n_tokens = 10101, batch.n_tokens = 2048, progress = 0.494662
slot update_slots: id  2 | task 620 | n_tokens = 10101, memory_seq_rm [10101, end)
slot update_slots: id  2 | task 620 | prompt processing progress, n_tokens = 12148, batch.n_tokens = 2048, progress = 0.594907
slot update_slots: id  2 | task 620 | n_tokens = 12148, memory_seq_rm [12148, end)
slot update_slots: id  2 | task 620 | prompt processing progress, n_tokens = 14195, batch.n_tokens = 2048, progress = 0.695152
slot update_slots: id  2 | task 620 | n_tokens = 14195, memory_seq_rm [14195, end)
slot update_slots: id  2 | task 620 | prompt processing progress, n_tokens = 16242, batch.n_tokens = 2048, progress = 0.795397
slot update_slots: id  2 | task 620 | n_tokens = 16242, memory_seq_rm [16242, end)
slot update_slots: id  2 | task 620 | prompt processing progress, n_tokens = 18289, batch.n_tokens = 2048, progress = 0.895642
slot update_slots: id  2 | task 620 | n_tokens = 18289, memory_seq_rm [18289, end)
slot update_slots: id  2 | task 620 | prompt processing progress, n_tokens = 19908, batch.n_tokens = 1620, progress = 0.974927
slot update_slots: id  2 | task 620 | n_tokens = 19908, memory_seq_rm [19908, end)
slot update_slots: id  2 | task 620 | prompt processing progress, n_tokens = 20420, batch.n_tokens = 513, progress = 1.000000
slot update_slots: id  2 | task 620 | prompt done, n_tokens = 20420, batch.n_tokens = 513
slot init_sampler: id  2 | task 620 | init sampler, took 1.52 ms, tokens: text = 20420, total = 20420
slot update_slots: id  2 | task 620 | created context checkpoint 1 of 8 (pos_min = 19907, pos_max = 19907, size = 75.376 MiB)
slot print_timing: id  0 | task 619 | 
prompt eval time =     828.73 ms /   135 tokens (    6.14 ms per token,   162.90 tokens per second)
       eval time =    7495.43 ms /    23 tokens (  325.89 ms per token,     3.07 tokens per second)
      total time =    8324.16 ms /   158 tokens
slot      release: id  0 | task 619 | stop processing: n_tokens = 157, truncated = 0
srv  log_server_r: done request: POST /v1/messages 127.0.0.1 200
slot print_timing: id  2 | task 620 | 
prompt eval time =    8057.20 ms / 20420 tokens (    0.39 ms per token,  2534.38 tokens per second)
       eval time =    1778.49 ms /   134 tokens (   13.27 ms per token,    75.34 tokens per second)
      total time =    9835.69 ms / 20554 tokens
slot      release: id  2 | task 620 | stop processing: n_tokens = 20553, truncated = 0
srv  update_slots: all slots are idle
srv  log_server_r: done request: POST /v1/messages 127.0.0.1 200
srv  params_from_: Chat format: Qwen3 Coder
srv  params_from_: Chat format: Qwen3 Coder
srv  params_from_: Chat format: Qwen3 Coder
slot get_availabl: id  1 | task -1 | selected slot by LRU, t_last = 6855378265
srv  get_availabl: updating prompt cache
srv   prompt_save:  - saving prompt with length 580, total state size = 88.977 MiB
srv  params_from_: Chat format: Qwen3 Coder
srv          load:  - looking for better prompt, base f_keep = 0.034, sim = 0.022
srv        update:  - cache state: 13 prompts, 4821.372 MiB (limits: 8192.000 MiB, 262144 tokens, 262144 est)
srv        update:    - prompt 0x5d592b1faf20:       9 tokens, checkpoints:  0,    75.587 MiB
srv        update:    - prompt 0x5d592c064420:   19704 tokens, checkpoints:  1,   612.790 MiB
srv        update:    - prompt 0x5d591f7b4ad0:     140 tokens, checkpoints:  0,    78.659 MiB
srv        update:    - prompt 0x5d592bda1a30:   19616 tokens, checkpoints:  1,   610.726 MiB
srv        update:    - prompt 0x5d592bda25b0:   19986 tokens, checkpoints:  1,   619.403 MiB
srv        update:    - prompt 0x5d5929e1b5c0:     135 tokens, checkpoints:  0,    78.542 MiB
srv        update:    - prompt 0x5d5929e59b00:   19805 tokens, checkpoints:  1,   615.158 MiB
srv        update:    - prompt 0x5d58ff693500:     358 tokens, checkpoints:  0,    83.771 MiB
srv        update:    - prompt 0x5d592b17bc90:   19893 tokens, checkpoints:  1,   617.222 MiB
srv        update:    - prompt 0x5d592c0638a0:     377 tokens, checkpoints:  0,    84.216 MiB
srv        update:    - prompt 0x5d592cbb9e60:   20682 tokens, checkpoints:  1,   635.723 MiB
srv        update:    - prompt 0x5d592b17c210:   20037 tokens, checkpoints:  1,   620.598 MiB
srv        update:    - prompt 0x5d58ff710e30:     580 tokens, checkpoints:  0,    88.977 MiB
srv  get_availabl: prompt cache update took 24.30 ms
slot launch_slot_: id  1 | task -1 | sampler chain: logits -> ?penalties -> ?dry -> ?top-n-sigma -> top-k -> ?typical -> top-p -> min-p -> ?xtc -> ?temp-ext -> dist 
slot launch_slot_: id  1 | task 765 | processing task, is_child = 0
slot get_availabl: id  3 | task -1 | selected slot by LRU, t_last = 6856672444
srv  get_availabl: updating prompt cache
srv   prompt_save:  - saving prompt with length 20398, total state size = 553.688 MiB
srv          load:  - looking for better prompt, base f_keep = 0.001, sim = 0.025
srv        update:  - cache state: 14 prompts, 5450.436 MiB (limits: 8192.000 MiB, 262144 tokens, 262144 est)
srv        update:    - prompt 0x5d592b1faf20:       9 tokens, checkpoints:  0,    75.587 MiB
srv        update:    - prompt 0x5d592c064420:   19704 tokens, checkpoints:  1,   612.790 MiB
srv        update:    - prompt 0x5d591f7b4ad0:     140 tokens, checkpoints:  0,    78.659 MiB
srv        update:    - prompt 0x5d592bda1a30:   19616 tokens, checkpoints:  1,   610.726 MiB
srv        update:    - prompt 0x5d592bda25b0:   19986 tokens, checkpoints:  1,   619.403 MiB
srv        update:    - prompt 0x5d5929e1b5c0:     135 tokens, checkpoints:  0,    78.542 MiB
srv        update:    - prompt 0x5d5929e59b00:   19805 tokens, checkpoints:  1,   615.158 MiB
srv        update:    - prompt 0x5d58ff693500:     358 tokens, checkpoints:  0,    83.771 MiB
srv        update:    - prompt 0x5d592b17bc90:   19893 tokens, checkpoints:  1,   617.222 MiB
srv        update:    - prompt 0x5d592c0638a0:     377 tokens, checkpoints:  0,    84.216 MiB
srv        update:    - prompt 0x5d592cbb9e60:   20682 tokens, checkpoints:  1,   635.723 MiB
srv        update:    - prompt 0x5d592b17c210:   20037 tokens, checkpoints:  1,   620.598 MiB
srv        update:    - prompt 0x5d58ff710e30:     580 tokens, checkpoints:  0,    88.977 MiB
srv        update:    - prompt 0x5d5929e35b50:   20398 tokens, checkpoints:  1,   629.064 MiB
srv  get_availabl: prompt cache update took 141.33 ms
slot launch_slot_: id  3 | task -1 | sampler chain: logits -> ?penalties -> ?dry -> ?top-n-sigma -> top-k -> ?typical -> top-p -> min-p -> ?xtc -> ?temp-ext -> dist 
slot launch_slot_: id  3 | task 766 | processing task, is_child = 0
slot get_availabl: id  0 | task -1 | selected slot by LRU, t_last = 6878185187
srv  get_availabl: updating prompt cache
srv   prompt_save:  - saving prompt with length 157, total state size = 79.058 MiB
srv          load:  - looking for better prompt, base f_keep = 0.127, sim = 0.025
srv        update:  - cache state: 15 prompts, 5529.493 MiB (limits: 8192.000 MiB, 262144 tokens, 262144 est)
srv        update:    - prompt 0x5d592b1faf20:       9 tokens, checkpoints:  0,    75.587 MiB
srv        update:    - prompt 0x5d592c064420:   19704 tokens, checkpoints:  1,   612.790 MiB
srv        update:    - prompt 0x5d591f7b4ad0:     140 tokens, checkpoints:  0,    78.659 MiB
srv        update:    - prompt 0x5d592bda1a30:   19616 tokens, checkpoints:  1,   610.726 MiB
srv        update:    - prompt 0x5d592bda25b0:   19986 tokens, checkpoints:  1,   619.403 MiB
srv        update:    - prompt 0x5d5929e1b5c0:     135 tokens, checkpoints:  0,    78.542 MiB
srv        update:    - prompt 0x5d5929e59b00:   19805 tokens, checkpoints:  1,   615.158 MiB
srv        update:    - prompt 0x5d58ff693500:     358 tokens, checkpoints:  0,    83.771 MiB
srv        update:    - prompt 0x5d592b17bc90:   19893 tokens, checkpoints:  1,   617.222 MiB
srv        update:    - prompt 0x5d592c0638a0:     377 tokens, checkpoints:  0,    84.216 MiB
srv        update:    - prompt 0x5d592cbb9e60:   20682 tokens, checkpoints:  1,   635.723 MiB
srv        update:    - prompt 0x5d592b17c210:   20037 tokens, checkpoints:  1,   620.598 MiB
srv        update:    - prompt 0x5d58ff710e30:     580 tokens, checkpoints:  0,    88.977 MiB
srv        update:    - prompt 0x5d5929e35b50:   20398 tokens, checkpoints:  1,   629.064 MiB
srv        update:    - prompt 0x5d592ae1b4b0:     157 tokens, checkpoints:  0,    79.058 MiB
srv  get_availabl: prompt cache update took 26.95 ms
slot launch_slot_: id  0 | task -1 | sampler chain: logits -> ?penalties -> ?dry -> ?top-n-sigma -> top-k -> ?typical -> top-p -> min-p -> ?xtc -> ?temp-ext -> dist 
slot launch_slot_: id  0 | task 767 | processing task, is_child = 0
slot get_availabl: id  2 | task -1 | selected slot by LRU, t_last = 6879700117
srv  get_availabl: updating prompt cache
srv   prompt_save:  - saving prompt with length 20553, total state size = 557.322 MiB
srv          load:  - looking for better prompt, base f_keep = 0.001, sim = 0.022
srv        update:  - cache state: 16 prompts, 6162.192 MiB (limits: 8192.000 MiB, 262144 tokens, 262144 est)
srv        update:    - prompt 0x5d592b1faf20:       9 tokens, checkpoints:  0,    75.587 MiB
srv        update:    - prompt 0x5d592c064420:   19704 tokens, checkpoints:  1,   612.790 MiB
srv        update:    - prompt 0x5d591f7b4ad0:     140 tokens, checkpoints:  0,    78.659 MiB
srv        update:    - prompt 0x5d592bda1a30:   19616 tokens, checkpoints:  1,   610.726 MiB
srv        update:    - prompt 0x5d592bda25b0:   19986 tokens, checkpoints:  1,   619.403 MiB
srv        update:    - prompt 0x5d5929e1b5c0:     135 tokens, checkpoints:  0,    78.542 MiB
srv        update:    - prompt 0x5d5929e59b00:   19805 tokens, checkpoints:  1,   615.158 MiB
srv        update:    - prompt 0x5d58ff693500:     358 tokens, checkpoints:  0,    83.771 MiB
srv        update:    - prompt 0x5d592b17bc90:   19893 tokens, checkpoints:  1,   617.222 MiB
srv        update:    - prompt 0x5d592c0638a0:     377 tokens, checkpoints:  0,    84.216 MiB
srv        update:    - prompt 0x5d592cbb9e60:   20682 tokens, checkpoints:  1,   635.723 MiB
srv        update:    - prompt 0x5d592b17c210:   20037 tokens, checkpoints:  1,   620.598 MiB
srv        update:    - prompt 0x5d58ff710e30:     580 tokens, checkpoints:  0,    88.977 MiB
srv        update:    - prompt 0x5d5929e35b50:   20398 tokens, checkpoints:  1,   629.064 MiB
srv        update:    - prompt 0x5d592ae1b4b0:     157 tokens, checkpoints:  0,    79.058 MiB
srv        update:    - prompt 0x5d5929e33760:   20553 tokens, checkpoints:  1,   632.698 MiB
srv  get_availabl: prompt cache update took 191.13 ms
slot launch_slot_: id  2 | task -1 | sampler chain: logits -> ?penalties -> ?dry -> ?top-n-sigma -> top-k -> ?typical -> top-p -> min-p -> ?xtc -> ?temp-ext -> dist 
slot launch_slot_: id  2 | task 768 | processing task, is_child = 0
slot update_slots: id  0 | task 767 | new prompt, n_ctx_slot = 262144, n_keep = 0, task.n_tokens = 810
slot update_slots: id  0 | task 767 | n_past = 20, slot.prompt.tokens.size() = 157, seq_id = 0, pos_min = 156, n_swa = 1
slot update_slots: id  0 | task 767 | forcing full prompt re-processing due to lack of cache data (likely due to SWA or hybrid/recurrent memory, see https://github.com/ggml-org/llama.cpp/pull/13194#issuecomment-2868343055)
slot update_slots: id  0 | task 767 | n_tokens = 0, memory_seq_rm [0, end)
slot update_slots: id  0 | task 767 | prompt processing progress, n_tokens = 298, batch.n_tokens = 298, progress = 0.367901
slot update_slots: id  1 | task 765 | new prompt, n_ctx_slot = 262144, n_keep = 0, task.n_tokens = 906
slot update_slots: id  1 | task 765 | n_past = 20, slot.prompt.tokens.size() = 580, seq_id = 1, pos_min = 579, n_swa = 1
slot update_slots: id  1 | task 765 | forcing full prompt re-processing due to lack of cache data (likely due to SWA or hybrid/recurrent memory, see https://github.com/ggml-org/llama.cpp/pull/13194#issuecomment-2868343055)
slot update_slots: id  1 | task 765 | n_tokens = 0, memory_seq_rm [0, end)
slot update_slots: id  1 | task 765 | prompt processing progress, n_tokens = 394, batch.n_tokens = 692, progress = 0.434879
slot update_slots: id  2 | task 768 | new prompt, n_ctx_slot = 262144, n_keep = 0, task.n_tokens = 897
slot update_slots: id  2 | task 768 | n_past = 20, slot.prompt.tokens.size() = 20553, seq_id = 2, pos_min = 20552, n_swa = 1
slot update_slots: id  2 | task 768 | forcing full prompt re-processing due to lack of cache data (likely due to SWA or hybrid/recurrent memory, see https://github.com/ggml-org/llama.cpp/pull/13194#issuecomment-2868343055)
slot update_slots: id  2 | task 768 | erased invalidated context checkpoint (pos_min = 19907, pos_max = 19907, n_swa = 1, size = 75.376 MiB)
slot update_slots: id  2 | task 768 | n_tokens = 0, memory_seq_rm [0, end)
slot update_slots: id  2 | task 768 | prompt processing progress, n_tokens = 385, batch.n_tokens = 1077, progress = 0.429208
slot update_slots: id  3 | task 766 | new prompt, n_ctx_slot = 262144, n_keep = 0, task.n_tokens = 809
slot update_slots: id  3 | task 766 | n_past = 20, slot.prompt.tokens.size() = 20398, seq_id = 3, pos_min = 20397, n_swa = 1
slot update_slots: id  3 | task 766 | forcing full prompt re-processing due to lack of cache data (likely due to SWA or hybrid/recurrent memory, see https://github.com/ggml-org/llama.cpp/pull/13194#issuecomment-2868343055)
slot update_slots: id  3 | task 766 | erased invalidated context checkpoint (pos_min = 19769, pos_max = 19769, n_swa = 1, size = 75.376 MiB)
slot update_slots: id  3 | task 766 | n_tokens = 0, memory_seq_rm [0, end)
slot update_slots: id  3 | task 766 | prompt processing progress, n_tokens = 297, batch.n_tokens = 1374, progress = 0.367120
slot update_slots: id  0 | task 767 | n_tokens = 298, memory_seq_rm [298, end)
slot update_slots: id  0 | task 767 | prompt processing progress, n_tokens = 810, batch.n_tokens = 512, progress = 1.000000
slot update_slots: id  0 | task 767 | prompt done, n_tokens = 810, batch.n_tokens = 512
slot init_sampler: id  0 | task 767 | init sampler, took 0.06 ms, tokens: text = 810, total = 810
slot update_slots: id  0 | task 767 | created context checkpoint 1 of 8 (pos_min = 297, pos_max = 297, size = 75.376 MiB)
slot update_slots: id  1 | task 765 | n_tokens = 394, memory_seq_rm [394, end)
slot update_slots: id  1 | task 765 | prompt processing progress, n_tokens = 906, batch.n_tokens = 1024, progress = 1.000000
slot update_slots: id  1 | task 765 | prompt done, n_tokens = 906, batch.n_tokens = 1024
slot init_sampler: id  1 | task 765 | init sampler, took 0.07 ms, tokens: text = 906, total = 906
slot update_slots: id  1 | task 765 | created context checkpoint 1 of 8 (pos_min = 393, pos_max = 393, size = 75.376 MiB)
slot update_slots: id  2 | task 768 | n_tokens = 385, memory_seq_rm [385, end)
slot update_slots: id  2 | task 768 | prompt processing progress, n_tokens = 897, batch.n_tokens = 1536, progress = 1.000000
slot update_slots: id  2 | task 768 | prompt done, n_tokens = 897, batch.n_tokens = 1536
slot init_sampler: id  2 | task 768 | init sampler, took 0.07 ms, tokens: text = 897, total = 897
slot update_slots: id  2 | task 768 | created context checkpoint 1 of 8 (pos_min = 384, pos_max = 384, size = 75.376 MiB)
slot update_slots: id  3 | task 766 | n_tokens = 297, memory_seq_rm [297, end)
slot update_slots: id  3 | task 766 | prompt processing progress, n_tokens = 809, batch.n_tokens = 2048, progress = 1.000000
slot update_slots: id  3 | task 766 | prompt done, n_tokens = 809, batch.n_tokens = 2048
slot init_sampler: id  3 | task 766 | init sampler, took 0.06 ms, tokens: text = 809, total = 809
slot update_slots: id  3 | task 766 | created context checkpoint 1 of 8 (pos_min = 296, pos_max = 296, size = 75.376 MiB)
slot print_timing: id  0 | task 767 | 
prompt eval time =    2341.78 ms /   810 tokens (    2.89 ms per token,   345.89 tokens per second)
       eval time =      41.78 ms /     3 tokens (   13.93 ms per token,    71.81 tokens per second)
      total time =    2383.55 ms /   813 tokens
slot      release: id  0 | task 767 | stop processing: n_tokens = 812, truncated = 0
srv  log_server_r: done request: POST /v1/messages 127.0.0.1 200
slot print_timing: id  2 | task 768 | 
prompt eval time =    2341.64 ms /   897 tokens (    2.61 ms per token,   383.07 tokens per second)
       eval time =      42.34 ms /     3 tokens (   14.12 ms per token,    70.85 tokens per second)
      total time =    2383.98 ms /   900 tokens
slot      release: id  2 | task 768 | stop processing: n_tokens = 899, truncated = 0
srv  log_server_r: done request: POST /v1/messages 127.0.0.1 200
slot print_timing: id  3 | task 766 | 
prompt eval time =    2338.05 ms /   809 tokens (    2.89 ms per token,   346.02 tokens per second)
       eval time =      42.40 ms /     3 tokens (   14.13 ms per token,    70.75 tokens per second)
      total time =    2380.45 ms /   812 tokens
slot      release: id  3 | task 766 | stop processing: n_tokens = 811, truncated = 0
srv  log_server_r: done request: POST /v1/messages 127.0.0.1 200
slot print_timing: id  1 | task 765 | 
prompt eval time =    2341.65 ms /   906 tokens (    2.58 ms per token,   386.91 tokens per second)
       eval time =      66.08 ms /     5 tokens (   13.22 ms per token,    75.67 tokens per second)
      total time =    2407.73 ms /   911 tokens
slot      release: id  1 | task 765 | stop processing: n_tokens = 910, truncated = 0
srv  update_slots: all slots are idle
srv  log_server_r: done request: POST /v1/messages 127.0.0.1 200
srv  params_from_: Chat format: Qwen3 Coder
slot get_availabl: id  0 | task -1 | selected slot by LRU, t_last = 6882492368
srv  get_availabl: updating prompt cache
srv   prompt_save:  - saving prompt with length 812, total state size = 94.417 MiB
srv          load:  - looking for better prompt, base f_keep = 0.026, sim = 0.033
srv        update:  - cache state: 17 prompts, 6331.984 MiB (limits: 8192.000 MiB, 262144 tokens, 262144 est)
srv        update:    - prompt 0x5d592b1faf20:       9 tokens, checkpoints:  0,    75.587 MiB
srv        update:    - prompt 0x5d592c064420:   19704 tokens, checkpoints:  1,   612.790 MiB
srv        update:    - prompt 0x5d591f7b4ad0:     140 tokens, checkpoints:  0,    78.659 MiB
srv        update:    - prompt 0x5d592bda1a30:   19616 tokens, checkpoints:  1,   610.726 MiB
srv        update:    - prompt 0x5d592bda25b0:   19986 tokens, checkpoints:  1,   619.403 MiB
srv        update:    - prompt 0x5d5929e1b5c0:     135 tokens, checkpoints:  0,    78.542 MiB
srv        update:    - prompt 0x5d5929e59b00:   19805 tokens, checkpoints:  1,   615.158 MiB
srv        update:    - prompt 0x5d58ff693500:     358 tokens, checkpoints:  0,    83.771 MiB
srv        update:    - prompt 0x5d592b17bc90:   19893 tokens, checkpoints:  1,   617.222 MiB
srv        update:    - prompt 0x5d592c0638a0:     377 tokens, checkpoints:  0,    84.216 MiB
srv        update:    - prompt 0x5d592cbb9e60:   20682 tokens, checkpoints:  1,   635.723 MiB
srv        update:    - prompt 0x5d592b17c210:   20037 tokens, checkpoints:  1,   620.598 MiB
srv        update:    - prompt 0x5d58ff710e30:     580 tokens, checkpoints:  0,    88.977 MiB
srv        update:    - prompt 0x5d5929e35b50:   20398 tokens, checkpoints:  1,   629.064 MiB
srv        update:    - prompt 0x5d592ae1b4b0:     157 tokens, checkpoints:  0,    79.058 MiB
srv        update:    - prompt 0x5d5929e33760:   20553 tokens, checkpoints:  1,   632.698 MiB
srv        update:    - prompt 0x5d592bf0b560:     812 tokens, checkpoints:  1,   169.793 MiB
srv  get_availabl: prompt cache update took 38.49 ms
slot launch_slot_: id  0 | task -1 | sampler chain: logits -> ?penalties -> ?dry -> ?top-n-sigma -> top-k -> ?typical -> top-p -> min-p -> ?xtc -> ?temp-ext -> dist 
slot launch_slot_: id  0 | task 775 | processing task, is_child = 0
slot update_slots: id  0 | task 775 | new prompt, n_ctx_slot = 262144, n_keep = 0, task.n_tokens = 637
slot update_slots: id  0 | task 775 | n_past = 21, slot.prompt.tokens.size() = 812, seq_id = 0, pos_min = 811, n_swa = 1
slot update_slots: id  0 | task 775 | forcing full prompt re-processing due to lack of cache data (likely due to SWA or hybrid/recurrent memory, see https://github.com/ggml-org/llama.cpp/pull/13194#issuecomment-2868343055)
slot update_slots: id  0 | task 775 | erased invalidated context checkpoint (pos_min = 297, pos_max = 297, n_swa = 1, size = 75.376 MiB)
slot update_slots: id  0 | task 775 | n_tokens = 0, memory_seq_rm [0, end)
slot update_slots: id  0 | task 775 | prompt processing progress, n_tokens = 125, batch.n_tokens = 125, progress = 0.196232
srv  params_from_: Chat format: Qwen3 Coder
slot get_availabl: id  2 | task -1 | selected slot by LRU, t_last = 6882492722
srv  get_availabl: updating prompt cache
srv   prompt_save:  - saving prompt with length 899, total state size = 96.457 MiB
srv          load:  - looking for better prompt, base f_keep = 0.022, sim = 0.001
srv        update:  - cache state: 18 prompts, 6503.817 MiB (limits: 8192.000 MiB, 262144 tokens, 262144 est)
srv        update:    - prompt 0x5d592b1faf20:       9 tokens, checkpoints:  0,    75.587 MiB
srv        update:    - prompt 0x5d592c064420:   19704 tokens, checkpoints:  1,   612.790 MiB
srv        update:    - prompt 0x5d591f7b4ad0:     140 tokens, checkpoints:  0,    78.659 MiB
srv        update:    - prompt 0x5d592bda1a30:   19616 tokens, checkpoints:  1,   610.726 MiB
srv        update:    - prompt 0x5d592bda25b0:   19986 tokens, checkpoints:  1,   619.403 MiB
srv        update:    - prompt 0x5d5929e1b5c0:     135 tokens, checkpoints:  0,    78.542 MiB
srv        update:    - prompt 0x5d5929e59b00:   19805 tokens, checkpoints:  1,   615.158 MiB
srv        update:    - prompt 0x5d58ff693500:     358 tokens, checkpoints:  0,    83.771 MiB
srv        update:    - prompt 0x5d592b17bc90:   19893 tokens, checkpoints:  1,   617.222 MiB
srv        update:    - prompt 0x5d592c0638a0:     377 tokens, checkpoints:  0,    84.216 MiB
srv        update:    - prompt 0x5d592cbb9e60:   20682 tokens, checkpoints:  1,   635.723 MiB
srv        update:    - prompt 0x5d592b17c210:   20037 tokens, checkpoints:  1,   620.598 MiB
srv        update:    - prompt 0x5d58ff710e30:     580 tokens, checkpoints:  0,    88.977 MiB
srv        update:    - prompt 0x5d5929e35b50:   20398 tokens, checkpoints:  1,   629.064 MiB
srv        update:    - prompt 0x5d592ae1b4b0:     157 tokens, checkpoints:  0,    79.058 MiB
srv        update:    - prompt 0x5d5929e33760:   20553 tokens, checkpoints:  1,   632.698 MiB
srv        update:    - prompt 0x5d592bf0b560:     812 tokens, checkpoints:  1,   169.793 MiB
srv        update:    - prompt 0x5d592cbba890:     899 tokens, checkpoints:  1,   171.833 MiB
srv  get_availabl: prompt cache update took 37.80 ms
slot launch_slot_: id  2 | task -1 | sampler chain: logits -> ?penalties -> ?dry -> ?top-n-sigma -> top-k -> ?typical -> top-p -> min-p -> ?xtc -> ?temp-ext -> dist 
slot launch_slot_: id  2 | task 777 | processing task, is_child = 0
slot update_slots: id  0 | task 775 | n_tokens = 125, memory_seq_rm [125, end)
slot update_slots: id  0 | task 775 | prompt processing progress, n_tokens = 637, batch.n_tokens = 512, progress = 1.000000
slot update_slots: id  0 | task 775 | prompt done, n_tokens = 637, batch.n_tokens = 512
slot init_sampler: id  0 | task 775 | init sampler, took 0.05 ms, tokens: text = 637, total = 637
slot update_slots: id  0 | task 775 | created context checkpoint 1 of 8 (pos_min = 124, pos_max = 124, size = 75.376 MiB)
slot update_slots: id  2 | task 777 | new prompt, n_ctx_slot = 262144, n_keep = 0, task.n_tokens = 20900
slot update_slots: id  2 | task 777 | n_past = 20, slot.prompt.tokens.size() = 899, seq_id = 2, pos_min = 898, n_swa = 1
slot update_slots: id  2 | task 777 | forcing full prompt re-processing due to lack of cache data (likely due to SWA or hybrid/recurrent memory, see https://github.com/ggml-org/llama.cpp/pull/13194#issuecomment-2868343055)
slot update_slots: id  2 | task 777 | erased invalidated context checkpoint (pos_min = 384, pos_max = 384, n_swa = 1, size = 75.376 MiB)
slot update_slots: id  2 | task 777 | n_tokens = 0, memory_seq_rm [0, end)
slot update_slots: id  2 | task 777 | prompt processing progress, n_tokens = 1536, batch.n_tokens = 2048, progress = 0.073493
slot update_slots: id  2 | task 777 | n_tokens = 1536, memory_seq_rm [1536, end)
slot update_slots: id  2 | task 777 | prompt processing progress, n_tokens = 3583, batch.n_tokens = 2048, progress = 0.171435
slot update_slots: id  2 | task 777 | n_tokens = 3583, memory_seq_rm [3583, end)
slot update_slots: id  2 | task 777 | prompt processing progress, n_tokens = 5630, batch.n_tokens = 2048, progress = 0.269378
slot update_slots: id  2 | task 777 | n_tokens = 5630, memory_seq_rm [5630, end)
slot update_slots: id  2 | task 777 | prompt processing progress, n_tokens = 7677, batch.n_tokens = 2048, progress = 0.367321
slot update_slots: id  2 | task 777 | n_tokens = 7677, memory_seq_rm [7677, end)
slot update_slots: id  2 | task 777 | prompt processing progress, n_tokens = 9724, batch.n_tokens = 2048, progress = 0.465263
slot update_slots: id  2 | task 777 | n_tokens = 9724, memory_seq_rm [9724, end)
slot update_slots: id  2 | task 777 | prompt processing progress, n_tokens = 11771, batch.n_tokens = 2048, progress = 0.563206
slot update_slots: id  2 | task 777 | n_tokens = 11771, memory_seq_rm [11771, end)
slot update_slots: id  2 | task 777 | prompt processing progress, n_tokens = 13818, batch.n_tokens = 2048, progress = 0.661148
slot update_slots: id  2 | task 777 | n_tokens = 13818, memory_seq_rm [13818, end)
slot update_slots: id  2 | task 777 | prompt processing progress, n_tokens = 15865, batch.n_tokens = 2048, progress = 0.759091
slot update_slots: id  2 | task 777 | n_tokens = 15865, memory_seq_rm [15865, end)
slot update_slots: id  2 | task 777 | prompt processing progress, n_tokens = 17912, batch.n_tokens = 2048, progress = 0.857033
slot update_slots: id  2 | task 777 | n_tokens = 17912, memory_seq_rm [17912, end)
slot update_slots: id  2 | task 777 | prompt processing progress, n_tokens = 19959, batch.n_tokens = 2048, progress = 0.954976
slot update_slots: id  2 | task 777 | n_tokens = 19959, memory_seq_rm [19959, end)
slot update_slots: id  2 | task 777 | prompt processing progress, n_tokens = 20388, batch.n_tokens = 430, progress = 0.975502
slot update_slots: id  2 | task 777 | n_tokens = 20388, memory_seq_rm [20388, end)
slot update_slots: id  2 | task 777 | prompt processing progress, n_tokens = 20900, batch.n_tokens = 513, progress = 1.000000
slot update_slots: id  2 | task 777 | prompt done, n_tokens = 20900, batch.n_tokens = 513
slot init_sampler: id  2 | task 777 | init sampler, took 1.57 ms, tokens: text = 20900, total = 20900
slot update_slots: id  2 | task 777 | created context checkpoint 1 of 8 (pos_min = 20387, pos_max = 20387, size = 75.376 MiB)
slot print_timing: id  0 | task 775 | 
prompt eval time =     832.51 ms /   637 tokens (    1.31 ms per token,   765.15 tokens per second)
       eval time =    7321.84 ms /    23 tokens (  318.34 ms per token,     3.14 tokens per second)
      total time =    8154.35 ms /   660 tokens
slot      release: id  0 | task 775 | stop processing: n_tokens = 659, truncated = 0
srv  log_server_r: done request: POST /v1/messages 127.0.0.1 200
slot print_timing: id  2 | task 777 | 
prompt eval time =    7784.23 ms / 20900 tokens (    0.37 ms per token,  2684.91 tokens per second)
       eval time =     901.54 ms /    66 tokens (   13.66 ms per token,    73.21 tokens per second)
      total time =    8685.77 ms / 20966 tokens
slot      release: id  2 | task 777 | stop processing: n_tokens = 20965, truncated = 0
srv  update_slots: all slots are idle
srv  log_server_r: done request: POST /v1/messages 127.0.0.1 200
srv  params_from_: Chat format: Qwen3 Coder
srv  params_from_: Chat format: Qwen3 Coder
srv  params_from_: Chat format: Qwen3 Coder
srv  params_from_: Chat format: Qwen3 Coder
slot get_availabl: id  3 | task -1 | selected slot by LRU, t_last = 6882492878
srv  get_availabl: updating prompt cache
srv   prompt_save:  - saving prompt with length 811, total state size = 94.393 MiB
srv          load:  - looking for better prompt, base f_keep = 0.026, sim = 0.026
srv        update:  - cache state: 19 prompts, 6673.586 MiB (limits: 8192.000 MiB, 262144 tokens, 262144 est)
srv        update:    - prompt 0x5d592b1faf20:       9 tokens, checkpoints:  0,    75.587 MiB
srv        update:    - prompt 0x5d592c064420:   19704 tokens, checkpoints:  1,   612.790 MiB
srv        update:    - prompt 0x5d591f7b4ad0:     140 tokens, checkpoints:  0,    78.659 MiB
srv        update:    - prompt 0x5d592bda1a30:   19616 tokens, checkpoints:  1,   610.726 MiB
srv        update:    - prompt 0x5d592bda25b0:   19986 tokens, checkpoints:  1,   619.403 MiB
srv        update:    - prompt 0x5d5929e1b5c0:     135 tokens, checkpoints:  0,    78.542 MiB
srv        update:    - prompt 0x5d5929e59b00:   19805 tokens, checkpoints:  1,   615.158 MiB
srv        update:    - prompt 0x5d58ff693500:     358 tokens, checkpoints:  0,    83.771 MiB
srv        update:    - prompt 0x5d592b17bc90:   19893 tokens, checkpoints:  1,   617.222 MiB
srv        update:    - prompt 0x5d592c0638a0:     377 tokens, checkpoints:  0,    84.216 MiB
srv        update:    - prompt 0x5d592cbb9e60:   20682 tokens, checkpoints:  1,   635.723 MiB
srv        update:    - prompt 0x5d592b17c210:   20037 tokens, checkpoints:  1,   620.598 MiB
srv        update:    - prompt 0x5d58ff710e30:     580 tokens, checkpoints:  0,    88.977 MiB
srv        update:    - prompt 0x5d5929e35b50:   20398 tokens, checkpoints:  1,   629.064 MiB
srv        update:    - prompt 0x5d592ae1b4b0:     157 tokens, checkpoints:  0,    79.058 MiB
srv        update:    - prompt 0x5d5929e33760:   20553 tokens, checkpoints:  1,   632.698 MiB
srv        update:    - prompt 0x5d592bf0b560:     812 tokens, checkpoints:  1,   169.793 MiB
srv        update:    - prompt 0x5d592cbba890:     899 tokens, checkpoints:  1,   171.833 MiB
srv        update:    - prompt 0x5d5929e37990:     811 tokens, checkpoints:  1,   169.769 MiB
srv  get_availabl: prompt cache update took 36.21 ms
slot launch_slot_: id  3 | task -1 | sampler chain: logits -> ?penalties -> ?dry -> ?top-n-sigma -> top-k -> ?typical -> top-p -> min-p -> ?xtc -> ?temp-ext -> dist 
slot launch_slot_: id  3 | task 856 | processing task, is_child = 0
slot get_availabl: id  1 | task -1 | selected slot by LRU, t_last = 6882516240
srv  get_availabl: updating prompt cache
srv   prompt_save:  - saving prompt with length 910, total state size = 96.715 MiB
srv          load:  - looking for better prompt, base f_keep = 0.022, sim = 0.024
srv        update:  - cache state: 20 prompts, 6845.676 MiB (limits: 8192.000 MiB, 262144 tokens, 262144 est)
srv        update:    - prompt 0x5d592b1faf20:       9 tokens, checkpoints:  0,    75.587 MiB
srv        update:    - prompt 0x5d592c064420:   19704 tokens, checkpoints:  1,   612.790 MiB
srv        update:    - prompt 0x5d591f7b4ad0:     140 tokens, checkpoints:  0,    78.659 MiB
srv        update:    - prompt 0x5d592bda1a30:   19616 tokens, checkpoints:  1,   610.726 MiB
srv        update:    - prompt 0x5d592bda25b0:   19986 tokens, checkpoints:  1,   619.403 MiB
srv        update:    - prompt 0x5d5929e1b5c0:     135 tokens, checkpoints:  0,    78.542 MiB
srv        update:    - prompt 0x5d5929e59b00:   19805 tokens, checkpoints:  1,   615.158 MiB
srv        update:    - prompt 0x5d58ff693500:     358 tokens, checkpoints:  0,    83.771 MiB
srv        update:    - prompt 0x5d592b17bc90:   19893 tokens, checkpoints:  1,   617.222 MiB
srv        update:    - prompt 0x5d592c0638a0:     377 tokens, checkpoints:  0,    84.216 MiB
srv        update:    - prompt 0x5d592cbb9e60:   20682 tokens, checkpoints:  1,   635.723 MiB
srv        update:    - prompt 0x5d592b17c210:   20037 tokens, checkpoints:  1,   620.598 MiB
srv        update:    - prompt 0x5d58ff710e30:     580 tokens, checkpoints:  0,    88.977 MiB
srv        update:    - prompt 0x5d5929e35b50:   20398 tokens, checkpoints:  1,   629.064 MiB
srv        update:    - prompt 0x5d592ae1b4b0:     157 tokens, checkpoints:  0,    79.058 MiB
srv        update:    - prompt 0x5d5929e33760:   20553 tokens, checkpoints:  1,   632.698 MiB
srv        update:    - prompt 0x5d592bf0b560:     812 tokens, checkpoints:  1,   169.793 MiB
srv        update:    - prompt 0x5d592cbba890:     899 tokens, checkpoints:  1,   171.833 MiB
srv        update:    - prompt 0x5d5929e37990:     811 tokens, checkpoints:  1,   169.769 MiB
srv        update:    - prompt 0x5d592d0a7cf0:     910 tokens, checkpoints:  1,   172.091 MiB
srv  get_availabl: prompt cache update took 36.97 ms
slot launch_slot_: id  1 | task -1 | sampler chain: logits -> ?penalties -> ?dry -> ?top-n-sigma -> top-k -> ?typical -> top-p -> min-p -> ?xtc -> ?temp-ext -> dist 
slot launch_slot_: id  1 | task 857 | processing task, is_child = 0
slot get_availabl: id  0 | task -1 | selected slot by LRU, t_last = 6898225068
srv  get_availabl: updating prompt cache
srv   prompt_save:  - saving prompt with length 659, total state size = 90.829 MiB
srv          load:  - looking for better prompt, base f_keep = 0.032, sim = 0.025
srv        update:  - cache state: 21 prompts, 7011.881 MiB (limits: 8192.000 MiB, 262144 tokens, 262144 est)
srv        update:    - prompt 0x5d592b1faf20:       9 tokens, checkpoints:  0,    75.587 MiB
srv        update:    - prompt 0x5d592c064420:   19704 tokens, checkpoints:  1,   612.790 MiB
srv        update:    - prompt 0x5d591f7b4ad0:     140 tokens, checkpoints:  0,    78.659 MiB
srv        update:    - prompt 0x5d592bda1a30:   19616 tokens, checkpoints:  1,   610.726 MiB
srv        update:    - prompt 0x5d592bda25b0:   19986 tokens, checkpoints:  1,   619.403 MiB
srv        update:    - prompt 0x5d5929e1b5c0:     135 tokens, checkpoints:  0,    78.542 MiB
srv        update:    - prompt 0x5d5929e59b00:   19805 tokens, checkpoints:  1,   615.158 MiB
srv        update:    - prompt 0x5d58ff693500:     358 tokens, checkpoints:  0,    83.771 MiB
srv        update:    - prompt 0x5d592b17bc90:   19893 tokens, checkpoints:  1,   617.222 MiB
srv        update:    - prompt 0x5d592c0638a0:     377 tokens, checkpoints:  0,    84.216 MiB
srv        update:    - prompt 0x5d592cbb9e60:   20682 tokens, checkpoints:  1,   635.723 MiB
srv        update:    - prompt 0x5d592b17c210:   20037 tokens, checkpoints:  1,   620.598 MiB
srv        update:    - prompt 0x5d58ff710e30:     580 tokens, checkpoints:  0,    88.977 MiB
srv        update:    - prompt 0x5d5929e35b50:   20398 tokens, checkpoints:  1,   629.064 MiB
srv        update:    - prompt 0x5d592ae1b4b0:     157 tokens, checkpoints:  0,    79.058 MiB
srv        update:    - prompt 0x5d5929e33760:   20553 tokens, checkpoints:  1,   632.698 MiB
srv        update:    - prompt 0x5d592bf0b560:     812 tokens, checkpoints:  1,   169.793 MiB
srv        update:    - prompt 0x5d592cbba890:     899 tokens, checkpoints:  1,   171.833 MiB
srv        update:    - prompt 0x5d5929e37990:     811 tokens, checkpoints:  1,   169.769 MiB
srv        update:    - prompt 0x5d592d0a7cf0:     910 tokens, checkpoints:  1,   172.091 MiB
srv        update:    - prompt 0x5d592d0a7170:     659 tokens, checkpoints:  1,   166.205 MiB
srv  get_availabl: prompt cache update took 38.64 ms
slot launch_slot_: id  0 | task -1 | sampler chain: logits -> ?penalties -> ?dry -> ?top-n-sigma -> top-k -> ?typical -> top-p -> min-p -> ?xtc -> ?temp-ext -> dist 
slot launch_slot_: id  0 | task 858 | processing task, is_child = 0
slot get_availabl: id  2 | task -1 | selected slot by LRU, t_last = 6898881636
srv  get_availabl: updating prompt cache
srv   prompt_save:  - saving prompt with length 20965, total state size = 566.983 MiB
srv          load:  - looking for better prompt, base f_keep = 0.001, sim = 0.025
srv        update:  - cache state: 22 prompts, 7654.240 MiB (limits: 8192.000 MiB, 262144 tokens, 262144 est)
srv        update:    - prompt 0x5d592b1faf20:       9 tokens, checkpoints:  0,    75.587 MiB
srv        update:    - prompt 0x5d592c064420:   19704 tokens, checkpoints:  1,   612.790 MiB
srv        update:    - prompt 0x5d591f7b4ad0:     140 tokens, checkpoints:  0,    78.659 MiB
srv        update:    - prompt 0x5d592bda1a30:   19616 tokens, checkpoints:  1,   610.726 MiB
srv        update:    - prompt 0x5d592bda25b0:   19986 tokens, checkpoints:  1,   619.403 MiB
srv        update:    - prompt 0x5d5929e1b5c0:     135 tokens, checkpoints:  0,    78.542 MiB
srv        update:    - prompt 0x5d5929e59b00:   19805 tokens, checkpoints:  1,   615.158 MiB
srv        update:    - prompt 0x5d58ff693500:     358 tokens, checkpoints:  0,    83.771 MiB
srv        update:    - prompt 0x5d592b17bc90:   19893 tokens, checkpoints:  1,   617.222 MiB
srv        update:    - prompt 0x5d592c0638a0:     377 tokens, checkpoints:  0,    84.216 MiB
srv        update:    - prompt 0x5d592cbb9e60:   20682 tokens, checkpoints:  1,   635.723 MiB
srv        update:    - prompt 0x5d592b17c210:   20037 tokens, checkpoints:  1,   620.598 MiB
srv        update:    - prompt 0x5d58ff710e30:     580 tokens, checkpoints:  0,    88.977 MiB
srv        update:    - prompt 0x5d5929e35b50:   20398 tokens, checkpoints:  1,   629.064 MiB
srv        update:    - prompt 0x5d592ae1b4b0:     157 tokens, checkpoints:  0,    79.058 MiB
srv        update:    - prompt 0x5d5929e33760:   20553 tokens, checkpoints:  1,   632.698 MiB
srv        update:    - prompt 0x5d592bf0b560:     812 tokens, checkpoints:  1,   169.793 MiB
srv        update:    - prompt 0x5d592cbba890:     899 tokens, checkpoints:  1,   171.833 MiB
srv        update:    - prompt 0x5d5929e37990:     811 tokens, checkpoints:  1,   169.769 MiB
srv        update:    - prompt 0x5d592d0a7cf0:     910 tokens, checkpoints:  1,   172.091 MiB
srv        update:    - prompt 0x5d592d0a7170:     659 tokens, checkpoints:  1,   166.205 MiB
srv        update:    - prompt 0x5d5922abc450:   20965 tokens, checkpoints:  1,   642.359 MiB
srv  get_availabl: prompt cache update took 142.76 ms
slot launch_slot_: id  2 | task -1 | sampler chain: logits -> ?penalties -> ?dry -> ?top-n-sigma -> top-k -> ?typical -> top-p -> min-p -> ?xtc -> ?temp-ext -> dist 
slot launch_slot_: id  2 | task 855 | processing task, is_child = 0
slot update_slots: id  0 | task 858 | new prompt, n_ctx_slot = 262144, n_keep = 0, task.n_tokens = 836
slot update_slots: id  0 | task 858 | n_past = 21, slot.prompt.tokens.size() = 659, seq_id = 0, pos_min = 658, n_swa = 1
slot update_slots: id  0 | task 858 | forcing full prompt re-processing due to lack of cache data (likely due to SWA or hybrid/recurrent memory, see https://github.com/ggml-org/llama.cpp/pull/13194#issuecomment-2868343055)
slot update_slots: id  0 | task 858 | erased invalidated context checkpoint (pos_min = 124, pos_max = 124, n_swa = 1, size = 75.376 MiB)
slot update_slots: id  0 | task 858 | n_tokens = 0, memory_seq_rm [0, end)
slot update_slots: id  0 | task 858 | prompt processing progress, n_tokens = 324, batch.n_tokens = 324, progress = 0.387560
slot update_slots: id  1 | task 857 | new prompt, n_ctx_slot = 262144, n_keep = 0, task.n_tokens = 826
slot update_slots: id  1 | task 857 | n_past = 20, slot.prompt.tokens.size() = 910, seq_id = 1, pos_min = 909, n_swa = 1
slot update_slots: id  1 | task 857 | forcing full prompt re-processing due to lack of cache data (likely due to SWA or hybrid/recurrent memory, see https://github.com/ggml-org/llama.cpp/pull/13194#issuecomment-2868343055)
slot update_slots: id  1 | task 857 | erased invalidated context checkpoint (pos_min = 393, pos_max = 393, n_swa = 1, size = 75.376 MiB)
slot update_slots: id  1 | task 857 | n_tokens = 0, memory_seq_rm [0, end)
slot update_slots: id  1 | task 857 | prompt processing progress, n_tokens = 314, batch.n_tokens = 638, progress = 0.380145
slot update_slots: id  2 | task 855 | new prompt, n_ctx_slot = 262144, n_keep = 0, task.n_tokens = 813
slot update_slots: id  2 | task 855 | n_past = 20, slot.prompt.tokens.size() = 20965, seq_id = 2, pos_min = 20964, n_swa = 1
slot update_slots: id  2 | task 855 | forcing full prompt re-processing due to lack of cache data (likely due to SWA or hybrid/recurrent memory, see https://github.com/ggml-org/llama.cpp/pull/13194#issuecomment-2868343055)
slot update_slots: id  2 | task 855 | erased invalidated context checkpoint (pos_min = 20387, pos_max = 20387, n_swa = 1, size = 75.376 MiB)
slot update_slots: id  2 | task 855 | n_tokens = 0, memory_seq_rm [0, end)
slot update_slots: id  2 | task 855 | prompt processing progress, n_tokens = 301, batch.n_tokens = 939, progress = 0.370234
slot update_slots: id  3 | task 856 | new prompt, n_ctx_slot = 262144, n_keep = 0, task.n_tokens = 811
slot update_slots: id  3 | task 856 | n_past = 21, slot.prompt.tokens.size() = 811, seq_id = 3, pos_min = 810, n_swa = 1
slot update_slots: id  3 | task 856 | forcing full prompt re-processing due to lack of cache data (likely due to SWA or hybrid/recurrent memory, see https://github.com/ggml-org/llama.cpp/pull/13194#issuecomment-2868343055)
slot update_slots: id  3 | task 856 | erased invalidated context checkpoint (pos_min = 296, pos_max = 296, n_swa = 1, size = 75.376 MiB)
slot update_slots: id  3 | task 856 | n_tokens = 0, memory_seq_rm [0, end)
slot update_slots: id  3 | task 856 | prompt processing progress, n_tokens = 299, batch.n_tokens = 1238, progress = 0.368681
slot update_slots: id  0 | task 858 | n_tokens = 324, memory_seq_rm [324, end)
slot update_slots: id  0 | task 858 | prompt processing progress, n_tokens = 836, batch.n_tokens = 512, progress = 1.000000
slot update_slots: id  0 | task 858 | prompt done, n_tokens = 836, batch.n_tokens = 512
slot init_sampler: id  0 | task 858 | init sampler, took 0.07 ms, tokens: text = 836, total = 836
slot update_slots: id  0 | task 858 | created context checkpoint 1 of 8 (pos_min = 323, pos_max = 323, size = 75.376 MiB)
slot update_slots: id  1 | task 857 | n_tokens = 314, memory_seq_rm [314, end)
slot update_slots: id  1 | task 857 | prompt processing progress, n_tokens = 826, batch.n_tokens = 1024, progress = 1.000000
slot update_slots: id  1 | task 857 | prompt done, n_tokens = 826, batch.n_tokens = 1024
slot init_sampler: id  1 | task 857 | init sampler, took 0.06 ms, tokens: text = 826, total = 826
slot update_slots: id  1 | task 857 | created context checkpoint 1 of 8 (pos_min = 313, pos_max = 313, size = 75.376 MiB)
slot update_slots: id  2 | task 855 | n_tokens = 301, memory_seq_rm [301, end)
slot update_slots: id  2 | task 855 | prompt processing progress, n_tokens = 813, batch.n_tokens = 1536, progress = 1.000000
slot update_slots: id  2 | task 855 | prompt done, n_tokens = 813, batch.n_tokens = 1536
slot init_sampler: id  2 | task 855 | init sampler, took 0.07 ms, tokens: text = 813, total = 813
slot update_slots: id  2 | task 855 | created context checkpoint 1 of 8 (pos_min = 300, pos_max = 300, size = 75.376 MiB)
slot update_slots: id  3 | task 856 | n_tokens = 299, memory_seq_rm [299, end)
slot update_slots: id  3 | task 856 | prompt processing progress, n_tokens = 811, batch.n_tokens = 2048, progress = 1.000000
slot update_slots: id  3 | task 856 | prompt done, n_tokens = 811, batch.n_tokens = 2048
slot init_sampler: id  3 | task 856 | init sampler, took 0.06 ms, tokens: text = 811, total = 811
slot update_slots: id  3 | task 856 | created context checkpoint 1 of 8 (pos_min = 298, pos_max = 298, size = 75.376 MiB)
slot print_timing: id  1 | task 857 | 
prompt eval time =    1155.75 ms /   826 tokens (    1.40 ms per token,   714.69 tokens per second)
       eval time =      41.80 ms /     3 tokens (   13.94 ms per token,    71.76 tokens per second)
      total time =    1197.56 ms /   829 tokens
slot      release: id  1 | task 857 | stop processing: n_tokens = 828, truncated = 0
srv  log_server_r: done request: POST /v1/messages 127.0.0.1 200
slot print_timing: id  2 | task 855 | 
prompt eval time =    1155.03 ms /   813 tokens (    1.42 ms per token,   703.88 tokens per second)
       eval time =      41.60 ms /     3 tokens (   13.87 ms per token,    72.12 tokens per second)
      total time =    1196.63 ms /   816 tokens
slot      release: id  2 | task 855 | stop processing: n_tokens = 815, truncated = 0
srv  log_server_r: done request: POST /v1/messages 127.0.0.1 200
slot print_timing: id  3 | task 856 | 
prompt eval time =    1153.05 ms /   811 tokens (    1.42 ms per token,   703.35 tokens per second)
       eval time =      41.27 ms /     3 tokens (   13.76 ms per token,    72.70 tokens per second)
      total time =    1194.32 ms /   814 tokens
slot      release: id  3 | task 856 | stop processing: n_tokens = 813, truncated = 0
srv  log_server_r: done request: POST /v1/messages 127.0.0.1 200
slot print_timing: id  0 | task 858 | 
prompt eval time =    1156.59 ms /   836 tokens (    1.38 ms per token,   722.82 tokens per second)
       eval time =      66.08 ms /     5 tokens (   13.22 ms per token,    75.67 tokens per second)
      total time =    1222.66 ms /   841 tokens
slot      release: id  0 | task 858 | stop processing: n_tokens = 840, truncated = 0
srv  update_slots: all slots are idle
srv  log_server_r: done request: POST /v1/messages 127.0.0.1 200
srv  params_from_: Chat format: Qwen3 Coder
slot get_availabl: id  1 | task -1 | selected slot by LRU, t_last = 6900345504
srv  get_availabl: updating prompt cache
srv   prompt_save:  - saving prompt with length 828, total state size = 94.792 MiB
srv          load:  - looking for better prompt, base f_keep = 0.024, sim = 0.052
srv        update:  - cache state: 23 prompts, 7824.408 MiB (limits: 8192.000 MiB, 262144 tokens, 262144 est)
srv        update:    - prompt 0x5d592b1faf20:       9 tokens, checkpoints:  0,    75.587 MiB
srv        update:    - prompt 0x5d592c064420:   19704 tokens, checkpoints:  1,   612.790 MiB
srv        update:    - prompt 0x5d591f7b4ad0:     140 tokens, checkpoints:  0,    78.659 MiB
srv        update:    - prompt 0x5d592bda1a30:   19616 tokens, checkpoints:  1,   610.726 MiB
srv        update:    - prompt 0x5d592bda25b0:   19986 tokens, checkpoints:  1,   619.403 MiB
srv        update:    - prompt 0x5d5929e1b5c0:     135 tokens, checkpoints:  0,    78.542 MiB
srv        update:    - prompt 0x5d5929e59b00:   19805 tokens, checkpoints:  1,   615.158 MiB
srv        update:    - prompt 0x5d58ff693500:     358 tokens, checkpoints:  0,    83.771 MiB
srv        update:    - prompt 0x5d592b17bc90:   19893 tokens, checkpoints:  1,   617.222 MiB
srv        update:    - prompt 0x5d592c0638a0:     377 tokens, checkpoints:  0,    84.216 MiB
srv        update:    - prompt 0x5d592cbb9e60:   20682 tokens, checkpoints:  1,   635.723 MiB
srv        update:    - prompt 0x5d592b17c210:   20037 tokens, checkpoints:  1,   620.598 MiB
srv        update:    - prompt 0x5d58ff710e30:     580 tokens, checkpoints:  0,    88.977 MiB
srv        update:    - prompt 0x5d5929e35b50:   20398 tokens, checkpoints:  1,   629.064 MiB
srv        update:    - prompt 0x5d592ae1b4b0:     157 tokens, checkpoints:  0,    79.058 MiB
srv        update:    - prompt 0x5d5929e33760:   20553 tokens, checkpoints:  1,   632.698 MiB
srv        update:    - prompt 0x5d592bf0b560:     812 tokens, checkpoints:  1,   169.793 MiB
srv        update:    - prompt 0x5d592cbba890:     899 tokens, checkpoints:  1,   171.833 MiB
srv        update:    - prompt 0x5d5929e37990:     811 tokens, checkpoints:  1,   169.769 MiB
srv        update:    - prompt 0x5d592d0a7cf0:     910 tokens, checkpoints:  1,   172.091 MiB
srv        update:    - prompt 0x5d592d0a7170:     659 tokens, checkpoints:  1,   166.205 MiB
srv        update:    - prompt 0x5d5922abc450:   20965 tokens, checkpoints:  1,   642.359 MiB
srv        update:    - prompt 0x5d592aae79a0:     828 tokens, checkpoints:  1,   170.168 MiB
srv  get_availabl: prompt cache update took 37.67 ms
slot launch_slot_: id  1 | task -1 | sampler chain: logits -> ?penalties -> ?dry -> ?top-n-sigma -> top-k -> ?typical -> top-p -> min-p -> ?xtc -> ?temp-ext -> dist 
slot launch_slot_: id  1 | task 865 | processing task, is_child = 0
slot update_slots: id  1 | task 865 | new prompt, n_ctx_slot = 262144, n_keep = 0, task.n_tokens = 381
slot update_slots: id  1 | task 865 | n_past = 20, slot.prompt.tokens.size() = 828, seq_id = 1, pos_min = 827, n_swa = 1
slot update_slots: id  1 | task 865 | forcing full prompt re-processing due to lack of cache data (likely due to SWA or hybrid/recurrent memory, see https://github.com/ggml-org/llama.cpp/pull/13194#issuecomment-2868343055)
slot update_slots: id  1 | task 865 | erased invalidated context checkpoint (pos_min = 313, pos_max = 313, n_swa = 1, size = 75.376 MiB)
slot update_slots: id  1 | task 865 | n_tokens = 0, memory_seq_rm [0, end)
slot update_slots: id  1 | task 865 | prompt processing progress, n_tokens = 381, batch.n_tokens = 381, progress = 1.000000
slot update_slots: id  1 | task 865 | prompt done, n_tokens = 381, batch.n_tokens = 381
slot init_sampler: id  1 | task 865 | init sampler, took 0.03 ms, tokens: text = 381, total = 381
srv  params_from_: Chat format: Qwen3 Coder
slot get_availabl: id  2 | task -1 | selected slot by LRU, t_last = 6900345647
srv  get_availabl: updating prompt cache
srv   prompt_save:  - saving prompt with length 815, total state size = 94.487 MiB
srv          load:  - looking for better prompt, base f_keep = 0.025, sim = 0.001
srv        update:  - cache state: 24 prompts, 7994.271 MiB (limits: 8192.000 MiB, 262144 tokens, 262144 est)
srv        update:    - prompt 0x5d592b1faf20:       9 tokens, checkpoints:  0,    75.587 MiB
srv        update:    - prompt 0x5d592c064420:   19704 tokens, checkpoints:  1,   612.790 MiB
srv        update:    - prompt 0x5d591f7b4ad0:     140 tokens, checkpoints:  0,    78.659 MiB
srv        update:    - prompt 0x5d592bda1a30:   19616 tokens, checkpoints:  1,   610.726 MiB
srv        update:    - prompt 0x5d592bda25b0:   19986 tokens, checkpoints:  1,   619.403 MiB
srv        update:    - prompt 0x5d5929e1b5c0:     135 tokens, checkpoints:  0,    78.542 MiB
srv        update:    - prompt 0x5d5929e59b00:   19805 tokens, checkpoints:  1,   615.158 MiB
srv        update:    - prompt 0x5d58ff693500:     358 tokens, checkpoints:  0,    83.771 MiB
srv        update:    - prompt 0x5d592b17bc90:   19893 tokens, checkpoints:  1,   617.222 MiB
srv        update:    - prompt 0x5d592c0638a0:     377 tokens, checkpoints:  0,    84.216 MiB
srv        update:    - prompt 0x5d592cbb9e60:   20682 tokens, checkpoints:  1,   635.723 MiB
srv        update:    - prompt 0x5d592b17c210:   20037 tokens, checkpoints:  1,   620.598 MiB
srv        update:    - prompt 0x5d58ff710e30:     580 tokens, checkpoints:  0,    88.977 MiB
srv        update:    - prompt 0x5d5929e35b50:   20398 tokens, checkpoints:  1,   629.064 MiB
srv        update:    - prompt 0x5d592ae1b4b0:     157 tokens, checkpoints:  0,    79.058 MiB
srv        update:    - prompt 0x5d5929e33760:   20553 tokens, checkpoints:  1,   632.698 MiB
srv        update:    - prompt 0x5d592bf0b560:     812 tokens, checkpoints:  1,   169.793 MiB
srv        update:    - prompt 0x5d592cbba890:     899 tokens, checkpoints:  1,   171.833 MiB
srv        update:    - prompt 0x5d5929e37990:     811 tokens, checkpoints:  1,   169.769 MiB
srv        update:    - prompt 0x5d592d0a7cf0:     910 tokens, checkpoints:  1,   172.091 MiB
srv        update:    - prompt 0x5d592d0a7170:     659 tokens, checkpoints:  1,   166.205 MiB
srv        update:    - prompt 0x5d5922abc450:   20965 tokens, checkpoints:  1,   642.359 MiB
srv        update:    - prompt 0x5d592aae79a0:     828 tokens, checkpoints:  1,   170.168 MiB
srv        update:    - prompt 0x5d592efc34c0:     815 tokens, checkpoints:  1,   169.863 MiB
srv  get_availabl: prompt cache update took 36.03 ms
slot launch_slot_: id  2 | task -1 | sampler chain: logits -> ?penalties -> ?dry -> ?top-n-sigma -> top-k -> ?typical -> top-p -> min-p -> ?xtc -> ?temp-ext -> dist 
slot launch_slot_: id  2 | task 867 | processing task, is_child = 0
slot update_slots: id  2 | task 867 | new prompt, n_ctx_slot = 262144, n_keep = 0, task.n_tokens = 21015
slot update_slots: id  2 | task 867 | n_past = 20, slot.prompt.tokens.size() = 815, seq_id = 2, pos_min = 814, n_swa = 1
slot update_slots: id  2 | task 867 | forcing full prompt re-processing due to lack of cache data (likely due to SWA or hybrid/recurrent memory, see https://github.com/ggml-org/llama.cpp/pull/13194#issuecomment-2868343055)
slot update_slots: id  2 | task 867 | erased invalidated context checkpoint (pos_min = 300, pos_max = 300, n_swa = 1, size = 75.376 MiB)
slot update_slots: id  2 | task 867 | n_tokens = 0, memory_seq_rm [0, end)
slot update_slots: id  2 | task 867 | prompt processing progress, n_tokens = 2047, batch.n_tokens = 2048, progress = 0.097407
slot update_slots: id  2 | task 867 | n_tokens = 2047, memory_seq_rm [2047, end)
slot update_slots: id  2 | task 867 | prompt processing progress, n_tokens = 4094, batch.n_tokens = 2048, progress = 0.194813
slot update_slots: id  2 | task 867 | n_tokens = 4094, memory_seq_rm [4094, end)
slot update_slots: id  2 | task 867 | prompt processing progress, n_tokens = 6141, batch.n_tokens = 2048, progress = 0.292220
slot update_slots: id  2 | task 867 | n_tokens = 6141, memory_seq_rm [6141, end)
slot update_slots: id  2 | task 867 | prompt processing progress, n_tokens = 8188, batch.n_tokens = 2048, progress = 0.389626
slot update_slots: id  2 | task 867 | n_tokens = 8188, memory_seq_rm [8188, end)
slot update_slots: id  2 | task 867 | prompt processing progress, n_tokens = 10235, batch.n_tokens = 2048, progress = 0.487033
slot update_slots: id  2 | task 867 | n_tokens = 10235, memory_seq_rm [10235, end)
slot update_slots: id  2 | task 867 | prompt processing progress, n_tokens = 12282, batch.n_tokens = 2048, progress = 0.584440
slot update_slots: id  2 | task 867 | n_tokens = 12282, memory_seq_rm [12282, end)
slot update_slots: id  2 | task 867 | prompt processing progress, n_tokens = 14329, batch.n_tokens = 2048, progress = 0.681846
slot update_slots: id  2 | task 867 | n_tokens = 14329, memory_seq_rm [14329, end)
slot update_slots: id  2 | task 867 | prompt processing progress, n_tokens = 16376, batch.n_tokens = 2048, progress = 0.779253
slot update_slots: id  2 | task 867 | n_tokens = 16376, memory_seq_rm [16376, end)
slot update_slots: id  2 | task 867 | prompt processing progress, n_tokens = 18423, batch.n_tokens = 2048, progress = 0.876660
slot update_slots: id  2 | task 867 | n_tokens = 18423, memory_seq_rm [18423, end)
slot update_slots: id  2 | task 867 | prompt processing progress, n_tokens = 20470, batch.n_tokens = 2048, progress = 0.974066
slot update_slots: id  2 | task 867 | n_tokens = 20470, memory_seq_rm [20470, end)
slot update_slots: id  2 | task 867 | prompt processing progress, n_tokens = 20503, batch.n_tokens = 34, progress = 0.975636
slot update_slots: id  2 | task 867 | n_tokens = 20503, memory_seq_rm [20503, end)
slot update_slots: id  2 | task 867 | prompt processing progress, n_tokens = 21015, batch.n_tokens = 513, progress = 1.000000
slot update_slots: id  2 | task 867 | prompt done, n_tokens = 21015, batch.n_tokens = 513
slot init_sampler: id  2 | task 867 | init sampler, took 1.57 ms, tokens: text = 21015, total = 21015
slot update_slots: id  2 | task 867 | created context checkpoint 1 of 8 (pos_min = 20502, pos_max = 20502, size = 75.376 MiB)
slot print_timing: id  1 | task 865 | 
prompt eval time =     158.82 ms /   381 tokens (    0.42 ms per token,  2398.88 tokens per second)
       eval time =    7946.21 ms /    23 tokens (  345.49 ms per token,     2.89 tokens per second)
      total time =    8105.03 ms /   404 tokens
slot      release: id  1 | task 865 | stop processing: n_tokens = 403, truncated = 0
srv  log_server_r: done request: POST /v1/messages 127.0.0.1 200
slot print_timing: id  2 | task 867 | 
prompt eval time =    7741.95 ms / 21015 tokens (    0.37 ms per token,  2714.43 tokens per second)
       eval time =     913.44 ms /    72 tokens (   12.69 ms per token,    78.82 tokens per second)
      total time =    8655.39 ms / 21087 tokens
slot      release: id  2 | task 867 | stop processing: n_tokens = 21086, truncated = 0
srv  update_slots: all slots are idle
srv  log_server_r: done request: POST /v1/messages 127.0.0.1 200
srv  params_from_: Chat format: Qwen3 Coder
slot get_availabl: id  3 | task -1 | selected slot by LRU, t_last = 6900345787
srv  get_availabl: updating prompt cache
srv   prompt_save:  - saving prompt with length 813, total state size = 94.440 MiB
srv          load:  - looking for better prompt, base f_keep = 0.025, sim = 0.001
srv        update:  - cache state: 25 prompts, 8164.087 MiB (limits: 8192.000 MiB, 262144 tokens, 262144 est)
srv        update:    - prompt 0x5d592b1faf20:       9 tokens, checkpoints:  0,    75.587 MiB
srv        update:    - prompt 0x5d592c064420:   19704 tokens, checkpoints:  1,   612.790 MiB
srv        update:    - prompt 0x5d591f7b4ad0:     140 tokens, checkpoints:  0,    78.659 MiB
srv        update:    - prompt 0x5d592bda1a30:   19616 tokens, checkpoints:  1,   610.726 MiB
srv        update:    - prompt 0x5d592bda25b0:   19986 tokens, checkpoints:  1,   619.403 MiB
srv        update:    - prompt 0x5d5929e1b5c0:     135 tokens, checkpoints:  0,    78.542 MiB
srv        update:    - prompt 0x5d5929e59b00:   19805 tokens, checkpoints:  1,   615.158 MiB
srv        update:    - prompt 0x5d58ff693500:     358 tokens, checkpoints:  0,    83.771 MiB
srv        update:    - prompt 0x5d592b17bc90:   19893 tokens, checkpoints:  1,   617.222 MiB
srv        update:    - prompt 0x5d592c0638a0:     377 tokens, checkpoints:  0,    84.216 MiB
srv        update:    - prompt 0x5d592cbb9e60:   20682 tokens, checkpoints:  1,   635.723 MiB
srv        update:    - prompt 0x5d592b17c210:   20037 tokens, checkpoints:  1,   620.598 MiB
srv        update:    - prompt 0x5d58ff710e30:     580 tokens, checkpoints:  0,    88.977 MiB
srv        update:    - prompt 0x5d5929e35b50:   20398 tokens, checkpoints:  1,   629.064 MiB
srv        update:    - prompt 0x5d592ae1b4b0:     157 tokens, checkpoints:  0,    79.058 MiB
srv        update:    - prompt 0x5d5929e33760:   20553 tokens, checkpoints:  1,   632.698 MiB
srv        update:    - prompt 0x5d592bf0b560:     812 tokens, checkpoints:  1,   169.793 MiB
srv        update:    - prompt 0x5d592cbba890:     899 tokens, checkpoints:  1,   171.833 MiB
srv        update:    - prompt 0x5d5929e37990:     811 tokens, checkpoints:  1,   169.769 MiB
srv        update:    - prompt 0x5d592d0a7cf0:     910 tokens, checkpoints:  1,   172.091 MiB
srv        update:    - prompt 0x5d592d0a7170:     659 tokens, checkpoints:  1,   166.205 MiB
srv        update:    - prompt 0x5d5922abc450:   20965 tokens, checkpoints:  1,   642.359 MiB
srv        update:    - prompt 0x5d592aae79a0:     828 tokens, checkpoints:  1,   170.168 MiB
srv        update:    - prompt 0x5d592efc34c0:     815 tokens, checkpoints:  1,   169.863 MiB
srv        update:    - prompt 0x5d592f5644c0:     813 tokens, checkpoints:  1,   169.816 MiB
srv  get_availabl: prompt cache update took 36.02 ms
slot launch_slot_: id  3 | task -1 | sampler chain: logits -> ?penalties -> ?dry -> ?top-n-sigma -> top-k -> ?typical -> top-p -> min-p -> ?xtc -> ?temp-ext -> dist 
slot launch_slot_: id  3 | task 951 | processing task, is_child = 0
slot update_slots: id  3 | task 951 | new prompt, n_ctx_slot = 262144, n_keep = 0, task.n_tokens = 21359
slot update_slots: id  3 | task 951 | n_past = 20, slot.prompt.tokens.size() = 813, seq_id = 3, pos_min = 812, n_swa = 1
slot update_slots: id  3 | task 951 | forcing full prompt re-processing due to lack of cache data (likely due to SWA or hybrid/recurrent memory, see https://github.com/ggml-org/llama.cpp/pull/13194#issuecomment-2868343055)
slot update_slots: id  3 | task 951 | erased invalidated context checkpoint (pos_min = 298, pos_max = 298, n_swa = 1, size = 75.376 MiB)
slot update_slots: id  3 | task 951 | n_tokens = 0, memory_seq_rm [0, end)
slot update_slots: id  3 | task 951 | prompt processing progress, n_tokens = 2048, batch.n_tokens = 2048, progress = 0.095885
slot update_slots: id  3 | task 951 | n_tokens = 2048, memory_seq_rm [2048, end)
slot update_slots: id  3 | task 951 | prompt processing progress, n_tokens = 4096, batch.n_tokens = 2048, progress = 0.191769
slot update_slots: id  3 | task 951 | n_tokens = 4096, memory_seq_rm [4096, end)
slot update_slots: id  3 | task 951 | prompt processing progress, n_tokens = 6144, batch.n_tokens = 2048, progress = 0.287654
slot update_slots: id  3 | task 951 | n_tokens = 6144, memory_seq_rm [6144, end)
slot update_slots: id  3 | task 951 | prompt processing progress, n_tokens = 8192, batch.n_tokens = 2048, progress = 0.383539
slot update_slots: id  3 | task 951 | n_tokens = 8192, memory_seq_rm [8192, end)
slot update_slots: id  3 | task 951 | prompt processing progress, n_tokens = 10240, batch.n_tokens = 2048, progress = 0.479423
slot update_slots: id  3 | task 951 | n_tokens = 10240, memory_seq_rm [10240, end)
slot update_slots: id  3 | task 951 | prompt processing progress, n_tokens = 12288, batch.n_tokens = 2048, progress = 0.575308
slot update_slots: id  3 | task 951 | n_tokens = 12288, memory_seq_rm [12288, end)
slot update_slots: id  3 | task 951 | prompt processing progress, n_tokens = 14336, batch.n_tokens = 2048, progress = 0.671192
slot update_slots: id  3 | task 951 | n_tokens = 14336, memory_seq_rm [14336, end)
slot update_slots: id  3 | task 951 | prompt processing progress, n_tokens = 16384, batch.n_tokens = 2048, progress = 0.767077
slot update_slots: id  3 | task 951 | n_tokens = 16384, memory_seq_rm [16384, end)
slot update_slots: id  3 | task 951 | prompt processing progress, n_tokens = 18432, batch.n_tokens = 2048, progress = 0.862962
slot update_slots: id  3 | task 951 | n_tokens = 18432, memory_seq_rm [18432, end)
slot update_slots: id  3 | task 951 | prompt processing progress, n_tokens = 20480, batch.n_tokens = 2048, progress = 0.958846
slot update_slots: id  3 | task 951 | n_tokens = 20480, memory_seq_rm [20480, end)
slot update_slots: id  3 | task 951 | prompt processing progress, n_tokens = 20847, batch.n_tokens = 367, progress = 0.976029
slot update_slots: id  3 | task 951 | n_tokens = 20847, memory_seq_rm [20847, end)
slot update_slots: id  3 | task 951 | prompt processing progress, n_tokens = 21359, batch.n_tokens = 512, progress = 1.000000
slot update_slots: id  3 | task 951 | prompt done, n_tokens = 21359, batch.n_tokens = 512
slot init_sampler: id  3 | task 951 | init sampler, took 1.58 ms, tokens: text = 21359, total = 21359
slot update_slots: id  3 | task 951 | created context checkpoint 1 of 8 (pos_min = 20846, pos_max = 20846, size = 75.376 MiB)
slot print_timing: id  3 | task 951 | 
prompt eval time =    7978.74 ms / 21359 tokens (    0.37 ms per token,  2676.99 tokens per second)
       eval time =      39.06 ms /     4 tokens (    9.76 ms per token,   102.41 tokens per second)
      total time =    8017.80 ms / 21363 tokens
slot      release: id  3 | task 951 | stop processing: n_tokens = 21362, truncated = 0
srv  update_slots: all slots are idle
srv  log_server_r: done request: POST /v1/messages 127.0.0.1 200
srv  params_from_: Chat format: Qwen3 Coder
slot get_availabl: id  0 | task -1 | selected slot by LCP similarity, sim_best = 0.147 (> 0.100 thold), f_keep = 0.024
srv  get_availabl: updating prompt cache
srv   prompt_save:  - saving prompt with length 840, total state size = 95.073 MiB
srv          load:  - looking for better prompt, base f_keep = 0.024, sim = 0.147
srv        update:  - cache size limit reached, removing oldest entry (size = 75.587 MiB)
srv        update:  - cache size limit reached, removing oldest entry (size = 612.790 MiB)
srv        update:  - cache state: 24 prompts, 7646.159 MiB (limits: 8192.000 MiB, 262144 tokens, 262144 est)
srv        update:    - prompt 0x5d591f7b4ad0:     140 tokens, checkpoints:  0,    78.659 MiB
srv        update:    - prompt 0x5d592bda1a30:   19616 tokens, checkpoints:  1,   610.726 MiB
srv        update:    - prompt 0x5d592bda25b0:   19986 tokens, checkpoints:  1,   619.403 MiB
srv        update:    - prompt 0x5d5929e1b5c0:     135 tokens, checkpoints:  0,    78.542 MiB
srv        update:    - prompt 0x5d5929e59b00:   19805 tokens, checkpoints:  1,   615.158 MiB
srv        update:    - prompt 0x5d58ff693500:     358 tokens, checkpoints:  0,    83.771 MiB
srv        update:    - prompt 0x5d592b17bc90:   19893 tokens, checkpoints:  1,   617.222 MiB
srv        update:    - prompt 0x5d592c0638a0:     377 tokens, checkpoints:  0,    84.216 MiB
srv        update:    - prompt 0x5d592cbb9e60:   20682 tokens, checkpoints:  1,   635.723 MiB
srv        update:    - prompt 0x5d592b17c210:   20037 tokens, checkpoints:  1,   620.598 MiB
srv        update:    - prompt 0x5d58ff710e30:     580 tokens, checkpoints:  0,    88.977 MiB
srv        update:    - prompt 0x5d5929e35b50:   20398 tokens, checkpoints:  1,   629.064 MiB
srv        update:    - prompt 0x5d592ae1b4b0:     157 tokens, checkpoints:  0,    79.058 MiB
srv        update:    - prompt 0x5d5929e33760:   20553 tokens, checkpoints:  1,   632.698 MiB
srv        update:    - prompt 0x5d592bf0b560:     812 tokens, checkpoints:  1,   169.793 MiB
srv        update:    - prompt 0x5d592cbba890:     899 tokens, checkpoints:  1,   171.833 MiB
srv        update:    - prompt 0x5d5929e37990:     811 tokens, checkpoints:  1,   169.769 MiB
srv        update:    - prompt 0x5d592d0a7cf0:     910 tokens, checkpoints:  1,   172.091 MiB
srv        update:    - prompt 0x5d592d0a7170:     659 tokens, checkpoints:  1,   166.205 MiB
srv        update:    - prompt 0x5d5922abc450:   20965 tokens, checkpoints:  1,   642.359 MiB
srv        update:    - prompt 0x5d592aae79a0:     828 tokens, checkpoints:  1,   170.168 MiB
srv        update:    - prompt 0x5d592efc34c0:     815 tokens, checkpoints:  1,   169.863 MiB
srv        update:    - prompt 0x5d592f5644c0:     813 tokens, checkpoints:  1,   169.816 MiB
srv        update:    - prompt 0x5d592f55b990:     840 tokens, checkpoints:  1,   170.449 MiB
srv  get_availabl: prompt cache update took 48.58 ms
slot launch_slot_: id  0 | task -1 | sampler chain: logits -> ?penalties -> ?dry -> ?top-n-sigma -> top-k -> ?typical -> top-p -> min-p -> ?xtc -> ?temp-ext -> dist 
slot launch_slot_: id  0 | task 967 | processing task, is_child = 0
slot update_slots: id  0 | task 967 | new prompt, n_ctx_slot = 262144, n_keep = 0, task.n_tokens = 136
slot update_slots: id  0 | task 967 | n_past = 20, slot.prompt.tokens.size() = 840, seq_id = 0, pos_min = 839, n_swa = 1
slot update_slots: id  0 | task 967 | forcing full prompt re-processing due to lack of cache data (likely due to SWA or hybrid/recurrent memory, see https://github.com/ggml-org/llama.cpp/pull/13194#issuecomment-2868343055)
slot update_slots: id  0 | task 967 | erased invalidated context checkpoint (pos_min = 323, pos_max = 323, n_swa = 1, size = 75.376 MiB)
slot update_slots: id  0 | task 967 | n_tokens = 0, memory_seq_rm [0, end)
slot update_slots: id  0 | task 967 | prompt processing progress, n_tokens = 136, batch.n_tokens = 136, progress = 1.000000
slot update_slots: id  0 | task 967 | prompt done, n_tokens = 136, batch.n_tokens = 136
slot init_sampler: id  0 | task 967 | init sampler, took 0.01 ms, tokens: text = 136, total = 136
srv  params_from_: Chat format: Qwen3 Coder
slot get_availabl: id  1 | task -1 | selected slot by LRU, t_last = 6913764174
srv  get_availabl: updating prompt cache
srv   prompt_save:  - saving prompt with length 403, total state size = 84.826 MiB
srv          load:  - looking for better prompt, base f_keep = 0.050, sim = 0.001
srv        update:  - cache state: 25 prompts, 7730.985 MiB (limits: 8192.000 MiB, 262144 tokens, 262144 est)
srv        update:    - prompt 0x5d591f7b4ad0:     140 tokens, checkpoints:  0,    78.659 MiB
srv        update:    - prompt 0x5d592bda1a30:   19616 tokens, checkpoints:  1,   610.726 MiB
srv        update:    - prompt 0x5d592bda25b0:   19986 tokens, checkpoints:  1,   619.403 MiB
srv        update:    - prompt 0x5d5929e1b5c0:     135 tokens, checkpoints:  0,    78.542 MiB
srv        update:    - prompt 0x5d5929e59b00:   19805 tokens, checkpoints:  1,   615.158 MiB
srv        update:    - prompt 0x5d58ff693500:     358 tokens, checkpoints:  0,    83.771 MiB
srv        update:    - prompt 0x5d592b17bc90:   19893 tokens, checkpoints:  1,   617.222 MiB
srv        update:    - prompt 0x5d592c0638a0:     377 tokens, checkpoints:  0,    84.216 MiB
srv        update:    - prompt 0x5d592cbb9e60:   20682 tokens, checkpoints:  1,   635.723 MiB
srv        update:    - prompt 0x5d592b17c210:   20037 tokens, checkpoints:  1,   620.598 MiB
srv        update:    - prompt 0x5d58ff710e30:     580 tokens, checkpoints:  0,    88.977 MiB
srv        update:    - prompt 0x5d5929e35b50:   20398 tokens, checkpoints:  1,   629.064 MiB
srv        update:    - prompt 0x5d592ae1b4b0:     157 tokens, checkpoints:  0,    79.058 MiB
srv        update:    - prompt 0x5d5929e33760:   20553 tokens, checkpoints:  1,   632.698 MiB
srv        update:    - prompt 0x5d592bf0b560:     812 tokens, checkpoints:  1,   169.793 MiB
srv        update:    - prompt 0x5d592cbba890:     899 tokens, checkpoints:  1,   171.833 MiB
srv        update:    - prompt 0x5d5929e37990:     811 tokens, checkpoints:  1,   169.769 MiB
srv        update:    - prompt 0x5d592d0a7cf0:     910 tokens, checkpoints:  1,   172.091 MiB
srv        update:    - prompt 0x5d592d0a7170:     659 tokens, checkpoints:  1,   166.205 MiB
srv        update:    - prompt 0x5d5922abc450:   20965 tokens, checkpoints:  1,   642.359 MiB
srv        update:    - prompt 0x5d592aae79a0:     828 tokens, checkpoints:  1,   170.168 MiB
srv        update:    - prompt 0x5d592efc34c0:     815 tokens, checkpoints:  1,   169.863 MiB
srv        update:    - prompt 0x5d592f5644c0:     813 tokens, checkpoints:  1,   169.816 MiB
srv        update:    - prompt 0x5d592f55b990:     840 tokens, checkpoints:  1,   170.449 MiB
srv        update:    - prompt 0x5d592b1faf20:     403 tokens, checkpoints:  0,    84.826 MiB
srv  get_availabl: prompt cache update took 23.52 ms
slot launch_slot_: id  1 | task -1 | sampler chain: logits -> ?penalties -> ?dry -> ?top-n-sigma -> top-k -> ?typical -> top-p -> min-p -> ?xtc -> ?temp-ext -> dist 
slot launch_slot_: id  1 | task 969 | processing task, is_child = 0
slot update_slots: id  1 | task 969 | new prompt, n_ctx_slot = 262144, n_keep = 0, task.n_tokens = 21107
slot update_slots: id  1 | task 969 | n_past = 20, slot.prompt.tokens.size() = 403, seq_id = 1, pos_min = 402, n_swa = 1
slot update_slots: id  1 | task 969 | forcing full prompt re-processing due to lack of cache data (likely due to SWA or hybrid/recurrent memory, see https://github.com/ggml-org/llama.cpp/pull/13194#issuecomment-2868343055)
slot update_slots: id  1 | task 969 | n_tokens = 0, memory_seq_rm [0, end)
slot update_slots: id  1 | task 969 | prompt processing progress, n_tokens = 2047, batch.n_tokens = 2048, progress = 0.096982
slot update_slots: id  1 | task 969 | n_tokens = 2047, memory_seq_rm [2047, end)
slot update_slots: id  1 | task 969 | prompt processing progress, n_tokens = 4094, batch.n_tokens = 2048, progress = 0.193964
slot update_slots: id  1 | task 969 | n_tokens = 4094, memory_seq_rm [4094, end)
slot update_slots: id  1 | task 969 | prompt processing progress, n_tokens = 6141, batch.n_tokens = 2048, progress = 0.290946
slot update_slots: id  1 | task 969 | n_tokens = 6141, memory_seq_rm [6141, end)
slot update_slots: id  1 | task 969 | prompt processing progress, n_tokens = 8188, batch.n_tokens = 2048, progress = 0.387928
slot update_slots: id  1 | task 969 | n_tokens = 8188, memory_seq_rm [8188, end)
slot update_slots: id  1 | task 969 | prompt processing progress, n_tokens = 10235, batch.n_tokens = 2048, progress = 0.484910
slot update_slots: id  1 | task 969 | n_tokens = 10235, memory_seq_rm [10235, end)
slot update_slots: id  1 | task 969 | prompt processing progress, n_tokens = 12282, batch.n_tokens = 2048, progress = 0.581892
slot update_slots: id  1 | task 969 | n_tokens = 12282, memory_seq_rm [12282, end)
slot update_slots: id  1 | task 969 | prompt processing progress, n_tokens = 14329, batch.n_tokens = 2048, progress = 0.678874
slot update_slots: id  1 | task 969 | n_tokens = 14329, memory_seq_rm [14329, end)
slot update_slots: id  1 | task 969 | prompt processing progress, n_tokens = 16376, batch.n_tokens = 2048, progress = 0.775856
slot update_slots: id  1 | task 969 | n_tokens = 16376, memory_seq_rm [16376, end)
slot update_slots: id  1 | task 969 | prompt processing progress, n_tokens = 18423, batch.n_tokens = 2048, progress = 0.872838
slot update_slots: id  1 | task 969 | n_tokens = 18423, memory_seq_rm [18423, end)
slot update_slots: id  1 | task 969 | prompt processing progress, n_tokens = 20470, batch.n_tokens = 2048, progress = 0.969820
slot update_slots: id  1 | task 969 | n_tokens = 20470, memory_seq_rm [20470, end)
slot update_slots: id  1 | task 969 | prompt processing progress, n_tokens = 20595, batch.n_tokens = 126, progress = 0.975743
slot update_slots: id  1 | task 969 | n_tokens = 20595, memory_seq_rm [20595, end)
slot update_slots: id  1 | task 969 | prompt processing progress, n_tokens = 21107, batch.n_tokens = 513, progress = 1.000000
slot update_slots: id  1 | task 969 | prompt done, n_tokens = 21107, batch.n_tokens = 513
slot init_sampler: id  1 | task 969 | init sampler, took 1.58 ms, tokens: text = 21107, total = 21107
slot update_slots: id  1 | task 969 | created context checkpoint 1 of 8 (pos_min = 20594, pos_max = 20594, size = 75.376 MiB)
slot print_timing: id  0 | task 967 | 
prompt eval time =     101.61 ms /   136 tokens (    0.75 ms per token,  1338.41 tokens per second)
       eval time =    8808.86 ms /    21 tokens (  419.47 ms per token,     2.38 tokens per second)
      total time =    8910.47 ms /   157 tokens
slot      release: id  0 | task 967 | stop processing: n_tokens = 156, truncated = 0
srv  log_server_r: done request: POST /v1/messages 127.0.0.1 200
slot print_timing: id  1 | task 969 | 
prompt eval time =    8647.75 ms / 21107 tokens (    0.41 ms per token,  2440.75 tokens per second)
       eval time =     932.96 ms /    71 tokens (   13.14 ms per token,    76.10 tokens per second)
      total time =    9580.71 ms / 21178 tokens
slot      release: id  1 | task 969 | stop processing: n_tokens = 21177, truncated = 0
srv  update_slots: all slots are idle
srv  log_server_r: done request: POST /v1/messages 127.0.0.1 200
srv  params_from_: Chat format: Qwen3 Coder
slot get_availabl: id  2 | task -1 | selected slot by LRU, t_last = 6914510265
srv  get_availabl: updating prompt cache
srv   prompt_save:  - saving prompt with length 21086, total state size = 569.821 MiB
srv  params_from_: Chat format: Qwen3 Coder
srv          load:  - looking for better prompt, base f_keep = 0.001, sim = 0.037
srv        update:  - cache size limit reached, removing oldest entry (size = 78.659 MiB)
srv        update:  - cache size limit reached, removing oldest entry (size = 610.726 MiB)
srv        update:  - cache state: 24 prompts, 7686.796 MiB (limits: 8192.000 MiB, 262144 tokens, 262144 est)
srv        update:    - prompt 0x5d592bda25b0:   19986 tokens, checkpoints:  1,   619.403 MiB
srv        update:    - prompt 0x5d5929e1b5c0:     135 tokens, checkpoints:  0,    78.542 MiB
srv        update:    - prompt 0x5d5929e59b00:   19805 tokens, checkpoints:  1,   615.158 MiB
srv        update:    - prompt 0x5d58ff693500:     358 tokens, checkpoints:  0,    83.771 MiB
srv        update:    - prompt 0x5d592b17bc90:   19893 tokens, checkpoints:  1,   617.222 MiB
srv        update:    - prompt 0x5d592c0638a0:     377 tokens, checkpoints:  0,    84.216 MiB
srv        update:    - prompt 0x5d592cbb9e60:   20682 tokens, checkpoints:  1,   635.723 MiB
srv        update:    - prompt 0x5d592b17c210:   20037 tokens, checkpoints:  1,   620.598 MiB
srv        update:    - prompt 0x5d58ff710e30:     580 tokens, checkpoints:  0,    88.977 MiB
srv        update:    - prompt 0x5d5929e35b50:   20398 tokens, checkpoints:  1,   629.064 MiB
srv        update:    - prompt 0x5d592ae1b4b0:     157 tokens, checkpoints:  0,    79.058 MiB
srv        update:    - prompt 0x5d5929e33760:   20553 tokens, checkpoints:  1,   632.698 MiB
srv        update:    - prompt 0x5d592bf0b560:     812 tokens, checkpoints:  1,   169.793 MiB
srv        update:    - prompt 0x5d592cbba890:     899 tokens, checkpoints:  1,   171.833 MiB
srv        update:    - prompt 0x5d5929e37990:     811 tokens, checkpoints:  1,   169.769 MiB
srv        update:    - prompt 0x5d592d0a7cf0:     910 tokens, checkpoints:  1,   172.091 MiB
srv        update:    - prompt 0x5d592d0a7170:     659 tokens, checkpoints:  1,   166.205 MiB
srv        update:    - prompt 0x5d5922abc450:   20965 tokens, checkpoints:  1,   642.359 MiB
srv        update:    - prompt 0x5d592aae79a0:     828 tokens, checkpoints:  1,   170.168 MiB
srv        update:    - prompt 0x5d592efc34c0:     815 tokens, checkpoints:  1,   169.863 MiB
srv        update:    - prompt 0x5d592f5644c0:     813 tokens, checkpoints:  1,   169.816 MiB
srv        update:    - prompt 0x5d592f55b990:     840 tokens, checkpoints:  1,   170.449 MiB
srv        update:    - prompt 0x5d592b1faf20:     403 tokens, checkpoints:  0,    84.826 MiB
srv        update:    - prompt 0x5d58ff68a8b0:   21086 tokens, checkpoints:  1,   645.196 MiB
srv  get_availabl: prompt cache update took 153.81 ms
slot launch_slot_: id  2 | task -1 | sampler chain: logits -> ?penalties -> ?dry -> ?top-n-sigma -> top-k -> ?typical -> top-p -> min-p -> ?xtc -> ?temp-ext -> dist 
slot launch_slot_: id  2 | task 1052 | processing task, is_child = 0
slot get_availabl: id  3 | task -1 | selected slot by LRU, t_last = 6922625230
srv  get_availabl: updating prompt cache
srv   prompt_save:  - saving prompt with length 21362, total state size = 576.292 MiB
srv          load:  - looking for better prompt, base f_keep = 0.001, sim = 0.001
srv        update:  - cache size limit reached, removing oldest entry (size = 619.403 MiB)
srv        update:  - cache state: 24 prompts, 7719.061 MiB (limits: 8192.000 MiB, 262144 tokens, 262144 est)
srv        update:    - prompt 0x5d5929e1b5c0:     135 tokens, checkpoints:  0,    78.542 MiB
srv        update:    - prompt 0x5d5929e59b00:   19805 tokens, checkpoints:  1,   615.158 MiB
srv        update:    - prompt 0x5d58ff693500:     358 tokens, checkpoints:  0,    83.771 MiB
srv        update:    - prompt 0x5d592b17bc90:   19893 tokens, checkpoints:  1,   617.222 MiB
srv        update:    - prompt 0x5d592c0638a0:     377 tokens, checkpoints:  0,    84.216 MiB
srv        update:    - prompt 0x5d592cbb9e60:   20682 tokens, checkpoints:  1,   635.723 MiB
srv        update:    - prompt 0x5d592b17c210:   20037 tokens, checkpoints:  1,   620.598 MiB
srv        update:    - prompt 0x5d58ff710e30:     580 tokens, checkpoints:  0,    88.977 MiB
srv        update:    - prompt 0x5d5929e35b50:   20398 tokens, checkpoints:  1,   629.064 MiB
srv        update:    - prompt 0x5d592ae1b4b0:     157 tokens, checkpoints:  0,    79.058 MiB
srv        update:    - prompt 0x5d5929e33760:   20553 tokens, checkpoints:  1,   632.698 MiB
srv        update:    - prompt 0x5d592bf0b560:     812 tokens, checkpoints:  1,   169.793 MiB
srv        update:    - prompt 0x5d592cbba890:     899 tokens, checkpoints:  1,   171.833 MiB
srv        update:    - prompt 0x5d5929e37990:     811 tokens, checkpoints:  1,   169.769 MiB
srv        update:    - prompt 0x5d592d0a7cf0:     910 tokens, checkpoints:  1,   172.091 MiB
srv        update:    - prompt 0x5d592d0a7170:     659 tokens, checkpoints:  1,   166.205 MiB
srv        update:    - prompt 0x5d5922abc450:   20965 tokens, checkpoints:  1,   642.359 MiB
srv        update:    - prompt 0x5d592aae79a0:     828 tokens, checkpoints:  1,   170.168 MiB
srv        update:    - prompt 0x5d592efc34c0:     815 tokens, checkpoints:  1,   169.863 MiB
srv        update:    - prompt 0x5d592f5644c0:     813 tokens, checkpoints:  1,   169.816 MiB
srv        update:    - prompt 0x5d592f55b990:     840 tokens, checkpoints:  1,   170.449 MiB
srv        update:    - prompt 0x5d592b1faf20:     403 tokens, checkpoints:  0,    84.826 MiB
srv        update:    - prompt 0x5d58ff68a8b0:   21086 tokens, checkpoints:  1,   645.196 MiB
srv        update:    - prompt 0x5d591f7b4ad0:   21362 tokens, checkpoints:  1,   651.668 MiB
srv  get_availabl: prompt cache update took 146.40 ms
slot launch_slot_: id  3 | task -1 | sampler chain: logits -> ?penalties -> ?dry -> ?top-n-sigma -> top-k -> ?typical -> top-p -> min-p -> ?xtc -> ?temp-ext -> dist 
slot launch_slot_: id  3 | task 1053 | processing task, is_child = 0
slot update_slots: id  2 | task 1052 | new prompt, n_ctx_slot = 262144, n_keep = 0, task.n_tokens = 539
slot update_slots: id  2 | task 1052 | n_past = 20, slot.prompt.tokens.size() = 21086, seq_id = 2, pos_min = 21085, n_swa = 1
slot update_slots: id  2 | task 1052 | forcing full prompt re-processing due to lack of cache data (likely due to SWA or hybrid/recurrent memory, see https://github.com/ggml-org/llama.cpp/pull/13194#issuecomment-2868343055)
slot update_slots: id  2 | task 1052 | erased invalidated context checkpoint (pos_min = 20502, pos_max = 20502, n_swa = 1, size = 75.376 MiB)
slot update_slots: id  2 | task 1052 | n_tokens = 0, memory_seq_rm [0, end)
slot update_slots: id  2 | task 1052 | prompt processing progress, n_tokens = 27, batch.n_tokens = 27, progress = 0.050093
slot update_slots: id  3 | task 1053 | new prompt, n_ctx_slot = 262144, n_keep = 0, task.n_tokens = 21378
slot update_slots: id  3 | task 1053 | n_past = 32, slot.prompt.tokens.size() = 21362, seq_id = 3, pos_min = 21361, n_swa = 1
slot update_slots: id  3 | task 1053 | forcing full prompt re-processing due to lack of cache data (likely due to SWA or hybrid/recurrent memory, see https://github.com/ggml-org/llama.cpp/pull/13194#issuecomment-2868343055)
slot update_slots: id  3 | task 1053 | erased invalidated context checkpoint (pos_min = 20846, pos_max = 20846, n_swa = 1, size = 75.376 MiB)
slot update_slots: id  3 | task 1053 | n_tokens = 0, memory_seq_rm [0, end)
slot update_slots: id  3 | task 1053 | prompt processing progress, n_tokens = 2021, batch.n_tokens = 2048, progress = 0.094536
slot update_slots: id  2 | task 1052 | n_tokens = 27, memory_seq_rm [27, end)
slot update_slots: id  2 | task 1052 | prompt processing progress, n_tokens = 539, batch.n_tokens = 512, progress = 1.000000
slot update_slots: id  2 | task 1052 | prompt done, n_tokens = 539, batch.n_tokens = 512
slot init_sampler: id  2 | task 1052 | init sampler, took 0.04 ms, tokens: text = 539, total = 539
slot update_slots: id  3 | task 1053 | n_tokens = 2021, memory_seq_rm [2021, end)
slot update_slots: id  3 | task 1053 | prompt processing progress, n_tokens = 3557, batch.n_tokens = 2048, progress = 0.166386
slot update_slots: id  3 | task 1053 | n_tokens = 3557, memory_seq_rm [3557, end)
slot update_slots: id  3 | task 1053 | prompt processing progress, n_tokens = 5604, batch.n_tokens = 2048, progress = 0.262139
slot update_slots: id  3 | task 1053 | n_tokens = 5604, memory_seq_rm [5604, end)
slot update_slots: id  3 | task 1053 | prompt processing progress, n_tokens = 7651, batch.n_tokens = 2048, progress = 0.357891
slot update_slots: id  3 | task 1053 | n_tokens = 7651, memory_seq_rm [7651, end)
slot update_slots: id  3 | task 1053 | prompt processing progress, n_tokens = 9698, batch.n_tokens = 2048, progress = 0.453644
slot update_slots: id  3 | task 1053 | n_tokens = 9698, memory_seq_rm [9698, end)
slot update_slots: id  3 | task 1053 | prompt processing progress, n_tokens = 11745, batch.n_tokens = 2048, progress = 0.549397
slot update_slots: id  3 | task 1053 | n_tokens = 11745, memory_seq_rm [11745, end)
slot update_slots: id  3 | task 1053 | prompt processing progress, n_tokens = 13792, batch.n_tokens = 2048, progress = 0.645149
slot update_slots: id  3 | task 1053 | n_tokens = 13792, memory_seq_rm [13792, end)
slot update_slots: id  3 | task 1053 | prompt processing progress, n_tokens = 15839, batch.n_tokens = 2048, progress = 0.740902
slot update_slots: id  3 | task 1053 | n_tokens = 15839, memory_seq_rm [15839, end)
slot update_slots: id  3 | task 1053 | prompt processing progress, n_tokens = 17886, batch.n_tokens = 2048, progress = 0.836654
slot update_slots: id  3 | task 1053 | n_tokens = 17886, memory_seq_rm [17886, end)
slot update_slots: id  3 | task 1053 | prompt processing progress, n_tokens = 19933, batch.n_tokens = 2048, progress = 0.932407
slot update_slots: id  3 | task 1053 | n_tokens = 19933, memory_seq_rm [19933, end)
slot update_slots: id  3 | task 1053 | prompt processing progress, n_tokens = 20866, batch.n_tokens = 934, progress = 0.976050
slot update_slots: id  3 | task 1053 | n_tokens = 20866, memory_seq_rm [20866, end)
slot update_slots: id  3 | task 1053 | prompt processing progress, n_tokens = 21378, batch.n_tokens = 513, progress = 1.000000
slot update_slots: id  3 | task 1053 | prompt done, n_tokens = 21378, batch.n_tokens = 513
slot init_sampler: id  3 | task 1053 | init sampler, took 1.61 ms, tokens: text = 21378, total = 21378
slot update_slots: id  3 | task 1053 | created context checkpoint 1 of 8 (pos_min = 20865, pos_max = 20865, size = 75.376 MiB)
slot print_timing: id  2 | task 1052 | 
prompt eval time =    1686.20 ms /   539 tokens (    3.13 ms per token,   319.65 tokens per second)
       eval time =    7634.23 ms /    23 tokens (  331.92 ms per token,     3.01 tokens per second)
      total time =    9320.43 ms /   562 tokens
slot      release: id  2 | task 1052 | stop processing: n_tokens = 561, truncated = 0
srv  log_server_r: done request: POST /v1/messages 127.0.0.1 200
slot print_timing: id  3 | task 1053 | 
prompt eval time =    9113.49 ms / 21378 tokens (    0.43 ms per token,  2345.75 tokens per second)
       eval time =     776.83 ms /    56 tokens (   13.87 ms per token,    72.09 tokens per second)
      total time =    9890.32 ms / 21434 tokens
slot      release: id  3 | task 1053 | stop processing: n_tokens = 21433, truncated = 0
srv  update_slots: all slots are idle
srv  log_server_r: done request: POST /v1/messages 127.0.0.1 200
srv  log_server_r: done request: POST /v1/messages/count_tokens 127.0.0.1 200
srv  params_from_: Chat format: Qwen3 Coder
slot get_availabl: id  0 | task -1 | selected slot by LRU, t_last = 6945304049
srv  get_availabl: updating prompt cache
srv   prompt_save:  - saving prompt with length 156, total state size = 79.034 MiB
srv          load:  - looking for better prompt, base f_keep = 0.128, sim = 0.001
srv        update:  - cache state: 25 prompts, 7798.096 MiB (limits: 8192.000 MiB, 262144 tokens, 262144 est)
srv        update:    - prompt 0x5d5929e1b5c0:     135 tokens, checkpoints:  0,    78.542 MiB
srv        update:    - prompt 0x5d5929e59b00:   19805 tokens, checkpoints:  1,   615.158 MiB
srv        update:    - prompt 0x5d58ff693500:     358 tokens, checkpoints:  0,    83.771 MiB
srv        update:    - prompt 0x5d592b17bc90:   19893 tokens, checkpoints:  1,   617.222 MiB
srv        update:    - prompt 0x5d592c0638a0:     377 tokens, checkpoints:  0,    84.216 MiB
srv        update:    - prompt 0x5d592cbb9e60:   20682 tokens, checkpoints:  1,   635.723 MiB
srv        update:    - prompt 0x5d592b17c210:   20037 tokens, checkpoints:  1,   620.598 MiB
srv        update:    - prompt 0x5d58ff710e30:     580 tokens, checkpoints:  0,    88.977 MiB
srv        update:    - prompt 0x5d5929e35b50:   20398 tokens, checkpoints:  1,   629.064 MiB
srv        update:    - prompt 0x5d592ae1b4b0:     157 tokens, checkpoints:  0,    79.058 MiB
srv        update:    - prompt 0x5d5929e33760:   20553 tokens, checkpoints:  1,   632.698 MiB
srv        update:    - prompt 0x5d592bf0b560:     812 tokens, checkpoints:  1,   169.793 MiB
srv        update:    - prompt 0x5d592cbba890:     899 tokens, checkpoints:  1,   171.833 MiB
srv        update:    - prompt 0x5d5929e37990:     811 tokens, checkpoints:  1,   169.769 MiB
srv        update:    - prompt 0x5d592d0a7cf0:     910 tokens, checkpoints:  1,   172.091 MiB
srv        update:    - prompt 0x5d592d0a7170:     659 tokens, checkpoints:  1,   166.205 MiB
srv        update:    - prompt 0x5d5922abc450:   20965 tokens, checkpoints:  1,   642.359 MiB
srv        update:    - prompt 0x5d592aae79a0:     828 tokens, checkpoints:  1,   170.168 MiB
srv        update:    - prompt 0x5d592efc34c0:     815 tokens, checkpoints:  1,   169.863 MiB
srv        update:    - prompt 0x5d592f5644c0:     813 tokens, checkpoints:  1,   169.816 MiB
srv        update:    - prompt 0x5d592f55b990:     840 tokens, checkpoints:  1,   170.449 MiB
srv        update:    - prompt 0x5d592b1faf20:     403 tokens, checkpoints:  0,    84.826 MiB
srv        update:    - prompt 0x5d58ff68a8b0:   21086 tokens, checkpoints:  1,   645.196 MiB
srv        update:    - prompt 0x5d591f7b4ad0:   21362 tokens, checkpoints:  1,   651.668 MiB
srv        update:    - prompt 0x5d592f5060e0:     156 tokens, checkpoints:  0,    79.034 MiB
srv  get_availabl: prompt cache update took 21.22 ms
slot launch_slot_: id  0 | task -1 | sampler chain: logits -> ?penalties -> ?dry -> ?top-n-sigma -> top-k -> ?typical -> top-p -> min-p -> ?xtc -> ?temp-ext -> dist 
slot launch_slot_: id  0 | task 1121 | processing task, is_child = 0
slot update_slots: id  0 | task 1121 | new prompt, n_ctx_slot = 262144, n_keep = 0, task.n_tokens = 33833
slot update_slots: id  0 | task 1121 | n_past = 20, slot.prompt.tokens.size() = 156, seq_id = 0, pos_min = 155, n_swa = 1
slot update_slots: id  0 | task 1121 | forcing full prompt re-processing due to lack of cache data (likely due to SWA or hybrid/recurrent memory, see https://github.com/ggml-org/llama.cpp/pull/13194#issuecomment-2868343055)
slot update_slots: id  0 | task 1121 | n_tokens = 0, memory_seq_rm [0, end)
slot update_slots: id  0 | task 1121 | prompt processing progress, n_tokens = 2048, batch.n_tokens = 2048, progress = 0.060533
slot update_slots: id  0 | task 1121 | n_tokens = 2048, memory_seq_rm [2048, end)
slot update_slots: id  0 | task 1121 | prompt processing progress, n_tokens = 4096, batch.n_tokens = 2048, progress = 0.121065
slot update_slots: id  0 | task 1121 | n_tokens = 4096, memory_seq_rm [4096, end)
slot update_slots: id  0 | task 1121 | prompt processing progress, n_tokens = 6144, batch.n_tokens = 2048, progress = 0.181598
slot update_slots: id  0 | task 1121 | n_tokens = 6144, memory_seq_rm [6144, end)
slot update_slots: id  0 | task 1121 | prompt processing progress, n_tokens = 8192, batch.n_tokens = 2048, progress = 0.242130
slot update_slots: id  0 | task 1121 | n_tokens = 8192, memory_seq_rm [8192, end)
slot update_slots: id  0 | task 1121 | prompt processing progress, n_tokens = 10240, batch.n_tokens = 2048, progress = 0.302663
slot update_slots: id  0 | task 1121 | n_tokens = 10240, memory_seq_rm [10240, end)
slot update_slots: id  0 | task 1121 | prompt processing progress, n_tokens = 12288, batch.n_tokens = 2048, progress = 0.363196
slot update_slots: id  0 | task 1121 | n_tokens = 12288, memory_seq_rm [12288, end)
slot update_slots: id  0 | task 1121 | prompt processing progress, n_tokens = 14336, batch.n_tokens = 2048, progress = 0.423728
slot update_slots: id  0 | task 1121 | n_tokens = 14336, memory_seq_rm [14336, end)
slot update_slots: id  0 | task 1121 | prompt processing progress, n_tokens = 16384, batch.n_tokens = 2048, progress = 0.484261
slot update_slots: id  0 | task 1121 | n_tokens = 16384, memory_seq_rm [16384, end)
slot update_slots: id  0 | task 1121 | prompt processing progress, n_tokens = 18432, batch.n_tokens = 2048, progress = 0.544794
slot update_slots: id  0 | task 1121 | n_tokens = 18432, memory_seq_rm [18432, end)
slot update_slots: id  0 | task 1121 | prompt processing progress, n_tokens = 20480, batch.n_tokens = 2048, progress = 0.605326
slot update_slots: id  0 | task 1121 | n_tokens = 20480, memory_seq_rm [20480, end)
slot update_slots: id  0 | task 1121 | prompt processing progress, n_tokens = 22528, batch.n_tokens = 2048, progress = 0.665859
slot update_slots: id  0 | task 1121 | n_tokens = 22528, memory_seq_rm [22528, end)
slot update_slots: id  0 | task 1121 | prompt processing progress, n_tokens = 24576, batch.n_tokens = 2048, progress = 0.726391
slot update_slots: id  0 | task 1121 | n_tokens = 24576, memory_seq_rm [24576, end)
slot update_slots: id  0 | task 1121 | prompt processing progress, n_tokens = 26624, batch.n_tokens = 2048, progress = 0.786924
slot update_slots: id  0 | task 1121 | n_tokens = 26624, memory_seq_rm [26624, end)
slot update_slots: id  0 | task 1121 | prompt processing progress, n_tokens = 28672, batch.n_tokens = 2048, progress = 0.847457
slot update_slots: id  0 | task 1121 | n_tokens = 28672, memory_seq_rm [28672, end)
slot update_slots: id  0 | task 1121 | prompt processing progress, n_tokens = 30720, batch.n_tokens = 2048, progress = 0.907989
slot update_slots: id  0 | task 1121 | n_tokens = 30720, memory_seq_rm [30720, end)
slot update_slots: id  0 | task 1121 | prompt processing progress, n_tokens = 32768, batch.n_tokens = 2048, progress = 0.968522
slot update_slots: id  0 | task 1121 | n_tokens = 32768, memory_seq_rm [32768, end)
slot update_slots: id  0 | task 1121 | prompt processing progress, n_tokens = 33321, batch.n_tokens = 553, progress = 0.984867
slot update_slots: id  0 | task 1121 | n_tokens = 33321, memory_seq_rm [33321, end)
slot update_slots: id  0 | task 1121 | prompt processing progress, n_tokens = 33833, batch.n_tokens = 512, progress = 1.000000
slot update_slots: id  0 | task 1121 | prompt done, n_tokens = 33833, batch.n_tokens = 512
slot init_sampler: id  0 | task 1121 | init sampler, took 2.53 ms, tokens: text = 33833, total = 33833
slot update_slots: id  0 | task 1121 | created context checkpoint 1 of 8 (pos_min = 33320, pos_max = 33320, size = 75.376 MiB)
slot print_timing: id  0 | task 1121 | 
prompt eval time =   13942.62 ms / 33833 tokens (    0.41 ms per token,  2426.59 tokens per second)
       eval time =    1124.09 ms /    86 tokens (   13.07 ms per token,    76.51 tokens per second)
      total time =   15066.71 ms / 33919 tokens
slot      release: id  0 | task 1121 | stop processing: n_tokens = 33918, truncated = 0
srv  update_slots: all slots are idle
srv  log_server_r: done request: POST /v1/messages 127.0.0.1 200
srv  params_from_: Chat format: Qwen3 Coder
slot get_availabl: id  1 | task -1 | selected slot by LRU, t_last = 6946100353
srv  get_availabl: updating prompt cache
srv   prompt_save:  - saving prompt with length 21177, total state size = 571.954 MiB
srv          load:  - looking for better prompt, base f_keep = 0.002, sim = 0.001
srv        update:  - cache size limit reached, removing oldest entry (size = 78.542 MiB)
srv        update:  - cache size limit reached, removing oldest entry (size = 615.158 MiB)
srv        update:  - cache state: 24 prompts, 7751.726 MiB (limits: 8192.000 MiB, 262144 tokens, 262144 est)
srv        update:    - prompt 0x5d58ff693500:     358 tokens, checkpoints:  0,    83.771 MiB
srv        update:    - prompt 0x5d592b17bc90:   19893 tokens, checkpoints:  1,   617.222 MiB
srv        update:    - prompt 0x5d592c0638a0:     377 tokens, checkpoints:  0,    84.216 MiB
srv        update:    - prompt 0x5d592cbb9e60:   20682 tokens, checkpoints:  1,   635.723 MiB
srv        update:    - prompt 0x5d592b17c210:   20037 tokens, checkpoints:  1,   620.598 MiB
srv        update:    - prompt 0x5d58ff710e30:     580 tokens, checkpoints:  0,    88.977 MiB
srv        update:    - prompt 0x5d5929e35b50:   20398 tokens, checkpoints:  1,   629.064 MiB
srv        update:    - prompt 0x5d592ae1b4b0:     157 tokens, checkpoints:  0,    79.058 MiB
srv        update:    - prompt 0x5d5929e33760:   20553 tokens, checkpoints:  1,   632.698 MiB
srv        update:    - prompt 0x5d592bf0b560:     812 tokens, checkpoints:  1,   169.793 MiB
srv        update:    - prompt 0x5d592cbba890:     899 tokens, checkpoints:  1,   171.833 MiB
srv        update:    - prompt 0x5d5929e37990:     811 tokens, checkpoints:  1,   169.769 MiB
srv        update:    - prompt 0x5d592d0a7cf0:     910 tokens, checkpoints:  1,   172.091 MiB
srv        update:    - prompt 0x5d592d0a7170:     659 tokens, checkpoints:  1,   166.205 MiB
srv        update:    - prompt 0x5d5922abc450:   20965 tokens, checkpoints:  1,   642.359 MiB
srv        update:    - prompt 0x5d592aae79a0:     828 tokens, checkpoints:  1,   170.168 MiB
srv        update:    - prompt 0x5d592efc34c0:     815 tokens, checkpoints:  1,   169.863 MiB
srv        update:    - prompt 0x5d592f5644c0:     813 tokens, checkpoints:  1,   169.816 MiB
srv        update:    - prompt 0x5d592f55b990:     840 tokens, checkpoints:  1,   170.449 MiB
srv        update:    - prompt 0x5d592b1faf20:     403 tokens, checkpoints:  0,    84.826 MiB
srv        update:    - prompt 0x5d58ff68a8b0:   21086 tokens, checkpoints:  1,   645.196 MiB
srv        update:    - prompt 0x5d591f7b4ad0:   21362 tokens, checkpoints:  1,   651.668 MiB
srv        update:    - prompt 0x5d592f5060e0:     156 tokens, checkpoints:  0,    79.034 MiB
srv        update:    - prompt 0x5d592f556f50:   21177 tokens, checkpoints:  1,   647.330 MiB
srv  get_availabl: prompt cache update took 156.91 ms
slot launch_slot_: id  1 | task -1 | sampler chain: logits -> ?penalties -> ?dry -> ?top-n-sigma -> top-k -> ?typical -> top-p -> min-p -> ?xtc -> ?temp-ext -> dist 
slot launch_slot_: id  1 | task 1225 | processing task, is_child = 0
slot update_slots: id  1 | task 1225 | new prompt, n_ctx_slot = 262144, n_keep = 0, task.n_tokens = 33957
slot update_slots: id  1 | task 1225 | n_past = 32, slot.prompt.tokens.size() = 21177, seq_id = 1, pos_min = 21176, n_swa = 1
slot update_slots: id  1 | task 1225 | forcing full prompt re-processing due to lack of cache data (likely due to SWA or hybrid/recurrent memory, see https://github.com/ggml-org/llama.cpp/pull/13194#issuecomment-2868343055)
slot update_slots: id  1 | task 1225 | erased invalidated context checkpoint (pos_min = 20594, pos_max = 20594, n_swa = 1, size = 75.376 MiB)
slot update_slots: id  1 | task 1225 | n_tokens = 0, memory_seq_rm [0, end)
slot update_slots: id  1 | task 1225 | prompt processing progress, n_tokens = 2048, batch.n_tokens = 2048, progress = 0.060312
slot update_slots: id  1 | task 1225 | n_tokens = 2048, memory_seq_rm [2048, end)
slot update_slots: id  1 | task 1225 | prompt processing progress, n_tokens = 4096, batch.n_tokens = 2048, progress = 0.120623
slot update_slots: id  1 | task 1225 | n_tokens = 4096, memory_seq_rm [4096, end)
slot update_slots: id  1 | task 1225 | prompt processing progress, n_tokens = 6144, batch.n_tokens = 2048, progress = 0.180935
slot update_slots: id  1 | task 1225 | n_tokens = 6144, memory_seq_rm [6144, end)
slot update_slots: id  1 | task 1225 | prompt processing progress, n_tokens = 8192, batch.n_tokens = 2048, progress = 0.241246
slot update_slots: id  1 | task 1225 | n_tokens = 8192, memory_seq_rm [8192, end)
slot update_slots: id  1 | task 1225 | prompt processing progress, n_tokens = 10240, batch.n_tokens = 2048, progress = 0.301558
slot update_slots: id  1 | task 1225 | n_tokens = 10240, memory_seq_rm [10240, end)
slot update_slots: id  1 | task 1225 | prompt processing progress, n_tokens = 12288, batch.n_tokens = 2048, progress = 0.361869
slot update_slots: id  1 | task 1225 | n_tokens = 12288, memory_seq_rm [12288, end)
slot update_slots: id  1 | task 1225 | prompt processing progress, n_tokens = 14336, batch.n_tokens = 2048, progress = 0.422181
slot update_slots: id  1 | task 1225 | n_tokens = 14336, memory_seq_rm [14336, end)
slot update_slots: id  1 | task 1225 | prompt processing progress, n_tokens = 16384, batch.n_tokens = 2048, progress = 0.482493
slot update_slots: id  1 | task 1225 | n_tokens = 16384, memory_seq_rm [16384, end)
slot update_slots: id  1 | task 1225 | prompt processing progress, n_tokens = 18432, batch.n_tokens = 2048, progress = 0.542804
slot update_slots: id  1 | task 1225 | n_tokens = 18432, memory_seq_rm [18432, end)
slot update_slots: id  1 | task 1225 | prompt processing progress, n_tokens = 20480, batch.n_tokens = 2048, progress = 0.603116
slot update_slots: id  1 | task 1225 | n_tokens = 20480, memory_seq_rm [20480, end)
slot update_slots: id  1 | task 1225 | prompt processing progress, n_tokens = 22528, batch.n_tokens = 2048, progress = 0.663427
slot update_slots: id  1 | task 1225 | n_tokens = 22528, memory_seq_rm [22528, end)
slot update_slots: id  1 | task 1225 | prompt processing progress, n_tokens = 24576, batch.n_tokens = 2048, progress = 0.723739
slot update_slots: id  1 | task 1225 | n_tokens = 24576, memory_seq_rm [24576, end)
slot update_slots: id  1 | task 1225 | prompt processing progress, n_tokens = 26624, batch.n_tokens = 2048, progress = 0.784050
slot update_slots: id  1 | task 1225 | n_tokens = 26624, memory_seq_rm [26624, end)
slot update_slots: id  1 | task 1225 | prompt processing progress, n_tokens = 28672, batch.n_tokens = 2048, progress = 0.844362
slot update_slots: id  1 | task 1225 | n_tokens = 28672, memory_seq_rm [28672, end)
slot update_slots: id  1 | task 1225 | prompt processing progress, n_tokens = 30720, batch.n_tokens = 2048, progress = 0.904674
slot update_slots: id  1 | task 1225 | n_tokens = 30720, memory_seq_rm [30720, end)
slot update_slots: id  1 | task 1225 | prompt processing progress, n_tokens = 32768, batch.n_tokens = 2048, progress = 0.964985
slot update_slots: id  1 | task 1225 | n_tokens = 32768, memory_seq_rm [32768, end)
slot update_slots: id  1 | task 1225 | prompt processing progress, n_tokens = 33445, batch.n_tokens = 677, progress = 0.984922
slot update_slots: id  1 | task 1225 | n_tokens = 33445, memory_seq_rm [33445, end)
slot update_slots: id  1 | task 1225 | prompt processing progress, n_tokens = 33957, batch.n_tokens = 512, progress = 1.000000
slot update_slots: id  1 | task 1225 | prompt done, n_tokens = 33957, batch.n_tokens = 512
slot init_sampler: id  1 | task 1225 | init sampler, took 2.52 ms, tokens: text = 33957, total = 33957
slot update_slots: id  1 | task 1225 | created context checkpoint 1 of 8 (pos_min = 33444, pos_max = 33444, size = 75.376 MiB)
slot print_timing: id  1 | task 1225 | 
prompt eval time =   14416.83 ms / 33957 tokens (    0.42 ms per token,  2355.37 tokens per second)
       eval time =    1126.59 ms /    85 tokens (   13.25 ms per token,    75.45 tokens per second)
      total time =   15543.42 ms / 34042 tokens
slot      release: id  1 | task 1225 | stop processing: n_tokens = 34041, truncated = 0
srv  update_slots: all slots are idle
srv  log_server_r: done request: POST /v1/messages 127.0.0.1 200
srv  params_from_: Chat format: Qwen3 Coder
slot get_availabl: id  2 | task -1 | selected slot by LRU, t_last = 6955785954
srv  get_availabl: updating prompt cache
srv   prompt_save:  - saving prompt with length 561, total state size = 88.531 MiB
srv          load:  - looking for better prompt, base f_keep = 0.037, sim = 0.057
srv        update:  - cache state: 25 prompts, 7840.257 MiB (limits: 8192.000 MiB, 262144 tokens, 262144 est)
srv        update:    - prompt 0x5d58ff693500:     358 tokens, checkpoints:  0,    83.771 MiB
srv        update:    - prompt 0x5d592b17bc90:   19893 tokens, checkpoints:  1,   617.222 MiB
srv        update:    - prompt 0x5d592c0638a0:     377 tokens, checkpoints:  0,    84.216 MiB
srv        update:    - prompt 0x5d592cbb9e60:   20682 tokens, checkpoints:  1,   635.723 MiB
srv        update:    - prompt 0x5d592b17c210:   20037 tokens, checkpoints:  1,   620.598 MiB
srv        update:    - prompt 0x5d58ff710e30:     580 tokens, checkpoints:  0,    88.977 MiB
srv        update:    - prompt 0x5d5929e35b50:   20398 tokens, checkpoints:  1,   629.064 MiB
srv        update:    - prompt 0x5d592ae1b4b0:     157 tokens, checkpoints:  0,    79.058 MiB
srv        update:    - prompt 0x5d5929e33760:   20553 tokens, checkpoints:  1,   632.698 MiB
srv        update:    - prompt 0x5d592bf0b560:     812 tokens, checkpoints:  1,   169.793 MiB
srv        update:    - prompt 0x5d592cbba890:     899 tokens, checkpoints:  1,   171.833 MiB
srv        update:    - prompt 0x5d5929e37990:     811 tokens, checkpoints:  1,   169.769 MiB
srv        update:    - prompt 0x5d592d0a7cf0:     910 tokens, checkpoints:  1,   172.091 MiB
srv        update:    - prompt 0x5d592d0a7170:     659 tokens, checkpoints:  1,   166.205 MiB
srv        update:    - prompt 0x5d5922abc450:   20965 tokens, checkpoints:  1,   642.359 MiB
srv        update:    - prompt 0x5d592aae79a0:     828 tokens, checkpoints:  1,   170.168 MiB
srv        update:    - prompt 0x5d592efc34c0:     815 tokens, checkpoints:  1,   169.863 MiB
srv        update:    - prompt 0x5d592f5644c0:     813 tokens, checkpoints:  1,   169.816 MiB
srv        update:    - prompt 0x5d592f55b990:     840 tokens, checkpoints:  1,   170.449 MiB
srv        update:    - prompt 0x5d592b1faf20:     403 tokens, checkpoints:  0,    84.826 MiB
srv        update:    - prompt 0x5d58ff68a8b0:   21086 tokens, checkpoints:  1,   645.196 MiB
srv        update:    - prompt 0x5d591f7b4ad0:   21362 tokens, checkpoints:  1,   651.668 MiB
srv        update:    - prompt 0x5d592f5060e0:     156 tokens, checkpoints:  0,    79.034 MiB
srv        update:    - prompt 0x5d592f556f50:   21177 tokens, checkpoints:  1,   647.330 MiB
srv        update:    - prompt 0x5d592f52eae0:     561 tokens, checkpoints:  0,    88.531 MiB
srv  get_availabl: prompt cache update took 25.34 ms
slot launch_slot_: id  2 | task -1 | sampler chain: logits -> ?penalties -> ?dry -> ?top-n-sigma -> top-k -> ?typical -> top-p -> min-p -> ?xtc -> ?temp-ext -> dist 
slot launch_slot_: id  2 | task 1328 | processing task, is_child = 0
slot update_slots: id  2 | task 1328 | new prompt, n_ctx_slot = 262144, n_keep = 0, task.n_tokens = 366
slot update_slots: id  2 | task 1328 | n_past = 21, slot.prompt.tokens.size() = 561, seq_id = 2, pos_min = 560, n_swa = 1
slot update_slots: id  2 | task 1328 | forcing full prompt re-processing due to lack of cache data (likely due to SWA or hybrid/recurrent memory, see https://github.com/ggml-org/llama.cpp/pull/13194#issuecomment-2868343055)
slot update_slots: id  2 | task 1328 | n_tokens = 0, memory_seq_rm [0, end)
slot update_slots: id  2 | task 1328 | prompt processing progress, n_tokens = 366, batch.n_tokens = 366, progress = 1.000000
slot update_slots: id  2 | task 1328 | prompt done, n_tokens = 366, batch.n_tokens = 366
slot init_sampler: id  2 | task 1328 | init sampler, took 0.03 ms, tokens: text = 366, total = 366
srv  params_from_: Chat format: Qwen3 Coder
slot get_availabl: id  3 | task -1 | selected slot by LRU, t_last = 6956349441
srv  get_availabl: updating prompt cache
srv   prompt_save:  - saving prompt with length 21433, total state size = 577.957 MiB
srv          load:  - looking for better prompt, base f_keep = 0.001, sim = 0.001
srv        update:  - cache size limit reached, removing oldest entry (size = 83.771 MiB)
srv        update:  - cache size limit reached, removing oldest entry (size = 617.222 MiB)
srv        update:  - cache state: 24 prompts, 7792.597 MiB (limits: 8192.000 MiB, 262144 tokens, 262144 est)
srv        update:    - prompt 0x5d592c0638a0:     377 tokens, checkpoints:  0,    84.216 MiB
srv        update:    - prompt 0x5d592cbb9e60:   20682 tokens, checkpoints:  1,   635.723 MiB
srv        update:    - prompt 0x5d592b17c210:   20037 tokens, checkpoints:  1,   620.598 MiB
srv        update:    - prompt 0x5d58ff710e30:     580 tokens, checkpoints:  0,    88.977 MiB
srv        update:    - prompt 0x5d5929e35b50:   20398 tokens, checkpoints:  1,   629.064 MiB
srv        update:    - prompt 0x5d592ae1b4b0:     157 tokens, checkpoints:  0,    79.058 MiB
srv        update:    - prompt 0x5d5929e33760:   20553 tokens, checkpoints:  1,   632.698 MiB
srv        update:    - prompt 0x5d592bf0b560:     812 tokens, checkpoints:  1,   169.793 MiB
srv        update:    - prompt 0x5d592cbba890:     899 tokens, checkpoints:  1,   171.833 MiB
srv        update:    - prompt 0x5d5929e37990:     811 tokens, checkpoints:  1,   169.769 MiB
srv        update:    - prompt 0x5d592d0a7cf0:     910 tokens, checkpoints:  1,   172.091 MiB
srv        update:    - prompt 0x5d592d0a7170:     659 tokens, checkpoints:  1,   166.205 MiB
srv        update:    - prompt 0x5d5922abc450:   20965 tokens, checkpoints:  1,   642.359 MiB
srv        update:    - prompt 0x5d592aae79a0:     828 tokens, checkpoints:  1,   170.168 MiB
srv        update:    - prompt 0x5d592efc34c0:     815 tokens, checkpoints:  1,   169.863 MiB
srv        update:    - prompt 0x5d592f5644c0:     813 tokens, checkpoints:  1,   169.816 MiB
srv        update:    - prompt 0x5d592f55b990:     840 tokens, checkpoints:  1,   170.449 MiB
srv        update:    - prompt 0x5d592b1faf20:     403 tokens, checkpoints:  0,    84.826 MiB
srv        update:    - prompt 0x5d58ff68a8b0:   21086 tokens, checkpoints:  1,   645.196 MiB
srv        update:    - prompt 0x5d591f7b4ad0:   21362 tokens, checkpoints:  1,   651.668 MiB
srv        update:    - prompt 0x5d592f5060e0:     156 tokens, checkpoints:  0,    79.034 MiB
srv        update:    - prompt 0x5d592f556f50:   21177 tokens, checkpoints:  1,   647.330 MiB
srv        update:    - prompt 0x5d592f52eae0:     561 tokens, checkpoints:  0,    88.531 MiB
srv        update:    - prompt 0x5d5929e59b00:   21433 tokens, checkpoints:  1,   653.333 MiB
srv  get_availabl: prompt cache update took 162.41 ms
slot launch_slot_: id  3 | task -1 | sampler chain: logits -> ?penalties -> ?dry -> ?top-n-sigma -> top-k -> ?typical -> top-p -> min-p -> ?xtc -> ?temp-ext -> dist 
slot launch_slot_: id  3 | task 1330 | processing task, is_child = 0
slot update_slots: id  3 | task 1330 | new prompt, n_ctx_slot = 262144, n_keep = 0, task.n_tokens = 34054
slot update_slots: id  3 | task 1330 | n_past = 32, slot.prompt.tokens.size() = 21433, seq_id = 3, pos_min = 21432, n_swa = 1
slot update_slots: id  3 | task 1330 | forcing full prompt re-processing due to lack of cache data (likely due to SWA or hybrid/recurrent memory, see https://github.com/ggml-org/llama.cpp/pull/13194#issuecomment-2868343055)
slot update_slots: id  3 | task 1330 | erased invalidated context checkpoint (pos_min = 20865, pos_max = 20865, n_swa = 1, size = 75.376 MiB)
slot update_slots: id  3 | task 1330 | n_tokens = 0, memory_seq_rm [0, end)
slot update_slots: id  3 | task 1330 | prompt processing progress, n_tokens = 2047, batch.n_tokens = 2048, progress = 0.060110
slot update_slots: id  3 | task 1330 | n_tokens = 2047, memory_seq_rm [2047, end)
slot update_slots: id  3 | task 1330 | prompt processing progress, n_tokens = 4094, batch.n_tokens = 2048, progress = 0.120221
slot update_slots: id  3 | task 1330 | n_tokens = 4094, memory_seq_rm [4094, end)
slot update_slots: id  3 | task 1330 | prompt processing progress, n_tokens = 6141, batch.n_tokens = 2048, progress = 0.180331
slot update_slots: id  3 | task 1330 | n_tokens = 6141, memory_seq_rm [6141, end)
slot update_slots: id  3 | task 1330 | prompt processing progress, n_tokens = 8188, batch.n_tokens = 2048, progress = 0.240442
slot update_slots: id  3 | task 1330 | n_tokens = 8188, memory_seq_rm [8188, end)
slot update_slots: id  3 | task 1330 | prompt processing progress, n_tokens = 10235, batch.n_tokens = 2048, progress = 0.300552
slot update_slots: id  3 | task 1330 | n_tokens = 10235, memory_seq_rm [10235, end)
slot update_slots: id  3 | task 1330 | prompt processing progress, n_tokens = 12282, batch.n_tokens = 2048, progress = 0.360662
slot update_slots: id  3 | task 1330 | n_tokens = 12282, memory_seq_rm [12282, end)
slot update_slots: id  3 | task 1330 | prompt processing progress, n_tokens = 14329, batch.n_tokens = 2048, progress = 0.420773
slot update_slots: id  3 | task 1330 | n_tokens = 14329, memory_seq_rm [14329, end)
slot update_slots: id  3 | task 1330 | prompt processing progress, n_tokens = 16376, batch.n_tokens = 2048, progress = 0.480883
slot update_slots: id  3 | task 1330 | n_tokens = 16376, memory_seq_rm [16376, end)
slot update_slots: id  3 | task 1330 | prompt processing progress, n_tokens = 18423, batch.n_tokens = 2048, progress = 0.540994
slot update_slots: id  3 | task 1330 | n_tokens = 18423, memory_seq_rm [18423, end)
slot update_slots: id  3 | task 1330 | prompt processing progress, n_tokens = 20470, batch.n_tokens = 2048, progress = 0.601104
slot update_slots: id  3 | task 1330 | n_tokens = 20470, memory_seq_rm [20470, end)
slot update_slots: id  3 | task 1330 | prompt processing progress, n_tokens = 22517, batch.n_tokens = 2048, progress = 0.661215
slot update_slots: id  3 | task 1330 | n_tokens = 22517, memory_seq_rm [22517, end)
slot update_slots: id  3 | task 1330 | prompt processing progress, n_tokens = 24564, batch.n_tokens = 2048, progress = 0.721325
slot update_slots: id  3 | task 1330 | n_tokens = 24564, memory_seq_rm [24564, end)
slot update_slots: id  3 | task 1330 | prompt processing progress, n_tokens = 26611, batch.n_tokens = 2048, progress = 0.781435
slot update_slots: id  3 | task 1330 | n_tokens = 26611, memory_seq_rm [26611, end)
slot update_slots: id  3 | task 1330 | prompt processing progress, n_tokens = 28658, batch.n_tokens = 2048, progress = 0.841546
slot update_slots: id  3 | task 1330 | n_tokens = 28658, memory_seq_rm [28658, end)
slot update_slots: id  3 | task 1330 | prompt processing progress, n_tokens = 30705, batch.n_tokens = 2048, progress = 0.901656
slot update_slots: id  3 | task 1330 | n_tokens = 30705, memory_seq_rm [30705, end)
slot update_slots: id  3 | task 1330 | prompt processing progress, n_tokens = 32752, batch.n_tokens = 2048, progress = 0.961767
slot update_slots: id  3 | task 1330 | n_tokens = 32752, memory_seq_rm [32752, end)
slot update_slots: id  3 | task 1330 | prompt processing progress, n_tokens = 33542, batch.n_tokens = 791, progress = 0.984965
slot update_slots: id  3 | task 1330 | n_tokens = 33542, memory_seq_rm [33542, end)
slot update_slots: id  3 | task 1330 | prompt processing progress, n_tokens = 34054, batch.n_tokens = 513, progress = 1.000000
slot update_slots: id  3 | task 1330 | prompt done, n_tokens = 34054, batch.n_tokens = 513
slot init_sampler: id  3 | task 1330 | init sampler, took 2.55 ms, tokens: text = 34054, total = 34054
slot update_slots: id  3 | task 1330 | created context checkpoint 1 of 8 (pos_min = 33541, pos_max = 33541, size = 75.376 MiB)
slot print_timing: id  2 | task 1328 | 
prompt eval time =     196.22 ms /   366 tokens (    0.54 ms per token,  1865.28 tokens per second)
       eval time =   15578.58 ms /    23 tokens (  677.33 ms per token,     1.48 tokens per second)
      total time =   15774.80 ms /   389 tokens
slot      release: id  2 | task 1328 | stop processing: n_tokens = 388, truncated = 0
srv  log_server_r: done request: POST /v1/messages 127.0.0.1 200
slot print_timing: id  3 | task 1330 | 
prompt eval time =   15341.01 ms / 34054 tokens (    0.45 ms per token,  2219.80 tokens per second)
       eval time =     896.65 ms /    65 tokens (   13.79 ms per token,    72.49 tokens per second)
      total time =   16237.66 ms / 34119 tokens
slot      release: id  3 | task 1330 | stop processing: n_tokens = 34118, truncated = 0
srv  update_slots: all slots are idle
srv  log_server_r: done request: POST /v1/messages 127.0.0.1 200
srv  params_from_: Chat format: Qwen3 Coder
slot get_availabl: id  0 | task -1 | selected slot by LRU, t_last = 6971552571
srv  get_availabl: updating prompt cache
srv   prompt_save:  - saving prompt with length 33918, total state size = 870.717 MiB
srv          load:  - looking for better prompt, base f_keep = 0.001, sim = 0.001
srv        update:  - cache size limit reached, removing oldest entry (size = 84.216 MiB)
srv        update:  - cache size limit reached, removing oldest entry (size = 635.723 MiB)
srv        update:  - cache state: 23 prompts, 8018.751 MiB (limits: 8192.000 MiB, 262144 tokens, 262144 est)
srv        update:    - prompt 0x5d592b17c210:   20037 tokens, checkpoints:  1,   620.598 MiB
srv        update:    - prompt 0x5d58ff710e30:     580 tokens, checkpoints:  0,    88.977 MiB
srv        update:    - prompt 0x5d5929e35b50:   20398 tokens, checkpoints:  1,   629.064 MiB
srv        update:    - prompt 0x5d592ae1b4b0:     157 tokens, checkpoints:  0,    79.058 MiB
srv        update:    - prompt 0x5d5929e33760:   20553 tokens, checkpoints:  1,   632.698 MiB
srv        update:    - prompt 0x5d592bf0b560:     812 tokens, checkpoints:  1,   169.793 MiB
srv        update:    - prompt 0x5d592cbba890:     899 tokens, checkpoints:  1,   171.833 MiB
srv        update:    - prompt 0x5d5929e37990:     811 tokens, checkpoints:  1,   169.769 MiB
srv        update:    - prompt 0x5d592d0a7cf0:     910 tokens, checkpoints:  1,   172.091 MiB
srv        update:    - prompt 0x5d592d0a7170:     659 tokens, checkpoints:  1,   166.205 MiB
srv        update:    - prompt 0x5d5922abc450:   20965 tokens, checkpoints:  1,   642.359 MiB
srv        update:    - prompt 0x5d592aae79a0:     828 tokens, checkpoints:  1,   170.168 MiB
srv        update:    - prompt 0x5d592efc34c0:     815 tokens, checkpoints:  1,   169.863 MiB
srv        update:    - prompt 0x5d592f5644c0:     813 tokens, checkpoints:  1,   169.816 MiB
srv        update:    - prompt 0x5d592f55b990:     840 tokens, checkpoints:  1,   170.449 MiB
srv        update:    - prompt 0x5d592b1faf20:     403 tokens, checkpoints:  0,    84.826 MiB
srv        update:    - prompt 0x5d58ff68a8b0:   21086 tokens, checkpoints:  1,   645.196 MiB
srv        update:    - prompt 0x5d591f7b4ad0:   21362 tokens, checkpoints:  1,   651.668 MiB
srv        update:    - prompt 0x5d592f5060e0:     156 tokens, checkpoints:  0,    79.034 MiB
srv        update:    - prompt 0x5d592f556f50:   21177 tokens, checkpoints:  1,   647.330 MiB
srv        update:    - prompt 0x5d592f52eae0:     561 tokens, checkpoints:  0,    88.531 MiB
srv        update:    - prompt 0x5d5929e59b00:   21433 tokens, checkpoints:  1,   653.333 MiB
srv        update:    - prompt 0x5d592f530000:   33918 tokens, checkpoints:  1,   946.093 MiB
srv  get_availabl: prompt cache update took 207.88 ms
slot launch_slot_: id  0 | task -1 | sampler chain: logits -> ?penalties -> ?dry -> ?top-n-sigma -> top-k -> ?typical -> top-p -> min-p -> ?xtc -> ?temp-ext -> dist 
slot launch_slot_: id  0 | task 1413 | processing task, is_child = 0
slot update_slots: id  0 | task 1413 | new prompt, n_ctx_slot = 262144, n_keep = 0, task.n_tokens = 34684
slot update_slots: id  0 | task 1413 | n_past = 33, slot.prompt.tokens.size() = 33918, seq_id = 0, pos_min = 33917, n_swa = 1
slot update_slots: id  0 | task 1413 | forcing full prompt re-processing due to lack of cache data (likely due to SWA or hybrid/recurrent memory, see https://github.com/ggml-org/llama.cpp/pull/13194#issuecomment-2868343055)
slot update_slots: id  0 | task 1413 | erased invalidated context checkpoint (pos_min = 33320, pos_max = 33320, n_swa = 1, size = 75.376 MiB)
slot update_slots: id  0 | task 1413 | n_tokens = 0, memory_seq_rm [0, end)
slot update_slots: id  0 | task 1413 | prompt processing progress, n_tokens = 2048, batch.n_tokens = 2048, progress = 0.059047
slot update_slots: id  0 | task 1413 | n_tokens = 2048, memory_seq_rm [2048, end)
slot update_slots: id  0 | task 1413 | prompt processing progress, n_tokens = 4096, batch.n_tokens = 2048, progress = 0.118095
slot update_slots: id  0 | task 1413 | n_tokens = 4096, memory_seq_rm [4096, end)
slot update_slots: id  0 | task 1413 | prompt processing progress, n_tokens = 6144, batch.n_tokens = 2048, progress = 0.177142
slot update_slots: id  0 | task 1413 | n_tokens = 6144, memory_seq_rm [6144, end)
slot update_slots: id  0 | task 1413 | prompt processing progress, n_tokens = 8192, batch.n_tokens = 2048, progress = 0.236190
slot update_slots: id  0 | task 1413 | n_tokens = 8192, memory_seq_rm [8192, end)
slot update_slots: id  0 | task 1413 | prompt processing progress, n_tokens = 10240, batch.n_tokens = 2048, progress = 0.295237
slot update_slots: id  0 | task 1413 | n_tokens = 10240, memory_seq_rm [10240, end)
slot update_slots: id  0 | task 1413 | prompt processing progress, n_tokens = 12288, batch.n_tokens = 2048, progress = 0.354284
slot update_slots: id  0 | task 1413 | n_tokens = 12288, memory_seq_rm [12288, end)
slot update_slots: id  0 | task 1413 | prompt processing progress, n_tokens = 14336, batch.n_tokens = 2048, progress = 0.413332
slot update_slots: id  0 | task 1413 | n_tokens = 14336, memory_seq_rm [14336, end)
slot update_slots: id  0 | task 1413 | prompt processing progress, n_tokens = 16384, batch.n_tokens = 2048, progress = 0.472379
slot update_slots: id  0 | task 1413 | n_tokens = 16384, memory_seq_rm [16384, end)
slot update_slots: id  0 | task 1413 | prompt processing progress, n_tokens = 18432, batch.n_tokens = 2048, progress = 0.531427
slot update_slots: id  0 | task 1413 | n_tokens = 18432, memory_seq_rm [18432, end)
slot update_slots: id  0 | task 1413 | prompt processing progress, n_tokens = 20480, batch.n_tokens = 2048, progress = 0.590474
slot update_slots: id  0 | task 1413 | n_tokens = 20480, memory_seq_rm [20480, end)
slot update_slots: id  0 | task 1413 | prompt processing progress, n_tokens = 22528, batch.n_tokens = 2048, progress = 0.649521
slot update_slots: id  0 | task 1413 | n_tokens = 22528, memory_seq_rm [22528, end)
slot update_slots: id  0 | task 1413 | prompt processing progress, n_tokens = 24576, batch.n_tokens = 2048, progress = 0.708569
slot update_slots: id  0 | task 1413 | n_tokens = 24576, memory_seq_rm [24576, end)
slot update_slots: id  0 | task 1413 | prompt processing progress, n_tokens = 26624, batch.n_tokens = 2048, progress = 0.767616
slot update_slots: id  0 | task 1413 | n_tokens = 26624, memory_seq_rm [26624, end)
slot update_slots: id  0 | task 1413 | prompt processing progress, n_tokens = 28672, batch.n_tokens = 2048, progress = 0.826664
slot update_slots: id  0 | task 1413 | n_tokens = 28672, memory_seq_rm [28672, end)
slot update_slots: id  0 | task 1413 | prompt processing progress, n_tokens = 30720, batch.n_tokens = 2048, progress = 0.885711
slot update_slots: id  0 | task 1413 | n_tokens = 30720, memory_seq_rm [30720, end)
slot update_slots: id  0 | task 1413 | prompt processing progress, n_tokens = 32768, batch.n_tokens = 2048, progress = 0.944758
slot update_slots: id  0 | task 1413 | n_tokens = 32768, memory_seq_rm [32768, end)
slot update_slots: id  0 | task 1413 | prompt processing progress, n_tokens = 34172, batch.n_tokens = 1404, progress = 0.985238
slot update_slots: id  0 | task 1413 | n_tokens = 34172, memory_seq_rm [34172, end)
slot update_slots: id  0 | task 1413 | prompt processing progress, n_tokens = 34684, batch.n_tokens = 512, progress = 1.000000
slot update_slots: id  0 | task 1413 | prompt done, n_tokens = 34684, batch.n_tokens = 512
slot init_sampler: id  0 | task 1413 | init sampler, took 2.63 ms, tokens: text = 34684, total = 34684
slot update_slots: id  0 | task 1413 | created context checkpoint 1 of 8 (pos_min = 34171, pos_max = 34171, size = 75.376 MiB)
slot print_timing: id  0 | task 1413 | 
prompt eval time =   15416.60 ms / 34684 tokens (    0.44 ms per token,  2249.78 tokens per second)
       eval time =    1050.48 ms /    78 tokens (   13.47 ms per token,    74.25 tokens per second)
      total time =   16467.08 ms / 34762 tokens
slot      release: id  0 | task 1413 | stop processing: n_tokens = 34761, truncated = 0
srv  update_slots: all slots are idle
srv  log_server_r: done request: POST /v1/messages 127.0.0.1 200
srv  params_from_: Chat format: Qwen3 Coder
slot get_availabl: id  1 | task -1 | selected slot by LRU, t_last = 6993338252
srv  get_availabl: updating prompt cache
srv   prompt_save:  - saving prompt with length 34041, total state size = 873.602 MiB
srv          load:  - looking for better prompt, base f_keep = 0.001, sim = 0.025
srv        update:  - cache size limit reached, removing oldest entry (size = 620.598 MiB)
srv        update:  - cache size limit reached, removing oldest entry (size = 88.977 MiB)
srv        update:  - cache size limit reached, removing oldest entry (size = 629.064 MiB)
srv        update:  - cache state: 21 prompts, 7629.090 MiB (limits: 8192.000 MiB, 262144 tokens, 262144 est)
srv        update:    - prompt 0x5d592ae1b4b0:     157 tokens, checkpoints:  0,    79.058 MiB
srv        update:    - prompt 0x5d5929e33760:   20553 tokens, checkpoints:  1,   632.698 MiB
srv        update:    - prompt 0x5d592bf0b560:     812 tokens, checkpoints:  1,   169.793 MiB
srv        update:    - prompt 0x5d592cbba890:     899 tokens, checkpoints:  1,   171.833 MiB
srv        update:    - prompt 0x5d5929e37990:     811 tokens, checkpoints:  1,   169.769 MiB
srv        update:    - prompt 0x5d592d0a7cf0:     910 tokens, checkpoints:  1,   172.091 MiB
srv        update:    - prompt 0x5d592d0a7170:     659 tokens, checkpoints:  1,   166.205 MiB
srv        update:    - prompt 0x5d5922abc450:   20965 tokens, checkpoints:  1,   642.359 MiB
srv        update:    - prompt 0x5d592aae79a0:     828 tokens, checkpoints:  1,   170.168 MiB
srv        update:    - prompt 0x5d592efc34c0:     815 tokens, checkpoints:  1,   169.863 MiB
srv        update:    - prompt 0x5d592f5644c0:     813 tokens, checkpoints:  1,   169.816 MiB
srv        update:    - prompt 0x5d592f55b990:     840 tokens, checkpoints:  1,   170.449 MiB
srv        update:    - prompt 0x5d592b1faf20:     403 tokens, checkpoints:  0,    84.826 MiB
srv        update:    - prompt 0x5d58ff68a8b0:   21086 tokens, checkpoints:  1,   645.196 MiB
srv        update:    - prompt 0x5d591f7b4ad0:   21362 tokens, checkpoints:  1,   651.668 MiB
srv        update:    - prompt 0x5d592f5060e0:     156 tokens, checkpoints:  0,    79.034 MiB
srv        update:    - prompt 0x5d592f556f50:   21177 tokens, checkpoints:  1,   647.330 MiB
srv        update:    - prompt 0x5d592f52eae0:     561 tokens, checkpoints:  0,    88.531 MiB
srv        update:    - prompt 0x5d5929e59b00:   21433 tokens, checkpoints:  1,   653.333 MiB
srv        update:    - prompt 0x5d592f530000:   33918 tokens, checkpoints:  1,   946.093 MiB
srv        update:    - prompt 0x5d59311da6f0:   34041 tokens, checkpoints:  1,   948.977 MiB
srv  get_availabl: prompt cache update took 231.06 ms
slot launch_slot_: id  1 | task -1 | sampler chain: logits -> ?penalties -> ?dry -> ?top-n-sigma -> top-k -> ?typical -> top-p -> min-p -> ?xtc -> ?temp-ext -> dist 
slot launch_slot_: id  1 | task 1509 | processing task, is_child = 0
slot update_slots: id  1 | task 1509 | new prompt, n_ctx_slot = 262144, n_keep = 0, task.n_tokens = 814
slot update_slots: id  1 | task 1509 | n_past = 20, slot.prompt.tokens.size() = 34041, seq_id = 1, pos_min = 34040, n_swa = 1
slot update_slots: id  1 | task 1509 | forcing full prompt re-processing due to lack of cache data (likely due to SWA or hybrid/recurrent memory, see https://github.com/ggml-org/llama.cpp/pull/13194#issuecomment-2868343055)
slot update_slots: id  1 | task 1509 | erased invalidated context checkpoint (pos_min = 33444, pos_max = 33444, n_swa = 1, size = 75.376 MiB)
slot update_slots: id  1 | task 1509 | n_tokens = 0, memory_seq_rm [0, end)
slot update_slots: id  1 | task 1509 | prompt processing progress, n_tokens = 302, batch.n_tokens = 302, progress = 0.371007
slot update_slots: id  1 | task 1509 | n_tokens = 302, memory_seq_rm [302, end)
slot update_slots: id  1 | task 1509 | prompt processing progress, n_tokens = 814, batch.n_tokens = 512, progress = 1.000000
slot update_slots: id  1 | task 1509 | prompt done, n_tokens = 814, batch.n_tokens = 512
slot init_sampler: id  1 | task 1509 | init sampler, took 0.06 ms, tokens: text = 814, total = 814
slot update_slots: id  1 | task 1509 | created context checkpoint 1 of 8 (pos_min = 301, pos_max = 301, size = 75.376 MiB)
slot print_timing: id  1 | task 1509 | 
prompt eval time =     434.36 ms /   814 tokens (    0.53 ms per token,  1874.02 tokens per second)
       eval time =      30.08 ms /     3 tokens (   10.03 ms per token,    99.74 tokens per second)
      total time =     464.44 ms /   817 tokens
slot      release: id  1 | task 1509 | stop processing: n_tokens = 816, truncated = 0
srv  update_slots: all slots are idle
srv  log_server_r: done request: POST /v1/messages 127.0.0.1 200
srv  params_from_: Chat format: Qwen3 Coder
slot get_availabl: id  2 | task -1 | selected slot by LRU, t_last = 7010557800
srv  get_availabl: updating prompt cache
srv   prompt_save:  - saving prompt with length 388, total state size = 84.474 MiB
srv          load:  - looking for better prompt, base f_keep = 0.052, sim = 0.059
srv        update:  - cache state: 22 prompts, 7713.564 MiB (limits: 8192.000 MiB, 262144 tokens, 262144 est)
srv        update:    - prompt 0x5d592ae1b4b0:     157 tokens, checkpoints:  0,    79.058 MiB
srv        update:    - prompt 0x5d5929e33760:   20553 tokens, checkpoints:  1,   632.698 MiB
srv        update:    - prompt 0x5d592bf0b560:     812 tokens, checkpoints:  1,   169.793 MiB
srv        update:    - prompt 0x5d592cbba890:     899 tokens, checkpoints:  1,   171.833 MiB
srv        update:    - prompt 0x5d5929e37990:     811 tokens, checkpoints:  1,   169.769 MiB
srv        update:    - prompt 0x5d592d0a7cf0:     910 tokens, checkpoints:  1,   172.091 MiB
srv        update:    - prompt 0x5d592d0a7170:     659 tokens, checkpoints:  1,   166.205 MiB
srv        update:    - prompt 0x5d5922abc450:   20965 tokens, checkpoints:  1,   642.359 MiB
srv        update:    - prompt 0x5d592aae79a0:     828 tokens, checkpoints:  1,   170.168 MiB
srv        update:    - prompt 0x5d592efc34c0:     815 tokens, checkpoints:  1,   169.863 MiB
srv        update:    - prompt 0x5d592f5644c0:     813 tokens, checkpoints:  1,   169.816 MiB
srv        update:    - prompt 0x5d592f55b990:     840 tokens, checkpoints:  1,   170.449 MiB
srv        update:    - prompt 0x5d592b1faf20:     403 tokens, checkpoints:  0,    84.826 MiB
srv        update:    - prompt 0x5d58ff68a8b0:   21086 tokens, checkpoints:  1,   645.196 MiB
srv        update:    - prompt 0x5d591f7b4ad0:   21362 tokens, checkpoints:  1,   651.668 MiB
srv        update:    - prompt 0x5d592f5060e0:     156 tokens, checkpoints:  0,    79.034 MiB
srv        update:    - prompt 0x5d592f556f50:   21177 tokens, checkpoints:  1,   647.330 MiB
srv        update:    - prompt 0x5d592f52eae0:     561 tokens, checkpoints:  0,    88.531 MiB
srv        update:    - prompt 0x5d5929e59b00:   21433 tokens, checkpoints:  1,   653.333 MiB
srv        update:    - prompt 0x5d592f530000:   33918 tokens, checkpoints:  1,   946.093 MiB
srv        update:    - prompt 0x5d59311da6f0:   34041 tokens, checkpoints:  1,   948.977 MiB
srv        update:    - prompt 0x5d592b17c210:     388 tokens, checkpoints:  0,    84.474 MiB
srv  get_availabl: prompt cache update took 25.13 ms
slot launch_slot_: id  2 | task -1 | sampler chain: logits -> ?penalties -> ?dry -> ?top-n-sigma -> top-k -> ?typical -> top-p -> min-p -> ?xtc -> ?temp-ext -> dist 
slot launch_slot_: id  2 | task 1514 | processing task, is_child = 0
slot update_slots: id  2 | task 1514 | new prompt, n_ctx_slot = 262144, n_keep = 0, task.n_tokens = 341
slot update_slots: id  2 | task 1514 | n_past = 20, slot.prompt.tokens.size() = 388, seq_id = 2, pos_min = 387, n_swa = 1
slot update_slots: id  2 | task 1514 | forcing full prompt re-processing due to lack of cache data (likely due to SWA or hybrid/recurrent memory, see https://github.com/ggml-org/llama.cpp/pull/13194#issuecomment-2868343055)
slot update_slots: id  2 | task 1514 | n_tokens = 0, memory_seq_rm [0, end)
slot update_slots: id  2 | task 1514 | prompt processing progress, n_tokens = 341, batch.n_tokens = 341, progress = 1.000000
slot update_slots: id  2 | task 1514 | prompt done, n_tokens = 341, batch.n_tokens = 341
slot init_sampler: id  2 | task 1514 | init sampler, took 0.03 ms, tokens: text = 341, total = 341
srv  params_from_: Chat format: Qwen3 Coder
slot get_availabl: id  3 | task -1 | selected slot by LRU, t_last = 7011380471
srv  get_availabl: updating prompt cache
srv   prompt_save:  - saving prompt with length 34118, total state size = 875.407 MiB
srv          load:  - looking for better prompt, base f_keep = 0.001, sim = 0.001
srv        update:  - cache size limit reached, removing oldest entry (size = 79.058 MiB)
srv        update:  - cache size limit reached, removing oldest entry (size = 632.698 MiB)
srv        update:  - cache state: 21 prompts, 7952.592 MiB (limits: 8192.000 MiB, 262144 tokens, 262144 est)
srv        update:    - prompt 0x5d592bf0b560:     812 tokens, checkpoints:  1,   169.793 MiB
srv        update:    - prompt 0x5d592cbba890:     899 tokens, checkpoints:  1,   171.833 MiB
srv        update:    - prompt 0x5d5929e37990:     811 tokens, checkpoints:  1,   169.769 MiB
srv        update:    - prompt 0x5d592d0a7cf0:     910 tokens, checkpoints:  1,   172.091 MiB
srv        update:    - prompt 0x5d592d0a7170:     659 tokens, checkpoints:  1,   166.205 MiB
srv        update:    - prompt 0x5d5922abc450:   20965 tokens, checkpoints:  1,   642.359 MiB
srv        update:    - prompt 0x5d592aae79a0:     828 tokens, checkpoints:  1,   170.168 MiB
srv        update:    - prompt 0x5d592efc34c0:     815 tokens, checkpoints:  1,   169.863 MiB
srv        update:    - prompt 0x5d592f5644c0:     813 tokens, checkpoints:  1,   169.816 MiB
srv        update:    - prompt 0x5d592f55b990:     840 tokens, checkpoints:  1,   170.449 MiB
srv        update:    - prompt 0x5d592b1faf20:     403 tokens, checkpoints:  0,    84.826 MiB
srv        update:    - prompt 0x5d58ff68a8b0:   21086 tokens, checkpoints:  1,   645.196 MiB
srv        update:    - prompt 0x5d591f7b4ad0:   21362 tokens, checkpoints:  1,   651.668 MiB
srv        update:    - prompt 0x5d592f5060e0:     156 tokens, checkpoints:  0,    79.034 MiB
srv        update:    - prompt 0x5d592f556f50:   21177 tokens, checkpoints:  1,   647.330 MiB
srv        update:    - prompt 0x5d592f52eae0:     561 tokens, checkpoints:  0,    88.531 MiB
srv        update:    - prompt 0x5d5929e59b00:   21433 tokens, checkpoints:  1,   653.333 MiB
srv        update:    - prompt 0x5d592f530000:   33918 tokens, checkpoints:  1,   946.093 MiB
srv        update:    - prompt 0x5d59311da6f0:   34041 tokens, checkpoints:  1,   948.977 MiB
srv        update:    - prompt 0x5d592b17c210:     388 tokens, checkpoints:  0,    84.474 MiB
srv        update:    - prompt 0x5d5930c4c360:   34118 tokens, checkpoints:  1,   950.783 MiB
srv  get_availabl: prompt cache update took 226.95 ms
slot launch_slot_: id  3 | task -1 | sampler chain: logits -> ?penalties -> ?dry -> ?top-n-sigma -> top-k -> ?typical -> top-p -> min-p -> ?xtc -> ?temp-ext -> dist 
slot launch_slot_: id  3 | task 1516 | processing task, is_child = 0
slot update_slots: id  3 | task 1516 | new prompt, n_ctx_slot = 262144, n_keep = 0, task.n_tokens = 34897
slot update_slots: id  3 | task 1516 | n_past = 32, slot.prompt.tokens.size() = 34118, seq_id = 3, pos_min = 34117, n_swa = 1
slot update_slots: id  3 | task 1516 | forcing full prompt re-processing due to lack of cache data (likely due to SWA or hybrid/recurrent memory, see https://github.com/ggml-org/llama.cpp/pull/13194#issuecomment-2868343055)
slot update_slots: id  3 | task 1516 | erased invalidated context checkpoint (pos_min = 33541, pos_max = 33541, n_swa = 1, size = 75.376 MiB)
slot update_slots: id  3 | task 1516 | n_tokens = 0, memory_seq_rm [0, end)
slot update_slots: id  3 | task 1516 | prompt processing progress, n_tokens = 2047, batch.n_tokens = 2048, progress = 0.058658
slot update_slots: id  3 | task 1516 | n_tokens = 2047, memory_seq_rm [2047, end)
slot update_slots: id  3 | task 1516 | prompt processing progress, n_tokens = 4094, batch.n_tokens = 2048, progress = 0.117317
slot update_slots: id  3 | task 1516 | n_tokens = 4094, memory_seq_rm [4094, end)
slot update_slots: id  3 | task 1516 | prompt processing progress, n_tokens = 6141, batch.n_tokens = 2048, progress = 0.175975
slot update_slots: id  3 | task 1516 | n_tokens = 6141, memory_seq_rm [6141, end)
slot update_slots: id  3 | task 1516 | prompt processing progress, n_tokens = 8188, batch.n_tokens = 2048, progress = 0.234633
slot update_slots: id  3 | task 1516 | n_tokens = 8188, memory_seq_rm [8188, end)
slot update_slots: id  3 | task 1516 | prompt processing progress, n_tokens = 10235, batch.n_tokens = 2048, progress = 0.293292
slot update_slots: id  3 | task 1516 | n_tokens = 10235, memory_seq_rm [10235, end)
slot update_slots: id  3 | task 1516 | prompt processing progress, n_tokens = 12282, batch.n_tokens = 2048, progress = 0.351950
slot update_slots: id  3 | task 1516 | n_tokens = 12282, memory_seq_rm [12282, end)
slot update_slots: id  3 | task 1516 | prompt processing progress, n_tokens = 14329, batch.n_tokens = 2048, progress = 0.410608
slot update_slots: id  3 | task 1516 | n_tokens = 14329, memory_seq_rm [14329, end)
slot update_slots: id  3 | task 1516 | prompt processing progress, n_tokens = 16376, batch.n_tokens = 2048, progress = 0.469267
slot update_slots: id  3 | task 1516 | n_tokens = 16376, memory_seq_rm [16376, end)
slot update_slots: id  3 | task 1516 | prompt processing progress, n_tokens = 18423, batch.n_tokens = 2048, progress = 0.527925
slot update_slots: id  3 | task 1516 | n_tokens = 18423, memory_seq_rm [18423, end)
slot update_slots: id  3 | task 1516 | prompt processing progress, n_tokens = 20470, batch.n_tokens = 2048, progress = 0.586583
slot update_slots: id  3 | task 1516 | n_tokens = 20470, memory_seq_rm [20470, end)
slot update_slots: id  3 | task 1516 | prompt processing progress, n_tokens = 22517, batch.n_tokens = 2048, progress = 0.645242
slot update_slots: id  3 | task 1516 | n_tokens = 22517, memory_seq_rm [22517, end)
slot update_slots: id  3 | task 1516 | prompt processing progress, n_tokens = 24564, batch.n_tokens = 2048, progress = 0.703900
slot update_slots: id  3 | task 1516 | n_tokens = 24564, memory_seq_rm [24564, end)
slot update_slots: id  3 | task 1516 | prompt processing progress, n_tokens = 26611, batch.n_tokens = 2048, progress = 0.762558
slot update_slots: id  3 | task 1516 | n_tokens = 26611, memory_seq_rm [26611, end)
slot update_slots: id  3 | task 1516 | prompt processing progress, n_tokens = 28658, batch.n_tokens = 2048, progress = 0.821217
slot update_slots: id  3 | task 1516 | n_tokens = 28658, memory_seq_rm [28658, end)
slot update_slots: id  3 | task 1516 | prompt processing progress, n_tokens = 30705, batch.n_tokens = 2048, progress = 0.879875
slot update_slots: id  3 | task 1516 | n_tokens = 30705, memory_seq_rm [30705, end)
slot update_slots: id  3 | task 1516 | prompt processing progress, n_tokens = 32752, batch.n_tokens = 2048, progress = 0.938533
slot update_slots: id  3 | task 1516 | n_tokens = 32752, memory_seq_rm [32752, end)
slot update_slots: id  3 | task 1516 | prompt processing progress, n_tokens = 34385, batch.n_tokens = 1634, progress = 0.985328
slot update_slots: id  3 | task 1516 | n_tokens = 34385, memory_seq_rm [34385, end)
slot update_slots: id  3 | task 1516 | prompt processing progress, n_tokens = 34897, batch.n_tokens = 513, progress = 1.000000
slot update_slots: id  3 | task 1516 | prompt done, n_tokens = 34897, batch.n_tokens = 513
slot init_sampler: id  3 | task 1516 | init sampler, took 2.62 ms, tokens: text = 34897, total = 34897
slot update_slots: id  3 | task 1516 | created context checkpoint 1 of 8 (pos_min = 34384, pos_max = 34384, size = 75.376 MiB)
slot print_timing: id  2 | task 1514 | 
prompt eval time =     202.65 ms /   341 tokens (    0.59 ms per token,  1682.75 tokens per second)
       eval time =   16330.31 ms /    23 tokens (  710.01 ms per token,     1.41 tokens per second)
      total time =   16532.96 ms /   364 tokens
slot      release: id  2 | task 1514 | stop processing: n_tokens = 363, truncated = 0
srv  log_server_r: done request: POST /v1/messages 127.0.0.1 200
slot print_timing: id  3 | task 1516 | 
prompt eval time =   16029.33 ms / 34897 tokens (    0.46 ms per token,  2177.07 tokens per second)
       eval time =    1725.67 ms /   126 tokens (   13.70 ms per token,    73.02 tokens per second)
      total time =   17755.00 ms / 35023 tokens
slot      release: id  3 | task 1516 | stop processing: n_tokens = 35022, truncated = 0
srv  update_slots: all slots are idle
srv  log_server_r: done request: POST /v1/messages 127.0.0.1 200
srv  params_from_: Chat format: Qwen3 Coder
slot get_availabl: id  0 | task -1 | selected slot by LRU, t_last = 7028863015
srv  get_availabl: updating prompt cache
srv   prompt_save:  - saving prompt with length 34761, total state size = 890.485 MiB
srv  params_from_: Chat format: Qwen3 Coder
srv          load:  - looking for better prompt, base f_keep = 0.001, sim = 0.049
srv        update:  - cache size limit reached, removing oldest entry (size = 169.793 MiB)
srv        update:  - cache size limit reached, removing oldest entry (size = 171.833 MiB)
srv        update:  - cache size limit reached, removing oldest entry (size = 169.769 MiB)
srv        update:  - cache size limit reached, removing oldest entry (size = 172.091 MiB)
srv        update:  - cache size limit reached, removing oldest entry (size = 166.205 MiB)
srv        update:  - cache state: 17 prompts, 8068.763 MiB (limits: 8192.000 MiB, 262144 tokens, 262144 est)
srv        update:    - prompt 0x5d5922abc450:   20965 tokens, checkpoints:  1,   642.359 MiB
srv        update:    - prompt 0x5d592aae79a0:     828 tokens, checkpoints:  1,   170.168 MiB
srv        update:    - prompt 0x5d592efc34c0:     815 tokens, checkpoints:  1,   169.863 MiB
srv        update:    - prompt 0x5d592f5644c0:     813 tokens, checkpoints:  1,   169.816 MiB
srv        update:    - prompt 0x5d592f55b990:     840 tokens, checkpoints:  1,   170.449 MiB
srv        update:    - prompt 0x5d592b1faf20:     403 tokens, checkpoints:  0,    84.826 MiB
srv        update:    - prompt 0x5d58ff68a8b0:   21086 tokens, checkpoints:  1,   645.196 MiB
srv        update:    - prompt 0x5d591f7b4ad0:   21362 tokens, checkpoints:  1,   651.668 MiB
srv        update:    - prompt 0x5d592f5060e0:     156 tokens, checkpoints:  0,    79.034 MiB
srv        update:    - prompt 0x5d592f556f50:   21177 tokens, checkpoints:  1,   647.330 MiB
srv        update:    - prompt 0x5d592f52eae0:     561 tokens, checkpoints:  0,    88.531 MiB
srv        update:    - prompt 0x5d5929e59b00:   21433 tokens, checkpoints:  1,   653.333 MiB
srv        update:    - prompt 0x5d592f530000:   33918 tokens, checkpoints:  1,   946.093 MiB
srv        update:    - prompt 0x5d59311da6f0:   34041 tokens, checkpoints:  1,   948.977 MiB
srv        update:    - prompt 0x5d592b17c210:     388 tokens, checkpoints:  0,    84.474 MiB
srv        update:    - prompt 0x5d5930c4c360:   34118 tokens, checkpoints:  1,   950.783 MiB
srv        update:    - prompt 0x5d59313a2540:   34761 tokens, checkpoints:  1,   965.861 MiB
srv  get_availabl: prompt cache update took 218.81 ms
slot launch_slot_: id  0 | task -1 | sampler chain: logits -> ?penalties -> ?dry -> ?top-n-sigma -> top-k -> ?typical -> top-p -> min-p -> ?xtc -> ?temp-ext -> dist 
slot launch_slot_: id  0 | task 1660 | processing task, is_child = 0
slot get_availabl: id  1 | task -1 | selected slot by LRU, t_last = 7029567312
srv  get_availabl: updating prompt cache
srv   prompt_save:  - saving prompt with length 816, total state size = 94.510 MiB
srv          load:  - looking for better prompt, base f_keep = 0.025, sim = 0.001
srv        update:  - cache size limit reached, removing oldest entry (size = 642.359 MiB)
srv        update:  - cache state: 17 prompts, 7596.290 MiB (limits: 8192.000 MiB, 262144 tokens, 262144 est)
srv        update:    - prompt 0x5d592aae79a0:     828 tokens, checkpoints:  1,   170.168 MiB
srv        update:    - prompt 0x5d592efc34c0:     815 tokens, checkpoints:  1,   169.863 MiB
srv        update:    - prompt 0x5d592f5644c0:     813 tokens, checkpoints:  1,   169.816 MiB
srv        update:    - prompt 0x5d592f55b990:     840 tokens, checkpoints:  1,   170.449 MiB
srv        update:    - prompt 0x5d592b1faf20:     403 tokens, checkpoints:  0,    84.826 MiB
srv        update:    - prompt 0x5d58ff68a8b0:   21086 tokens, checkpoints:  1,   645.196 MiB
srv        update:    - prompt 0x5d591f7b4ad0:   21362 tokens, checkpoints:  1,   651.668 MiB
srv        update:    - prompt 0x5d592f5060e0:     156 tokens, checkpoints:  0,    79.034 MiB
srv        update:    - prompt 0x5d592f556f50:   21177 tokens, checkpoints:  1,   647.330 MiB
srv        update:    - prompt 0x5d592f52eae0:     561 tokens, checkpoints:  0,    88.531 MiB
srv        update:    - prompt 0x5d5929e59b00:   21433 tokens, checkpoints:  1,   653.333 MiB
srv        update:    - prompt 0x5d592f530000:   33918 tokens, checkpoints:  1,   946.093 MiB
srv        update:    - prompt 0x5d59311da6f0:   34041 tokens, checkpoints:  1,   948.977 MiB
srv        update:    - prompt 0x5d592b17c210:     388 tokens, checkpoints:  0,    84.474 MiB
srv        update:    - prompt 0x5d5930c4c360:   34118 tokens, checkpoints:  1,   950.783 MiB
srv        update:    - prompt 0x5d59313a2540:   34761 tokens, checkpoints:  1,   965.861 MiB
srv        update:    - prompt 0x5d592bf0b560:     816 tokens, checkpoints:  1,   169.886 MiB
srv  get_availabl: prompt cache update took 45.52 ms
slot launch_slot_: id  1 | task -1 | sampler chain: logits -> ?penalties -> ?dry -> ?top-n-sigma -> top-k -> ?typical -> top-p -> min-p -> ?xtc -> ?temp-ext -> dist 
slot launch_slot_: id  1 | task 1661 | processing task, is_child = 0
slot update_slots: id  0 | task 1660 | new prompt, n_ctx_slot = 262144, n_keep = 0, task.n_tokens = 405
slot update_slots: id  0 | task 1660 | n_past = 20, slot.prompt.tokens.size() = 34761, seq_id = 0, pos_min = 34760, n_swa = 1
slot update_slots: id  0 | task 1660 | forcing full prompt re-processing due to lack of cache data (likely due to SWA or hybrid/recurrent memory, see https://github.com/ggml-org/llama.cpp/pull/13194#issuecomment-2868343055)
slot update_slots: id  0 | task 1660 | erased invalidated context checkpoint (pos_min = 34171, pos_max = 34171, n_swa = 1, size = 75.376 MiB)
slot update_slots: id  0 | task 1660 | n_tokens = 0, memory_seq_rm [0, end)
slot update_slots: id  0 | task 1660 | prompt processing progress, n_tokens = 405, batch.n_tokens = 405, progress = 1.000000
slot update_slots: id  0 | task 1660 | prompt done, n_tokens = 405, batch.n_tokens = 405
slot init_sampler: id  0 | task 1660 | init sampler, took 0.04 ms, tokens: text = 405, total = 405
slot update_slots: id  1 | task 1661 | new prompt, n_ctx_slot = 262144, n_keep = 0, task.n_tokens = 35037
slot update_slots: id  1 | task 1661 | n_past = 20, slot.prompt.tokens.size() = 816, seq_id = 1, pos_min = 815, n_swa = 1
slot update_slots: id  1 | task 1661 | forcing full prompt re-processing due to lack of cache data (likely due to SWA or hybrid/recurrent memory, see https://github.com/ggml-org/llama.cpp/pull/13194#issuecomment-2868343055)
slot update_slots: id  1 | task 1661 | erased invalidated context checkpoint (pos_min = 301, pos_max = 301, n_swa = 1, size = 75.376 MiB)
slot update_slots: id  1 | task 1661 | n_tokens = 0, memory_seq_rm [0, end)
slot update_slots: id  1 | task 1661 | prompt processing progress, n_tokens = 1643, batch.n_tokens = 2048, progress = 0.046893
slot update_slots: id  1 | task 1661 | n_tokens = 1643, memory_seq_rm [1643, end)
slot update_slots: id  1 | task 1661 | prompt processing progress, n_tokens = 3690, batch.n_tokens = 2048, progress = 0.105317
slot update_slots: id  1 | task 1661 | n_tokens = 3690, memory_seq_rm [3690, end)
slot update_slots: id  1 | task 1661 | prompt processing progress, n_tokens = 5737, batch.n_tokens = 2048, progress = 0.163741
slot update_slots: id  1 | task 1661 | n_tokens = 5737, memory_seq_rm [5737, end)
slot update_slots: id  1 | task 1661 | prompt processing progress, n_tokens = 7784, batch.n_tokens = 2048, progress = 0.222165
slot update_slots: id  1 | task 1661 | n_tokens = 7784, memory_seq_rm [7784, end)
slot update_slots: id  1 | task 1661 | prompt processing progress, n_tokens = 9831, batch.n_tokens = 2048, progress = 0.280589
slot update_slots: id  1 | task 1661 | n_tokens = 9831, memory_seq_rm [9831, end)
slot update_slots: id  1 | task 1661 | prompt processing progress, n_tokens = 11878, batch.n_tokens = 2048, progress = 0.339013
slot update_slots: id  1 | task 1661 | n_tokens = 11878, memory_seq_rm [11878, end)
slot update_slots: id  1 | task 1661 | prompt processing progress, n_tokens = 13925, batch.n_tokens = 2048, progress = 0.397437
slot update_slots: id  1 | task 1661 | n_tokens = 13925, memory_seq_rm [13925, end)
slot update_slots: id  1 | task 1661 | prompt processing progress, n_tokens = 15972, batch.n_tokens = 2048, progress = 0.455861
slot update_slots: id  1 | task 1661 | n_tokens = 15972, memory_seq_rm [15972, end)
slot update_slots: id  1 | task 1661 | prompt processing progress, n_tokens = 18019, batch.n_tokens = 2048, progress = 0.514285
slot update_slots: id  1 | task 1661 | n_tokens = 18019, memory_seq_rm [18019, end)
slot update_slots: id  1 | task 1661 | prompt processing progress, n_tokens = 20066, batch.n_tokens = 2048, progress = 0.572709
slot update_slots: id  1 | task 1661 | n_tokens = 20066, memory_seq_rm [20066, end)
slot update_slots: id  1 | task 1661 | prompt processing progress, n_tokens = 22113, batch.n_tokens = 2048, progress = 0.631133
slot update_slots: id  1 | task 1661 | n_tokens = 22113, memory_seq_rm [22113, end)
slot update_slots: id  1 | task 1661 | prompt processing progress, n_tokens = 24160, batch.n_tokens = 2048, progress = 0.689557
slot update_slots: id  1 | task 1661 | n_tokens = 24160, memory_seq_rm [24160, end)
slot update_slots: id  1 | task 1661 | prompt processing progress, n_tokens = 26207, batch.n_tokens = 2048, progress = 0.747981
slot update_slots: id  1 | task 1661 | n_tokens = 26207, memory_seq_rm [26207, end)
slot update_slots: id  1 | task 1661 | prompt processing progress, n_tokens = 28254, batch.n_tokens = 2048, progress = 0.806405
slot update_slots: id  1 | task 1661 | n_tokens = 28254, memory_seq_rm [28254, end)
slot update_slots: id  1 | task 1661 | prompt processing progress, n_tokens = 30301, batch.n_tokens = 2048, progress = 0.864829
slot update_slots: id  1 | task 1661 | n_tokens = 30301, memory_seq_rm [30301, end)
slot update_slots: id  1 | task 1661 | prompt processing progress, n_tokens = 32348, batch.n_tokens = 2048, progress = 0.923253
slot update_slots: id  1 | task 1661 | n_tokens = 32348, memory_seq_rm [32348, end)
slot update_slots: id  1 | task 1661 | prompt processing progress, n_tokens = 34395, batch.n_tokens = 2048, progress = 0.981677
slot update_slots: id  1 | task 1661 | n_tokens = 34395, memory_seq_rm [34395, end)
slot update_slots: id  1 | task 1661 | prompt processing progress, n_tokens = 34525, batch.n_tokens = 131, progress = 0.985387
slot update_slots: id  1 | task 1661 | n_tokens = 34525, memory_seq_rm [34525, end)
slot update_slots: id  1 | task 1661 | prompt processing progress, n_tokens = 35037, batch.n_tokens = 513, progress = 1.000000
slot update_slots: id  1 | task 1661 | prompt done, n_tokens = 35037, batch.n_tokens = 513
slot init_sampler: id  1 | task 1661 | init sampler, took 2.62 ms, tokens: text = 35037, total = 35037
slot update_slots: id  1 | task 1661 | created context checkpoint 1 of 8 (pos_min = 34524, pos_max = 34524, size = 75.376 MiB)
slot print_timing: id  0 | task 1660 | 
prompt eval time =     867.24 ms /   405 tokens (    2.14 ms per token,   467.00 tokens per second)
       eval time =   14615.85 ms /    60 tokens (  243.60 ms per token,     4.11 tokens per second)
      total time =   15483.09 ms /   465 tokens
slot      release: id  0 | task 1660 | stop processing: n_tokens = 464, truncated = 0
srv  log_server_r: done request: POST /v1/messages 127.0.0.1 200
slot print_timing: id  1 | task 1661 | 
prompt eval time =   14769.53 ms / 35037 tokens (    0.42 ms per token,  2372.25 tokens per second)
       eval time =    1078.22 ms /    70 tokens (   15.40 ms per token,    64.92 tokens per second)
      total time =   15847.75 ms / 35107 tokens
slot      release: id  1 | task 1661 | stop processing: n_tokens = 35106, truncated = 0
srv  update_slots: all slots are idle
srv  log_server_r: done request: POST /v1/messages 127.0.0.1 200
srv  params_from_: Chat format: Qwen3 Coder
slot get_availabl: id  2 | task -1 | selected slot by LRU, t_last = 7053961848
srv  get_availabl: updating prompt cache
srv   prompt_save:  - saving prompt with length 363, total state size = 83.888 MiB
srv          load:  - looking for better prompt, base f_keep = 0.055, sim = 0.001
srv        update:  - cache state: 18 prompts, 7680.178 MiB (limits: 8192.000 MiB, 262144 tokens, 262144 est)
srv        update:    - prompt 0x5d592aae79a0:     828 tokens, checkpoints:  1,   170.168 MiB
srv        update:    - prompt 0x5d592efc34c0:     815 tokens, checkpoints:  1,   169.863 MiB
srv        update:    - prompt 0x5d592f5644c0:     813 tokens, checkpoints:  1,   169.816 MiB
srv        update:    - prompt 0x5d592f55b990:     840 tokens, checkpoints:  1,   170.449 MiB
srv        update:    - prompt 0x5d592b1faf20:     403 tokens, checkpoints:  0,    84.826 MiB
srv        update:    - prompt 0x5d58ff68a8b0:   21086 tokens, checkpoints:  1,   645.196 MiB
srv        update:    - prompt 0x5d591f7b4ad0:   21362 tokens, checkpoints:  1,   651.668 MiB
srv        update:    - prompt 0x5d592f5060e0:     156 tokens, checkpoints:  0,    79.034 MiB
srv        update:    - prompt 0x5d592f556f50:   21177 tokens, checkpoints:  1,   647.330 MiB
srv        update:    - prompt 0x5d592f52eae0:     561 tokens, checkpoints:  0,    88.531 MiB
srv        update:    - prompt 0x5d5929e59b00:   21433 tokens, checkpoints:  1,   653.333 MiB
srv        update:    - prompt 0x5d592f530000:   33918 tokens, checkpoints:  1,   946.093 MiB
srv        update:    - prompt 0x5d59311da6f0:   34041 tokens, checkpoints:  1,   948.977 MiB
srv        update:    - prompt 0x5d592b17c210:     388 tokens, checkpoints:  0,    84.474 MiB
srv        update:    - prompt 0x5d5930c4c360:   34118 tokens, checkpoints:  1,   950.783 MiB
srv        update:    - prompt 0x5d59313a2540:   34761 tokens, checkpoints:  1,   965.861 MiB
srv        update:    - prompt 0x5d592bf0b560:     816 tokens, checkpoints:  1,   169.886 MiB
srv        update:    - prompt 0x5d592dc7cb00:     363 tokens, checkpoints:  0,    83.888 MiB
srv  get_availabl: prompt cache update took 23.50 ms
slot launch_slot_: id  2 | task -1 | sampler chain: logits -> ?penalties -> ?dry -> ?top-n-sigma -> top-k -> ?typical -> top-p -> min-p -> ?xtc -> ?temp-ext -> dist 
slot launch_slot_: id  2 | task 1750 | processing task, is_child = 0
slot update_slots: id  2 | task 1750 | new prompt, n_ctx_slot = 262144, n_keep = 0, task.n_tokens = 35667
slot update_slots: id  2 | task 1750 | n_past = 20, slot.prompt.tokens.size() = 363, seq_id = 2, pos_min = 362, n_swa = 1
slot update_slots: id  2 | task 1750 | forcing full prompt re-processing due to lack of cache data (likely due to SWA or hybrid/recurrent memory, see https://github.com/ggml-org/llama.cpp/pull/13194#issuecomment-2868343055)
slot update_slots: id  2 | task 1750 | n_tokens = 0, memory_seq_rm [0, end)
slot update_slots: id  2 | task 1750 | prompt processing progress, n_tokens = 2048, batch.n_tokens = 2048, progress = 0.057420
slot update_slots: id  2 | task 1750 | n_tokens = 2048, memory_seq_rm [2048, end)
slot update_slots: id  2 | task 1750 | prompt processing progress, n_tokens = 4096, batch.n_tokens = 2048, progress = 0.114840
slot update_slots: id  2 | task 1750 | n_tokens = 4096, memory_seq_rm [4096, end)
slot update_slots: id  2 | task 1750 | prompt processing progress, n_tokens = 6144, batch.n_tokens = 2048, progress = 0.172260
slot update_slots: id  2 | task 1750 | n_tokens = 6144, memory_seq_rm [6144, end)
slot update_slots: id  2 | task 1750 | prompt processing progress, n_tokens = 8192, batch.n_tokens = 2048, progress = 0.229680
slot update_slots: id  2 | task 1750 | n_tokens = 8192, memory_seq_rm [8192, end)
slot update_slots: id  2 | task 1750 | prompt processing progress, n_tokens = 10240, batch.n_tokens = 2048, progress = 0.287100
slot update_slots: id  2 | task 1750 | n_tokens = 10240, memory_seq_rm [10240, end)
slot update_slots: id  2 | task 1750 | prompt processing progress, n_tokens = 12288, batch.n_tokens = 2048, progress = 0.344520
slot update_slots: id  2 | task 1750 | n_tokens = 12288, memory_seq_rm [12288, end)
slot update_slots: id  2 | task 1750 | prompt processing progress, n_tokens = 14336, batch.n_tokens = 2048, progress = 0.401940
slot update_slots: id  2 | task 1750 | n_tokens = 14336, memory_seq_rm [14336, end)
slot update_slots: id  2 | task 1750 | prompt processing progress, n_tokens = 16384, batch.n_tokens = 2048, progress = 0.459360
slot update_slots: id  2 | task 1750 | n_tokens = 16384, memory_seq_rm [16384, end)
slot update_slots: id  2 | task 1750 | prompt processing progress, n_tokens = 18432, batch.n_tokens = 2048, progress = 0.516780
slot update_slots: id  2 | task 1750 | n_tokens = 18432, memory_seq_rm [18432, end)
slot update_slots: id  2 | task 1750 | prompt processing progress, n_tokens = 20480, batch.n_tokens = 2048, progress = 0.574200
slot update_slots: id  2 | task 1750 | n_tokens = 20480, memory_seq_rm [20480, end)
slot update_slots: id  2 | task 1750 | prompt processing progress, n_tokens = 22528, batch.n_tokens = 2048, progress = 0.631620
slot update_slots: id  2 | task 1750 | n_tokens = 22528, memory_seq_rm [22528, end)
slot update_slots: id  2 | task 1750 | prompt processing progress, n_tokens = 24576, batch.n_tokens = 2048, progress = 0.689040
slot update_slots: id  2 | task 1750 | n_tokens = 24576, memory_seq_rm [24576, end)
slot update_slots: id  2 | task 1750 | prompt processing progress, n_tokens = 26624, batch.n_tokens = 2048, progress = 0.746460
slot update_slots: id  2 | task 1750 | n_tokens = 26624, memory_seq_rm [26624, end)
slot update_slots: id  2 | task 1750 | prompt processing progress, n_tokens = 28672, batch.n_tokens = 2048, progress = 0.803880
slot update_slots: id  2 | task 1750 | n_tokens = 28672, memory_seq_rm [28672, end)
slot update_slots: id  2 | task 1750 | prompt processing progress, n_tokens = 30720, batch.n_tokens = 2048, progress = 0.861300
slot update_slots: id  2 | task 1750 | n_tokens = 30720, memory_seq_rm [30720, end)
slot update_slots: id  2 | task 1750 | prompt processing progress, n_tokens = 32768, batch.n_tokens = 2048, progress = 0.918720
slot update_slots: id  2 | task 1750 | n_tokens = 32768, memory_seq_rm [32768, end)
slot update_slots: id  2 | task 1750 | prompt processing progress, n_tokens = 34816, batch.n_tokens = 2048, progress = 0.976140
slot update_slots: id  2 | task 1750 | n_tokens = 34816, memory_seq_rm [34816, end)
slot update_slots: id  2 | task 1750 | prompt processing progress, n_tokens = 35155, batch.n_tokens = 339, progress = 0.985645
slot update_slots: id  2 | task 1750 | n_tokens = 35155, memory_seq_rm [35155, end)
slot update_slots: id  2 | task 1750 | prompt processing progress, n_tokens = 35667, batch.n_tokens = 512, progress = 1.000000
slot update_slots: id  2 | task 1750 | prompt done, n_tokens = 35667, batch.n_tokens = 512
slot init_sampler: id  2 | task 1750 | init sampler, took 2.65 ms, tokens: text = 35667, total = 35667
slot update_slots: id  2 | task 1750 | created context checkpoint 1 of 8 (pos_min = 35154, pos_max = 35154, size = 75.376 MiB)
slot print_timing: id  2 | task 1750 | 
prompt eval time =   15785.07 ms / 35667 tokens (    0.44 ms per token,  2259.54 tokens per second)
       eval time =    1308.27 ms /    96 tokens (   13.63 ms per token,    73.38 tokens per second)
      total time =   17093.34 ms / 35763 tokens
slot      release: id  2 | task 1750 | stop processing: n_tokens = 35762, truncated = 0
srv  update_slots: all slots are idle
srv  log_server_r: done request: POST /v1/messages 127.0.0.1 200
srv  params_from_: Chat format: Qwen3 Coder
slot get_availabl: id  3 | task -1 | selected slot by LRU, t_last = 7055614685
srv  get_availabl: updating prompt cache
srv   prompt_save:  - saving prompt with length 35022, total state size = 896.605 MiB
srv  params_from_: Chat format: Qwen3 Coder
srv          load:  - looking for better prompt, base f_keep = 0.001, sim = 0.057
srv        update:  - cache size limit reached, removing oldest entry (size = 170.168 MiB)
srv        update:  - cache size limit reached, removing oldest entry (size = 169.863 MiB)
srv        update:  - cache size limit reached, removing oldest entry (size = 169.816 MiB)
srv        update:  - cache state: 16 prompts, 8142.313 MiB (limits: 8192.000 MiB, 262144 tokens, 262144 est)
srv        update:    - prompt 0x5d592f55b990:     840 tokens, checkpoints:  1,   170.449 MiB
srv        update:    - prompt 0x5d592b1faf20:     403 tokens, checkpoints:  0,    84.826 MiB
srv        update:    - prompt 0x5d58ff68a8b0:   21086 tokens, checkpoints:  1,   645.196 MiB
srv        update:    - prompt 0x5d591f7b4ad0:   21362 tokens, checkpoints:  1,   651.668 MiB
srv        update:    - prompt 0x5d592f5060e0:     156 tokens, checkpoints:  0,    79.034 MiB
srv        update:    - prompt 0x5d592f556f50:   21177 tokens, checkpoints:  1,   647.330 MiB
srv        update:    - prompt 0x5d592f52eae0:     561 tokens, checkpoints:  0,    88.531 MiB
srv        update:    - prompt 0x5d5929e59b00:   21433 tokens, checkpoints:  1,   653.333 MiB
srv        update:    - prompt 0x5d592f530000:   33918 tokens, checkpoints:  1,   946.093 MiB
srv        update:    - prompt 0x5d59311da6f0:   34041 tokens, checkpoints:  1,   948.977 MiB
srv        update:    - prompt 0x5d592b17c210:     388 tokens, checkpoints:  0,    84.474 MiB
srv        update:    - prompt 0x5d5930c4c360:   34118 tokens, checkpoints:  1,   950.783 MiB
srv        update:    - prompt 0x5d59313a2540:   34761 tokens, checkpoints:  1,   965.861 MiB
srv        update:    - prompt 0x5d592bf0b560:     816 tokens, checkpoints:  1,   169.886 MiB
srv        update:    - prompt 0x5d592dc7cb00:     363 tokens, checkpoints:  0,    83.888 MiB
srv        update:    - prompt 0x5d5930dbba70:   35022 tokens, checkpoints:  1,   971.981 MiB
srv  get_availabl: prompt cache update took 226.80 ms
slot launch_slot_: id  3 | task -1 | sampler chain: logits -> ?penalties -> ?dry -> ?top-n-sigma -> top-k -> ?typical -> top-p -> min-p -> ?xtc -> ?temp-ext -> dist 
slot launch_slot_: id  3 | task 1865 | processing task, is_child = 0
slot get_availabl: id  0 | task -1 | selected slot by LRU, t_last = 7073434576
srv  get_availabl: updating prompt cache
srv   prompt_save:  - saving prompt with length 464, total state size = 86.256 MiB
srv          load:  - looking for better prompt, base f_keep = 0.043, sim = 0.001
srv        update:  - cache size limit reached, removing oldest entry (size = 170.449 MiB)
srv        update:  - cache state: 16 prompts, 8058.120 MiB (limits: 8192.000 MiB, 262144 tokens, 264389 est)
srv        update:    - prompt 0x5d592b1faf20:     403 tokens, checkpoints:  0,    84.826 MiB
srv        update:    - prompt 0x5d58ff68a8b0:   21086 tokens, checkpoints:  1,   645.196 MiB
srv        update:    - prompt 0x5d591f7b4ad0:   21362 tokens, checkpoints:  1,   651.668 MiB
srv        update:    - prompt 0x5d592f5060e0:     156 tokens, checkpoints:  0,    79.034 MiB
srv        update:    - prompt 0x5d592f556f50:   21177 tokens, checkpoints:  1,   647.330 MiB
srv        update:    - prompt 0x5d592f52eae0:     561 tokens, checkpoints:  0,    88.531 MiB
srv        update:    - prompt 0x5d5929e59b00:   21433 tokens, checkpoints:  1,   653.333 MiB
srv        update:    - prompt 0x5d592f530000:   33918 tokens, checkpoints:  1,   946.093 MiB
srv        update:    - prompt 0x5d59311da6f0:   34041 tokens, checkpoints:  1,   948.977 MiB
srv        update:    - prompt 0x5d592b17c210:     388 tokens, checkpoints:  0,    84.474 MiB
srv        update:    - prompt 0x5d5930c4c360:   34118 tokens, checkpoints:  1,   950.783 MiB
srv        update:    - prompt 0x5d59313a2540:   34761 tokens, checkpoints:  1,   965.861 MiB
srv        update:    - prompt 0x5d592bf0b560:     816 tokens, checkpoints:  1,   169.886 MiB
srv        update:    - prompt 0x5d592dc7cb00:     363 tokens, checkpoints:  0,    83.888 MiB
srv        update:    - prompt 0x5d5930dbba70:   35022 tokens, checkpoints:  1,   971.981 MiB
srv        update:    - prompt 0x5d592aae79a0:     464 tokens, checkpoints:  0,    86.256 MiB
srv  get_availabl: prompt cache update took 31.10 ms
slot launch_slot_: id  0 | task -1 | sampler chain: logits -> ?penalties -> ?dry -> ?top-n-sigma -> top-k -> ?typical -> top-p -> min-p -> ?xtc -> ?temp-ext -> dist 
slot launch_slot_: id  0 | task 1866 | processing task, is_child = 0
slot update_slots: id  0 | task 1866 | new prompt, n_ctx_slot = 262144, n_keep = 0, task.n_tokens = 35774
slot update_slots: id  0 | task 1866 | n_past = 20, slot.prompt.tokens.size() = 464, seq_id = 0, pos_min = 463, n_swa = 1
slot update_slots: id  0 | task 1866 | forcing full prompt re-processing due to lack of cache data (likely due to SWA or hybrid/recurrent memory, see https://github.com/ggml-org/llama.cpp/pull/13194#issuecomment-2868343055)
slot update_slots: id  0 | task 1866 | n_tokens = 0, memory_seq_rm [0, end)
slot update_slots: id  0 | task 1866 | prompt processing progress, n_tokens = 2048, batch.n_tokens = 2048, progress = 0.057248
slot update_slots: id  0 | task 1866 | n_tokens = 2048, memory_seq_rm [2048, end)
slot update_slots: id  0 | task 1866 | prompt processing progress, n_tokens = 4096, batch.n_tokens = 2048, progress = 0.114497
slot update_slots: id  0 | task 1866 | n_tokens = 4096, memory_seq_rm [4096, end)
slot update_slots: id  0 | task 1866 | prompt processing progress, n_tokens = 6144, batch.n_tokens = 2048, progress = 0.171745
slot update_slots: id  0 | task 1866 | n_tokens = 6144, memory_seq_rm [6144, end)
slot update_slots: id  0 | task 1866 | prompt processing progress, n_tokens = 8192, batch.n_tokens = 2048, progress = 0.228993
slot update_slots: id  0 | task 1866 | n_tokens = 8192, memory_seq_rm [8192, end)
slot update_slots: id  0 | task 1866 | prompt processing progress, n_tokens = 10240, batch.n_tokens = 2048, progress = 0.286241
slot update_slots: id  0 | task 1866 | n_tokens = 10240, memory_seq_rm [10240, end)
slot update_slots: id  0 | task 1866 | prompt processing progress, n_tokens = 12288, batch.n_tokens = 2048, progress = 0.343490
slot update_slots: id  0 | task 1866 | n_tokens = 12288, memory_seq_rm [12288, end)
slot update_slots: id  0 | task 1866 | prompt processing progress, n_tokens = 14336, batch.n_tokens = 2048, progress = 0.400738
slot update_slots: id  0 | task 1866 | n_tokens = 14336, memory_seq_rm [14336, end)
slot update_slots: id  0 | task 1866 | prompt processing progress, n_tokens = 16384, batch.n_tokens = 2048, progress = 0.457986
slot update_slots: id  0 | task 1866 | n_tokens = 16384, memory_seq_rm [16384, end)
slot update_slots: id  0 | task 1866 | prompt processing progress, n_tokens = 18432, batch.n_tokens = 2048, progress = 0.515235
slot update_slots: id  0 | task 1866 | n_tokens = 18432, memory_seq_rm [18432, end)
slot update_slots: id  0 | task 1866 | prompt processing progress, n_tokens = 20480, batch.n_tokens = 2048, progress = 0.572483
slot update_slots: id  0 | task 1866 | n_tokens = 20480, memory_seq_rm [20480, end)
slot update_slots: id  0 | task 1866 | prompt processing progress, n_tokens = 22528, batch.n_tokens = 2048, progress = 0.629731
slot update_slots: id  0 | task 1866 | n_tokens = 22528, memory_seq_rm [22528, end)
slot update_slots: id  0 | task 1866 | prompt processing progress, n_tokens = 24576, batch.n_tokens = 2048, progress = 0.686979
slot update_slots: id  0 | task 1866 | n_tokens = 24576, memory_seq_rm [24576, end)
slot update_slots: id  0 | task 1866 | prompt processing progress, n_tokens = 26624, batch.n_tokens = 2048, progress = 0.744228
slot update_slots: id  0 | task 1866 | n_tokens = 26624, memory_seq_rm [26624, end)
slot update_slots: id  0 | task 1866 | prompt processing progress, n_tokens = 28672, batch.n_tokens = 2048, progress = 0.801476
slot update_slots: id  0 | task 1866 | n_tokens = 28672, memory_seq_rm [28672, end)
slot update_slots: id  0 | task 1866 | prompt processing progress, n_tokens = 30720, batch.n_tokens = 2048, progress = 0.858724
slot update_slots: id  0 | task 1866 | n_tokens = 30720, memory_seq_rm [30720, end)
slot update_slots: id  0 | task 1866 | prompt processing progress, n_tokens = 32768, batch.n_tokens = 2048, progress = 0.915972
slot update_slots: id  0 | task 1866 | n_tokens = 32768, memory_seq_rm [32768, end)
slot update_slots: id  0 | task 1866 | prompt processing progress, n_tokens = 34816, batch.n_tokens = 2048, progress = 0.973221
slot update_slots: id  0 | task 1866 | n_tokens = 34816, memory_seq_rm [34816, end)
slot update_slots: id  0 | task 1866 | prompt processing progress, n_tokens = 35262, batch.n_tokens = 446, progress = 0.985688
slot update_slots: id  3 | task 1865 | new prompt, n_ctx_slot = 262144, n_keep = 0, task.n_tokens = 353
slot update_slots: id  3 | task 1865 | n_past = 20, slot.prompt.tokens.size() = 35022, seq_id = 3, pos_min = 35021, n_swa = 1
slot update_slots: id  3 | task 1865 | forcing full prompt re-processing due to lack of cache data (likely due to SWA or hybrid/recurrent memory, see https://github.com/ggml-org/llama.cpp/pull/13194#issuecomment-2868343055)
slot update_slots: id  3 | task 1865 | erased invalidated context checkpoint (pos_min = 34384, pos_max = 34384, n_swa = 1, size = 75.376 MiB)
slot update_slots: id  3 | task 1865 | n_tokens = 0, memory_seq_rm [0, end)
slot update_slots: id  3 | task 1865 | prompt processing progress, n_tokens = 353, batch.n_tokens = 799, progress = 1.000000
slot update_slots: id  3 | task 1865 | prompt done, n_tokens = 353, batch.n_tokens = 799
slot init_sampler: id  3 | task 1865 | init sampler, took 0.03 ms, tokens: text = 353, total = 353
slot update_slots: id  0 | task 1866 | n_tokens = 35262, memory_seq_rm [35262, end)
slot update_slots: id  0 | task 1866 | prompt processing progress, n_tokens = 35774, batch.n_tokens = 513, progress = 1.000000
slot update_slots: id  0 | task 1866 | prompt done, n_tokens = 35774, batch.n_tokens = 513
slot init_sampler: id  0 | task 1866 | init sampler, took 2.69 ms, tokens: text = 35774, total = 35774
slot update_slots: id  0 | task 1866 | created context checkpoint 1 of 8 (pos_min = 35261, pos_max = 35261, size = 75.376 MiB)
slot print_timing: id  3 | task 1865 | 
prompt eval time =     463.74 ms /   353 tokens (    1.31 ms per token,   761.21 tokens per second)
       eval time =    1345.56 ms /    44 tokens (   30.58 ms per token,    32.70 tokens per second)
      total time =    1809.29 ms /   397 tokens
slot      release: id  3 | task 1865 | stop processing: n_tokens = 396, truncated = 0
srv  log_server_r: done request: POST /v1/messages 127.0.0.1 200
slot print_timing: id  0 | task 1866 | 
prompt eval time =   17455.27 ms / 35774 tokens (    0.49 ms per token,  2049.47 tokens per second)
       eval time =    1350.96 ms /    64 tokens (   21.11 ms per token,    47.37 tokens per second)
      total time =   18806.23 ms / 35838 tokens
slot      release: id  0 | task 1866 | stop processing: n_tokens = 35837, truncated = 0
srv  update_slots: all slots are idle
srv  log_server_r: done request: POST /v1/messages 127.0.0.1 200
srv  params_from_: Chat format: Qwen3 Coder
slot get_availabl: id  1 | task -1 | selected slot by LRU, t_last = 7073804507
srv  get_availabl: updating prompt cache
srv   prompt_save:  - saving prompt with length 35106, total state size = 898.575 MiB
srv  params_from_: Chat format: Qwen3 Coder
srv          load:  - looking for better prompt, base f_keep = 0.001, sim = 0.002
srv        update:  - cache size limit reached, removing oldest entry (size = 84.826 MiB)
srv        update:  - cache size limit reached, removing oldest entry (size = 645.196 MiB)
srv        update:  - cache size limit reached, removing oldest entry (size = 651.668 MiB)
srv        update:  - cache state: 14 prompts, 7650.380 MiB (limits: 8192.000 MiB, 262144 tokens, 270187 est)
srv        update:    - prompt 0x5d592f5060e0:     156 tokens, checkpoints:  0,    79.034 MiB
srv        update:    - prompt 0x5d592f556f50:   21177 tokens, checkpoints:  1,   647.330 MiB
srv        update:    - prompt 0x5d592f52eae0:     561 tokens, checkpoints:  0,    88.531 MiB
srv        update:    - prompt 0x5d5929e59b00:   21433 tokens, checkpoints:  1,   653.333 MiB
srv        update:    - prompt 0x5d592f530000:   33918 tokens, checkpoints:  1,   946.093 MiB
srv        update:    - prompt 0x5d59311da6f0:   34041 tokens, checkpoints:  1,   948.977 MiB
srv        update:    - prompt 0x5d592b17c210:     388 tokens, checkpoints:  0,    84.474 MiB
srv        update:    - prompt 0x5d5930c4c360:   34118 tokens, checkpoints:  1,   950.783 MiB
srv        update:    - prompt 0x5d59313a2540:   34761 tokens, checkpoints:  1,   965.861 MiB
srv        update:    - prompt 0x5d592bf0b560:     816 tokens, checkpoints:  1,   169.886 MiB
srv        update:    - prompt 0x5d592dc7cb00:     363 tokens, checkpoints:  0,    83.888 MiB
srv        update:    - prompt 0x5d5930dbba70:   35022 tokens, checkpoints:  1,   971.981 MiB
srv        update:    - prompt 0x5d592aae79a0:     464 tokens, checkpoints:  0,    86.256 MiB
srv        update:    - prompt 0x5d592c0040e0:   35106 tokens, checkpoints:  1,   973.951 MiB
srv  get_availabl: prompt cache update took 242.38 ms
slot launch_slot_: id  1 | task -1 | sampler chain: logits -> ?penalties -> ?dry -> ?top-n-sigma -> top-k -> ?typical -> top-p -> min-p -> ?xtc -> ?temp-ext -> dist 
slot launch_slot_: id  1 | task 1949 | processing task, is_child = 0
slot get_availabl: id  2 | task -1 | selected slot by LRU, t_last = 7091690297
srv  get_availabl: updating prompt cache
srv   prompt_save:  - saving prompt with length 35762, total state size = 913.957 MiB
srv          load:  - looking for better prompt, base f_keep = 0.001, sim = 0.001
srv        update:  - cache size limit reached, removing oldest entry (size = 79.034 MiB)
srv        update:  - cache size limit reached, removing oldest entry (size = 647.330 MiB)
srv        update:  - cache state: 13 prompts, 7913.348 MiB (limits: 8192.000 MiB, 262144 tokens, 276146 est)
srv        update:    - prompt 0x5d592f52eae0:     561 tokens, checkpoints:  0,    88.531 MiB
srv        update:    - prompt 0x5d5929e59b00:   21433 tokens, checkpoints:  1,   653.333 MiB
srv        update:    - prompt 0x5d592f530000:   33918 tokens, checkpoints:  1,   946.093 MiB
srv        update:    - prompt 0x5d59311da6f0:   34041 tokens, checkpoints:  1,   948.977 MiB
srv        update:    - prompt 0x5d592b17c210:     388 tokens, checkpoints:  0,    84.474 MiB
srv        update:    - prompt 0x5d5930c4c360:   34118 tokens, checkpoints:  1,   950.783 MiB
srv        update:    - prompt 0x5d59313a2540:   34761 tokens, checkpoints:  1,   965.861 MiB
srv        update:    - prompt 0x5d592bf0b560:     816 tokens, checkpoints:  1,   169.886 MiB
srv        update:    - prompt 0x5d592dc7cb00:     363 tokens, checkpoints:  0,    83.888 MiB
srv        update:    - prompt 0x5d5930dbba70:   35022 tokens, checkpoints:  1,   971.981 MiB
srv        update:    - prompt 0x5d592aae79a0:     464 tokens, checkpoints:  0,    86.256 MiB
srv        update:    - prompt 0x5d592c0040e0:   35106 tokens, checkpoints:  1,   973.951 MiB
srv        update:    - prompt 0x5d592b1faf20:   35762 tokens, checkpoints:  1,   989.333 MiB
srv  get_availabl: prompt cache update took 217.70 ms
slot launch_slot_: id  2 | task -1 | sampler chain: logits -> ?penalties -> ?dry -> ?top-n-sigma -> top-k -> ?typical -> top-p -> min-p -> ?xtc -> ?temp-ext -> dist 
slot launch_slot_: id  2 | task 1950 | processing task, is_child = 0
slot update_slots: id  1 | task 1949 | new prompt, n_ctx_slot = 262144, n_keep = 0, task.n_tokens = 12657
slot update_slots: id  1 | task 1949 | n_past = 20, slot.prompt.tokens.size() = 35106, seq_id = 1, pos_min = 35105, n_swa = 1
slot update_slots: id  1 | task 1949 | forcing full prompt re-processing due to lack of cache data (likely due to SWA or hybrid/recurrent memory, see https://github.com/ggml-org/llama.cpp/pull/13194#issuecomment-2868343055)
slot update_slots: id  1 | task 1949 | erased invalidated context checkpoint (pos_min = 34524, pos_max = 34524, n_swa = 1, size = 75.376 MiB)
slot update_slots: id  1 | task 1949 | n_tokens = 0, memory_seq_rm [0, end)
slot update_slots: id  1 | task 1949 | prompt processing progress, n_tokens = 2048, batch.n_tokens = 2048, progress = 0.161808
slot update_slots: id  1 | task 1949 | n_tokens = 2048, memory_seq_rm [2048, end)
slot update_slots: id  1 | task 1949 | prompt processing progress, n_tokens = 4096, batch.n_tokens = 2048, progress = 0.323615
slot update_slots: id  1 | task 1949 | n_tokens = 4096, memory_seq_rm [4096, end)
slot update_slots: id  1 | task 1949 | prompt processing progress, n_tokens = 6144, batch.n_tokens = 2048, progress = 0.485423
slot update_slots: id  1 | task 1949 | n_tokens = 6144, memory_seq_rm [6144, end)
slot update_slots: id  1 | task 1949 | prompt processing progress, n_tokens = 8192, batch.n_tokens = 2048, progress = 0.647231
slot update_slots: id  1 | task 1949 | n_tokens = 8192, memory_seq_rm [8192, end)
slot update_slots: id  1 | task 1949 | prompt processing progress, n_tokens = 10240, batch.n_tokens = 2048, progress = 0.809038
slot update_slots: id  1 | task 1949 | n_tokens = 10240, memory_seq_rm [10240, end)
slot update_slots: id  1 | task 1949 | prompt processing progress, n_tokens = 12145, batch.n_tokens = 1905, progress = 0.959548
slot update_slots: id  2 | task 1950 | new prompt, n_ctx_slot = 262144, n_keep = 0, task.n_tokens = 36692
slot update_slots: id  2 | task 1950 | n_past = 32, slot.prompt.tokens.size() = 35762, seq_id = 2, pos_min = 35761, n_swa = 1
slot update_slots: id  2 | task 1950 | forcing full prompt re-processing due to lack of cache data (likely due to SWA or hybrid/recurrent memory, see https://github.com/ggml-org/llama.cpp/pull/13194#issuecomment-2868343055)
slot update_slots: id  2 | task 1950 | erased invalidated context checkpoint (pos_min = 35154, pos_max = 35154, n_swa = 1, size = 75.376 MiB)
slot update_slots: id  2 | task 1950 | n_tokens = 0, memory_seq_rm [0, end)
slot update_slots: id  2 | task 1950 | prompt processing progress, n_tokens = 143, batch.n_tokens = 2048, progress = 0.003897
slot update_slots: id  1 | task 1949 | n_tokens = 12145, memory_seq_rm [12145, end)
slot update_slots: id  1 | task 1949 | prompt processing progress, n_tokens = 12657, batch.n_tokens = 512, progress = 1.000000
slot update_slots: id  1 | task 1949 | prompt done, n_tokens = 12657, batch.n_tokens = 512
slot init_sampler: id  1 | task 1949 | init sampler, took 0.95 ms, tokens: text = 12657, total = 12657
slot update_slots: id  1 | task 1949 | created context checkpoint 1 of 8 (pos_min = 12144, pos_max = 12144, size = 75.376 MiB)
slot update_slots: id  2 | task 1950 | n_tokens = 143, memory_seq_rm [143, end)
slot update_slots: id  2 | task 1950 | prompt processing progress, n_tokens = 1679, batch.n_tokens = 2048, progress = 0.045759
slot update_slots: id  2 | task 1950 | n_tokens = 1679, memory_seq_rm [1679, end)
slot update_slots: id  2 | task 1950 | prompt processing progress, n_tokens = 3726, batch.n_tokens = 2048, progress = 0.101548
slot update_slots: id  2 | task 1950 | n_tokens = 3726, memory_seq_rm [3726, end)
slot update_slots: id  2 | task 1950 | prompt processing progress, n_tokens = 5773, batch.n_tokens = 2048, progress = 0.157337
slot update_slots: id  2 | task 1950 | n_tokens = 5773, memory_seq_rm [5773, end)
slot update_slots: id  2 | task 1950 | prompt processing progress, n_tokens = 7820, batch.n_tokens = 2048, progress = 0.213125
slot update_slots: id  2 | task 1950 | n_tokens = 7820, memory_seq_rm [7820, end)
slot update_slots: id  2 | task 1950 | prompt processing progress, n_tokens = 9867, batch.n_tokens = 2048, progress = 0.268914
slot update_slots: id  2 | task 1950 | n_tokens = 9867, memory_seq_rm [9867, end)
slot update_slots: id  2 | task 1950 | prompt processing progress, n_tokens = 11914, batch.n_tokens = 2048, progress = 0.324703
slot update_slots: id  2 | task 1950 | n_tokens = 11914, memory_seq_rm [11914, end)
slot update_slots: id  2 | task 1950 | prompt processing progress, n_tokens = 13961, batch.n_tokens = 2048, progress = 0.380492
slot update_slots: id  2 | task 1950 | n_tokens = 13961, memory_seq_rm [13961, end)
slot update_slots: id  2 | task 1950 | prompt processing progress, n_tokens = 16008, batch.n_tokens = 2048, progress = 0.436280
slot update_slots: id  2 | task 1950 | n_tokens = 16008, memory_seq_rm [16008, end)
slot update_slots: id  2 | task 1950 | prompt processing progress, n_tokens = 18055, batch.n_tokens = 2048, progress = 0.492069
slot update_slots: id  2 | task 1950 | n_tokens = 18055, memory_seq_rm [18055, end)
slot update_slots: id  2 | task 1950 | prompt processing progress, n_tokens = 20102, batch.n_tokens = 2048, progress = 0.547858
slot update_slots: id  2 | task 1950 | n_tokens = 20102, memory_seq_rm [20102, end)
slot update_slots: id  2 | task 1950 | prompt processing progress, n_tokens = 22149, batch.n_tokens = 2048, progress = 0.603647
slot update_slots: id  2 | task 1950 | n_tokens = 22149, memory_seq_rm [22149, end)
slot update_slots: id  2 | task 1950 | prompt processing progress, n_tokens = 24196, batch.n_tokens = 2048, progress = 0.659435
slot update_slots: id  2 | task 1950 | n_tokens = 24196, memory_seq_rm [24196, end)
slot update_slots: id  2 | task 1950 | prompt processing progress, n_tokens = 26243, batch.n_tokens = 2048, progress = 0.715224
slot update_slots: id  2 | task 1950 | n_tokens = 26243, memory_seq_rm [26243, end)
slot update_slots: id  2 | task 1950 | prompt processing progress, n_tokens = 28290, batch.n_tokens = 2048, progress = 0.771013
slot update_slots: id  2 | task 1950 | n_tokens = 28290, memory_seq_rm [28290, end)
slot update_slots: id  2 | task 1950 | prompt processing progress, n_tokens = 30337, batch.n_tokens = 2048, progress = 0.826801
slot update_slots: id  2 | task 1950 | n_tokens = 30337, memory_seq_rm [30337, end)
slot update_slots: id  2 | task 1950 | prompt processing progress, n_tokens = 32384, batch.n_tokens = 2048, progress = 0.882590
slot update_slots: id  2 | task 1950 | n_tokens = 32384, memory_seq_rm [32384, end)
slot update_slots: id  2 | task 1950 | prompt processing progress, n_tokens = 34431, batch.n_tokens = 2048, progress = 0.938379
slot update_slots: id  2 | task 1950 | n_tokens = 34431, memory_seq_rm [34431, end)
slot update_slots: id  2 | task 1950 | prompt processing progress, n_tokens = 36180, batch.n_tokens = 1750, progress = 0.986046
slot update_slots: id  2 | task 1950 | n_tokens = 36180, memory_seq_rm [36180, end)
slot update_slots: id  2 | task 1950 | prompt processing progress, n_tokens = 36692, batch.n_tokens = 513, progress = 1.000000
slot update_slots: id  2 | task 1950 | prompt done, n_tokens = 36692, batch.n_tokens = 513
slot init_sampler: id  2 | task 1950 | init sampler, took 2.76 ms, tokens: text = 36692, total = 36692
slot update_slots: id  2 | task 1950 | created context checkpoint 1 of 8 (pos_min = 36179, pos_max = 36179, size = 75.376 MiB)
slot print_timing: id  1 | task 1949 | 
prompt eval time =    7094.90 ms / 12657 tokens (    0.56 ms per token,  1783.96 tokens per second)
       eval time =   18022.97 ms /    44 tokens (  409.61 ms per token,     2.44 tokens per second)
      total time =   25117.86 ms / 12701 tokens
slot      release: id  1 | task 1949 | stop processing: n_tokens = 12700, truncated = 0
srv  log_server_r: done request: POST /v1/messages 127.0.0.1 200
slot print_timing: id  2 | task 1950 | 
prompt eval time =   19660.66 ms / 36692 tokens (    0.54 ms per token,  1866.26 tokens per second)
       eval time =    3923.85 ms /   267 tokens (   14.70 ms per token,    68.05 tokens per second)
      total time =   23584.51 ms / 36959 tokens
slot      release: id  2 | task 1950 | stop processing: n_tokens = 36958, truncated = 0
srv  update_slots: all slots are idle
srv  log_server_r: done request: POST /v1/messages 127.0.0.1 200
srv  params_from_: Chat format: Qwen3 Coder
slot get_availabl: id  3 | task -1 | selected slot by LRU, t_last = 7110469993
srv  get_availabl: updating prompt cache
srv   prompt_save:  - saving prompt with length 396, total state size = 84.662 MiB
srv  params_from_: Chat format: Qwen3 Coder
srv          load:  - looking for better prompt, base f_keep = 0.053, sim = 0.021
srv        update:  - cache state: 14 prompts, 7998.010 MiB (limits: 8192.000 MiB, 262144 tokens, 273628 est)
srv        update:    - prompt 0x5d592f52eae0:     561 tokens, checkpoints:  0,    88.531 MiB
srv        update:    - prompt 0x5d5929e59b00:   21433 tokens, checkpoints:  1,   653.333 MiB
srv        update:    - prompt 0x5d592f530000:   33918 tokens, checkpoints:  1,   946.093 MiB
srv        update:    - prompt 0x5d59311da6f0:   34041 tokens, checkpoints:  1,   948.977 MiB
srv        update:    - prompt 0x5d592b17c210:     388 tokens, checkpoints:  0,    84.474 MiB
srv        update:    - prompt 0x5d5930c4c360:   34118 tokens, checkpoints:  1,   950.783 MiB
srv        update:    - prompt 0x5d59313a2540:   34761 tokens, checkpoints:  1,   965.861 MiB
srv        update:    - prompt 0x5d592bf0b560:     816 tokens, checkpoints:  1,   169.886 MiB
srv        update:    - prompt 0x5d592dc7cb00:     363 tokens, checkpoints:  0,    83.888 MiB
srv        update:    - prompt 0x5d5930dbba70:   35022 tokens, checkpoints:  1,   971.981 MiB
srv        update:    - prompt 0x5d592aae79a0:     464 tokens, checkpoints:  0,    86.256 MiB
srv        update:    - prompt 0x5d592c0040e0:   35106 tokens, checkpoints:  1,   973.951 MiB
srv        update:    - prompt 0x5d592b1faf20:   35762 tokens, checkpoints:  1,   989.333 MiB
srv        update:    - prompt 0x5d592f556f50:     396 tokens, checkpoints:  0,    84.662 MiB
srv  get_availabl: prompt cache update took 26.59 ms
slot launch_slot_: id  3 | task -1 | sampler chain: logits -> ?penalties -> ?dry -> ?top-n-sigma -> top-k -> ?typical -> top-p -> min-p -> ?xtc -> ?temp-ext -> dist 
slot launch_slot_: id  3 | task 2242 | processing task, is_child = 0
slot get_availabl: id  0 | task -1 | selected slot by LRU, t_last = 7110771579
srv  get_availabl: updating prompt cache
srv   prompt_save:  - saving prompt with length 35837, total state size = 915.716 MiB
srv          load:  - looking for better prompt, base f_keep = 0.001, sim = 0.019
srv        update:  - cache size limit reached, removing oldest entry (size = 88.531 MiB)
srv        update:  - cache size limit reached, removing oldest entry (size = 653.333 MiB)
srv        update:  - cache size limit reached, removing oldest entry (size = 946.093 MiB)
srv        update:  - cache state: 12 prompts, 7301.145 MiB (limits: 8192.000 MiB, 262144 tokens, 277220 est)
srv        update:    - prompt 0x5d59311da6f0:   34041 tokens, checkpoints:  1,   948.977 MiB
srv        update:    - prompt 0x5d592b17c210:     388 tokens, checkpoints:  0,    84.474 MiB
srv        update:    - prompt 0x5d5930c4c360:   34118 tokens, checkpoints:  1,   950.783 MiB
srv        update:    - prompt 0x5d59313a2540:   34761 tokens, checkpoints:  1,   965.861 MiB
srv        update:    - prompt 0x5d592bf0b560:     816 tokens, checkpoints:  1,   169.886 MiB
srv        update:    - prompt 0x5d592dc7cb00:     363 tokens, checkpoints:  0,    83.888 MiB
srv        update:    - prompt 0x5d5930dbba70:   35022 tokens, checkpoints:  1,   971.981 MiB
srv        update:    - prompt 0x5d592aae79a0:     464 tokens, checkpoints:  0,    86.256 MiB
srv        update:    - prompt 0x5d592c0040e0:   35106 tokens, checkpoints:  1,   973.951 MiB
srv        update:    - prompt 0x5d592b1faf20:   35762 tokens, checkpoints:  1,   989.333 MiB
srv        update:    - prompt 0x5d592f556f50:     396 tokens, checkpoints:  0,    84.662 MiB
srv        update:    - prompt 0x5d592d420cc0:   35837 tokens, checkpoints:  1,   991.092 MiB
srv  get_availabl: prompt cache update took 244.25 ms
slot launch_slot_: id  0 | task -1 | sampler chain: logits -> ?penalties -> ?dry -> ?top-n-sigma -> top-k -> ?typical -> top-p -> min-p -> ?xtc -> ?temp-ext -> dist 
slot launch_slot_: id  0 | task 2243 | processing task, is_child = 0
slot update_slots: id  0 | task 2243 | new prompt, n_ctx_slot = 262144, n_keep = 0, task.n_tokens = 1048
slot update_slots: id  0 | task 2243 | n_past = 20, slot.prompt.tokens.size() = 35837, seq_id = 0, pos_min = 35836, n_swa = 1
slot update_slots: id  0 | task 2243 | forcing full prompt re-processing due to lack of cache data (likely due to SWA or hybrid/recurrent memory, see https://github.com/ggml-org/llama.cpp/pull/13194#issuecomment-2868343055)
slot update_slots: id  0 | task 2243 | erased invalidated context checkpoint (pos_min = 35261, pos_max = 35261, n_swa = 1, size = 75.376 MiB)
slot update_slots: id  0 | task 2243 | n_tokens = 0, memory_seq_rm [0, end)
slot update_slots: id  0 | task 2243 | prompt processing progress, n_tokens = 536, batch.n_tokens = 536, progress = 0.511450
slot update_slots: id  3 | task 2242 | new prompt, n_ctx_slot = 262144, n_keep = 0, task.n_tokens = 1021
slot update_slots: id  3 | task 2242 | n_past = 21, slot.prompt.tokens.size() = 396, seq_id = 3, pos_min = 395, n_swa = 1
slot update_slots: id  3 | task 2242 | forcing full prompt re-processing due to lack of cache data (likely due to SWA or hybrid/recurrent memory, see https://github.com/ggml-org/llama.cpp/pull/13194#issuecomment-2868343055)
slot update_slots: id  3 | task 2242 | n_tokens = 0, memory_seq_rm [0, end)
slot update_slots: id  3 | task 2242 | prompt processing progress, n_tokens = 509, batch.n_tokens = 1045, progress = 0.498531
slot update_slots: id  0 | task 2243 | n_tokens = 536, memory_seq_rm [536, end)
slot update_slots: id  0 | task 2243 | prompt processing progress, n_tokens = 1048, batch.n_tokens = 512, progress = 1.000000
slot update_slots: id  0 | task 2243 | prompt done, n_tokens = 1048, batch.n_tokens = 512
slot init_sampler: id  0 | task 2243 | init sampler, took 0.08 ms, tokens: text = 1048, total = 1048
slot update_slots: id  0 | task 2243 | created context checkpoint 1 of 8 (pos_min = 535, pos_max = 535, size = 75.376 MiB)
slot update_slots: id  3 | task 2242 | n_tokens = 509, memory_seq_rm [509, end)
slot update_slots: id  3 | task 2242 | prompt processing progress, n_tokens = 1021, batch.n_tokens = 1024, progress = 1.000000
slot update_slots: id  3 | task 2242 | prompt done, n_tokens = 1021, batch.n_tokens = 1024
slot init_sampler: id  3 | task 2242 | init sampler, took 0.08 ms, tokens: text = 1021, total = 1021
slot update_slots: id  3 | task 2242 | created context checkpoint 1 of 8 (pos_min = 508, pos_max = 508, size = 75.376 MiB)
slot print_timing: id  3 | task 2242 | 
prompt eval time =     915.43 ms /  1021 tokens (    0.90 ms per token,  1115.32 tokens per second)
       eval time =      46.04 ms /     3 tokens (   15.35 ms per token,    65.16 tokens per second)
      total time =     961.47 ms /  1024 tokens
slot      release: id  3 | task 2242 | stop processing: n_tokens = 1023, truncated = 0
srv  log_server_r: done request: POST /v1/messages 127.0.0.1 200
slot print_timing: id  0 | task 2243 | 
prompt eval time =     920.28 ms /  1048 tokens (    0.88 ms per token,  1138.79 tokens per second)
       eval time =      72.65 ms /     5 tokens (   14.53 ms per token,    68.83 tokens per second)
      total time =     992.93 ms /  1053 tokens
slot      release: id  0 | task 2243 | stop processing: n_tokens = 1052, truncated = 0
srv  update_slots: all slots are idle
srv  log_server_r: done request: POST /v1/messages 127.0.0.1 200
srv  params_from_: Chat format: Qwen3 Coder
slot get_availabl: id  1 | task -1 | selected slot by LRU, t_last = 7136378924
srv  get_availabl: updating prompt cache
srv   prompt_save:  - saving prompt with length 12700, total state size = 373.178 MiB
srv  params_from_: Chat format: Qwen3 Coder
srv          load:  - looking for better prompt, base f_keep = 0.002, sim = 0.040
srv        update:  - cache state: 13 prompts, 7749.698 MiB (limits: 8192.000 MiB, 262144 tokens, 274600 est)
srv        update:    - prompt 0x5d59311da6f0:   34041 tokens, checkpoints:  1,   948.977 MiB
srv        update:    - prompt 0x5d592b17c210:     388 tokens, checkpoints:  0,    84.474 MiB
srv        update:    - prompt 0x5d5930c4c360:   34118 tokens, checkpoints:  1,   950.783 MiB
srv        update:    - prompt 0x5d59313a2540:   34761 tokens, checkpoints:  1,   965.861 MiB
srv        update:    - prompt 0x5d592bf0b560:     816 tokens, checkpoints:  1,   169.886 MiB
srv        update:    - prompt 0x5d592dc7cb00:     363 tokens, checkpoints:  0,    83.888 MiB
srv        update:    - prompt 0x5d5930dbba70:   35022 tokens, checkpoints:  1,   971.981 MiB
srv        update:    - prompt 0x5d592aae79a0:     464 tokens, checkpoints:  0,    86.256 MiB
srv        update:    - prompt 0x5d592c0040e0:   35106 tokens, checkpoints:  1,   973.951 MiB
srv        update:    - prompt 0x5d592b1faf20:   35762 tokens, checkpoints:  1,   989.333 MiB
srv        update:    - prompt 0x5d592f556f50:     396 tokens, checkpoints:  0,    84.662 MiB
srv        update:    - prompt 0x5d592d420cc0:   35837 tokens, checkpoints:  1,   991.092 MiB
srv        update:    - prompt 0x5d592f520910:   12700 tokens, checkpoints:  1,   448.554 MiB
srv  get_availabl: prompt cache update took 102.02 ms
slot launch_slot_: id  1 | task -1 | sampler chain: logits -> ?penalties -> ?dry -> ?top-n-sigma -> top-k -> ?typical -> top-p -> min-p -> ?xtc -> ?temp-ext -> dist 
slot launch_slot_: id  1 | task 2250 | processing task, is_child = 0
slot get_availabl: id  2 | task -1 | selected slot by LRU, t_last = 7139842390
srv  get_availabl: updating prompt cache
srv   prompt_save:  - saving prompt with length 36958, total state size = 942.002 MiB
srv          load:  - looking for better prompt, base f_keep = 0.001, sim = 0.001
srv        update:  - cache size limit reached, removing oldest entry (size = 948.977 MiB)
srv        update:  - cache state: 13 prompts, 7818.099 MiB (limits: 8192.000 MiB, 262144 tokens, 275254 est)
srv        update:    - prompt 0x5d592b17c210:     388 tokens, checkpoints:  0,    84.474 MiB
srv        update:    - prompt 0x5d5930c4c360:   34118 tokens, checkpoints:  1,   950.783 MiB
srv        update:    - prompt 0x5d59313a2540:   34761 tokens, checkpoints:  1,   965.861 MiB
srv        update:    - prompt 0x5d592bf0b560:     816 tokens, checkpoints:  1,   169.886 MiB
srv        update:    - prompt 0x5d592dc7cb00:     363 tokens, checkpoints:  0,    83.888 MiB
srv        update:    - prompt 0x5d5930dbba70:   35022 tokens, checkpoints:  1,   971.981 MiB
srv        update:    - prompt 0x5d592aae79a0:     464 tokens, checkpoints:  0,    86.256 MiB
srv        update:    - prompt 0x5d592c0040e0:   35106 tokens, checkpoints:  1,   973.951 MiB
srv        update:    - prompt 0x5d592b1faf20:   35762 tokens, checkpoints:  1,   989.333 MiB
srv        update:    - prompt 0x5d592f556f50:     396 tokens, checkpoints:  0,    84.662 MiB
srv        update:    - prompt 0x5d592d420cc0:   35837 tokens, checkpoints:  1,   991.092 MiB
srv        update:    - prompt 0x5d592f520910:   12700 tokens, checkpoints:  1,   448.554 MiB
srv        update:    - prompt 0x5d592f52eae0:   36958 tokens, checkpoints:  1,  1017.378 MiB
srv  get_availabl: prompt cache update took 240.85 ms
slot launch_slot_: id  2 | task -1 | sampler chain: logits -> ?penalties -> ?dry -> ?top-n-sigma -> top-k -> ?typical -> top-p -> min-p -> ?xtc -> ?temp-ext -> dist 
slot launch_slot_: id  2 | task 2251 | processing task, is_child = 0
slot update_slots: id  1 | task 2250 | new prompt, n_ctx_slot = 262144, n_keep = 0, task.n_tokens = 531
slot update_slots: id  1 | task 2250 | n_past = 21, slot.prompt.tokens.size() = 12700, seq_id = 1, pos_min = 12699, n_swa = 1
slot update_slots: id  1 | task 2250 | forcing full prompt re-processing due to lack of cache data (likely due to SWA or hybrid/recurrent memory, see https://github.com/ggml-org/llama.cpp/pull/13194#issuecomment-2868343055)
slot update_slots: id  1 | task 2250 | erased invalidated context checkpoint (pos_min = 12144, pos_max = 12144, n_swa = 1, size = 75.376 MiB)
slot update_slots: id  1 | task 2250 | n_tokens = 0, memory_seq_rm [0, end)
slot update_slots: id  1 | task 2250 | prompt processing progress, n_tokens = 19, batch.n_tokens = 19, progress = 0.035782
slot update_slots: id  2 | task 2251 | new prompt, n_ctx_slot = 262144, n_keep = 0, task.n_tokens = 36977
slot update_slots: id  2 | task 2251 | n_past = 32, slot.prompt.tokens.size() = 36958, seq_id = 2, pos_min = 36957, n_swa = 1
slot update_slots: id  2 | task 2251 | forcing full prompt re-processing due to lack of cache data (likely due to SWA or hybrid/recurrent memory, see https://github.com/ggml-org/llama.cpp/pull/13194#issuecomment-2868343055)
slot update_slots: id  2 | task 2251 | erased invalidated context checkpoint (pos_min = 36179, pos_max = 36179, n_swa = 1, size = 75.376 MiB)
slot update_slots: id  2 | task 2251 | n_tokens = 0, memory_seq_rm [0, end)
slot update_slots: id  2 | task 2251 | prompt processing progress, n_tokens = 2029, batch.n_tokens = 2048, progress = 0.054872
slot update_slots: id  1 | task 2250 | n_tokens = 19, memory_seq_rm [19, end)
slot update_slots: id  1 | task 2250 | prompt processing progress, n_tokens = 531, batch.n_tokens = 512, progress = 1.000000
slot update_slots: id  1 | task 2250 | prompt done, n_tokens = 531, batch.n_tokens = 512
slot init_sampler: id  1 | task 2250 | init sampler, took 0.04 ms, tokens: text = 531, total = 531
slot update_slots: id  2 | task 2251 | n_tokens = 2029, memory_seq_rm [2029, end)
slot update_slots: id  2 | task 2251 | prompt processing progress, n_tokens = 3565, batch.n_tokens = 2048, progress = 0.096411
slot update_slots: id  2 | task 2251 | n_tokens = 3565, memory_seq_rm [3565, end)
slot update_slots: id  2 | task 2251 | prompt processing progress, n_tokens = 5612, batch.n_tokens = 2048, progress = 0.151770
slot update_slots: id  2 | task 2251 | n_tokens = 5612, memory_seq_rm [5612, end)
slot update_slots: id  2 | task 2251 | prompt processing progress, n_tokens = 7659, batch.n_tokens = 2048, progress = 0.207129
slot update_slots: id  2 | task 2251 | n_tokens = 7659, memory_seq_rm [7659, end)
slot update_slots: id  2 | task 2251 | prompt processing progress, n_tokens = 9706, batch.n_tokens = 2048, progress = 0.262488
slot update_slots: id  2 | task 2251 | n_tokens = 9706, memory_seq_rm [9706, end)
slot update_slots: id  2 | task 2251 | prompt processing progress, n_tokens = 11753, batch.n_tokens = 2048, progress = 0.317846
slot update_slots: id  2 | task 2251 | n_tokens = 11753, memory_seq_rm [11753, end)
slot update_slots: id  2 | task 2251 | prompt processing progress, n_tokens = 13800, batch.n_tokens = 2048, progress = 0.373205
slot update_slots: id  2 | task 2251 | n_tokens = 13800, memory_seq_rm [13800, end)
slot update_slots: id  2 | task 2251 | prompt processing progress, n_tokens = 15847, batch.n_tokens = 2048, progress = 0.428564
slot update_slots: id  2 | task 2251 | n_tokens = 15847, memory_seq_rm [15847, end)
slot update_slots: id  2 | task 2251 | prompt processing progress, n_tokens = 17894, batch.n_tokens = 2048, progress = 0.483922
slot update_slots: id  2 | task 2251 | n_tokens = 17894, memory_seq_rm [17894, end)
slot update_slots: id  2 | task 2251 | prompt processing progress, n_tokens = 19941, batch.n_tokens = 2048, progress = 0.539281
slot update_slots: id  2 | task 2251 | n_tokens = 19941, memory_seq_rm [19941, end)
slot update_slots: id  2 | task 2251 | prompt processing progress, n_tokens = 21988, batch.n_tokens = 2048, progress = 0.594640
slot update_slots: id  2 | task 2251 | n_tokens = 21988, memory_seq_rm [21988, end)
slot update_slots: id  2 | task 2251 | prompt processing progress, n_tokens = 24035, batch.n_tokens = 2048, progress = 0.649999
slot update_slots: id  2 | task 2251 | n_tokens = 24035, memory_seq_rm [24035, end)
slot update_slots: id  2 | task 2251 | prompt processing progress, n_tokens = 26082, batch.n_tokens = 2048, progress = 0.705357
slot update_slots: id  2 | task 2251 | n_tokens = 26082, memory_seq_rm [26082, end)
slot update_slots: id  2 | task 2251 | prompt processing progress, n_tokens = 28129, batch.n_tokens = 2048, progress = 0.760716
slot update_slots: id  2 | task 2251 | n_tokens = 28129, memory_seq_rm [28129, end)
slot update_slots: id  2 | task 2251 | prompt processing progress, n_tokens = 30176, batch.n_tokens = 2048, progress = 0.816075
slot update_slots: id  2 | task 2251 | n_tokens = 30176, memory_seq_rm [30176, end)
slot update_slots: id  2 | task 2251 | prompt processing progress, n_tokens = 32223, batch.n_tokens = 2048, progress = 0.871434
slot update_slots: id  2 | task 2251 | n_tokens = 32223, memory_seq_rm [32223, end)
slot update_slots: id  2 | task 2251 | prompt processing progress, n_tokens = 34270, batch.n_tokens = 2048, progress = 0.926792
slot update_slots: id  2 | task 2251 | n_tokens = 34270, memory_seq_rm [34270, end)
slot update_slots: id  2 | task 2251 | prompt processing progress, n_tokens = 36317, batch.n_tokens = 2048, progress = 0.982151
slot update_slots: id  2 | task 2251 | n_tokens = 36317, memory_seq_rm [36317, end)
slot update_slots: id  2 | task 2251 | prompt processing progress, n_tokens = 36465, batch.n_tokens = 149, progress = 0.986154
slot update_slots: id  2 | task 2251 | n_tokens = 36465, memory_seq_rm [36465, end)
slot update_slots: id  2 | task 2251 | prompt processing progress, n_tokens = 36977, batch.n_tokens = 513, progress = 1.000000
slot update_slots: id  2 | task 2251 | prompt done, n_tokens = 36977, batch.n_tokens = 513
slot init_sampler: id  2 | task 2251 | init sampler, took 2.76 ms, tokens: text = 36977, total = 36977
slot update_slots: id  2 | task 2251 | created context checkpoint 1 of 8 (pos_min = 36464, pos_max = 36464, size = 75.376 MiB)
slot print_timing: id  1 | task 2250 | 
prompt eval time =    1631.84 ms /   531 tokens (    3.07 ms per token,   325.40 tokens per second)
       eval time =   14232.92 ms /    60 tokens (  237.22 ms per token,     4.22 tokens per second)
      total time =   15864.75 ms /   591 tokens
slot      release: id  1 | task 2250 | stop processing: n_tokens = 590, truncated = 0
srv  log_server_r: done request: POST /v1/messages 127.0.0.1 200
slot print_timing: id  2 | task 2251 | 
prompt eval time =   15168.72 ms / 36977 tokens (    0.41 ms per token,  2437.71 tokens per second)
       eval time =    1154.36 ms /    78 tokens (   14.80 ms per token,    67.57 tokens per second)
      total time =   16323.07 ms / 37055 tokens
slot      release: id  2 | task 2251 | stop processing: n_tokens = 37054, truncated = 0
srv  update_slots: all slots are idle
srv  log_server_r: done request: POST /v1/messages 127.0.0.1 200
srv  params_from_: Chat format: Qwen3 Coder
srv  params_from_: Chat format: Qwen3 Coder
srv  params_from_: Chat format: Qwen3 Coder
srv  params_from_: Chat format: Qwen3 Coder
slot get_availabl: id  3 | task -1 | selected slot by LRU, t_last = 7141098756
srv  get_availabl: updating prompt cache
srv   prompt_save:  - saving prompt with length 1023, total state size = 99.364 MiB
srv          load:  - looking for better prompt, base f_keep = 0.020, sim = 0.025
srv        update:  - cache state: 14 prompts, 7992.839 MiB (limits: 8192.000 MiB, 262144 tokens, 270285 est)
srv        update:    - prompt 0x5d592b17c210:     388 tokens, checkpoints:  0,    84.474 MiB
srv        update:    - prompt 0x5d5930c4c360:   34118 tokens, checkpoints:  1,   950.783 MiB
srv        update:    - prompt 0x5d59313a2540:   34761 tokens, checkpoints:  1,   965.861 MiB
srv        update:    - prompt 0x5d592bf0b560:     816 tokens, checkpoints:  1,   169.886 MiB
srv        update:    - prompt 0x5d592dc7cb00:     363 tokens, checkpoints:  0,    83.888 MiB
srv        update:    - prompt 0x5d5930dbba70:   35022 tokens, checkpoints:  1,   971.981 MiB
srv        update:    - prompt 0x5d592aae79a0:     464 tokens, checkpoints:  0,    86.256 MiB
srv        update:    - prompt 0x5d592c0040e0:   35106 tokens, checkpoints:  1,   973.951 MiB
srv        update:    - prompt 0x5d592b1faf20:   35762 tokens, checkpoints:  1,   989.333 MiB
srv        update:    - prompt 0x5d592f556f50:     396 tokens, checkpoints:  0,    84.662 MiB
srv        update:    - prompt 0x5d592d420cc0:   35837 tokens, checkpoints:  1,   991.092 MiB
srv        update:    - prompt 0x5d592f520910:   12700 tokens, checkpoints:  1,   448.554 MiB
srv        update:    - prompt 0x5d592f52eae0:   36958 tokens, checkpoints:  1,  1017.378 MiB
srv        update:    - prompt 0x5d592c981b90:    1023 tokens, checkpoints:  1,   174.740 MiB
srv  get_availabl: prompt cache update took 39.51 ms
slot launch_slot_: id  3 | task -1 | sampler chain: logits -> ?penalties -> ?dry -> ?top-n-sigma -> top-k -> ?typical -> top-p -> min-p -> ?xtc -> ?temp-ext -> dist 
slot launch_slot_: id  3 | task 2349 | processing task, is_child = 0
slot get_availabl: id  0 | task -1 | selected slot by LRU, t_last = 7141125177
srv  get_availabl: updating prompt cache
srv   prompt_save:  - saving prompt with length 1052, total state size = 100.044 MiB
srv          load:  - looking for better prompt, base f_keep = 0.019, sim = 0.025
srv        update:  - cache state: 15 prompts, 8168.259 MiB (limits: 8192.000 MiB, 262144 tokens, 265535 est)
srv        update:    - prompt 0x5d592b17c210:     388 tokens, checkpoints:  0,    84.474 MiB
srv        update:    - prompt 0x5d5930c4c360:   34118 tokens, checkpoints:  1,   950.783 MiB
srv        update:    - prompt 0x5d59313a2540:   34761 tokens, checkpoints:  1,   965.861 MiB
srv        update:    - prompt 0x5d592bf0b560:     816 tokens, checkpoints:  1,   169.886 MiB
srv        update:    - prompt 0x5d592dc7cb00:     363 tokens, checkpoints:  0,    83.888 MiB
srv        update:    - prompt 0x5d5930dbba70:   35022 tokens, checkpoints:  1,   971.981 MiB
srv        update:    - prompt 0x5d592aae79a0:     464 tokens, checkpoints:  0,    86.256 MiB
srv        update:    - prompt 0x5d592c0040e0:   35106 tokens, checkpoints:  1,   973.951 MiB
srv        update:    - prompt 0x5d592b1faf20:   35762 tokens, checkpoints:  1,   989.333 MiB
srv        update:    - prompt 0x5d592f556f50:     396 tokens, checkpoints:  0,    84.662 MiB
srv        update:    - prompt 0x5d592d420cc0:   35837 tokens, checkpoints:  1,   991.092 MiB
srv        update:    - prompt 0x5d592f520910:   12700 tokens, checkpoints:  1,   448.554 MiB
srv        update:    - prompt 0x5d592f52eae0:   36958 tokens, checkpoints:  1,  1017.378 MiB
srv        update:    - prompt 0x5d592c981b90:    1023 tokens, checkpoints:  1,   174.740 MiB
srv        update:    - prompt 0x5d59311db1b0:    1052 tokens, checkpoints:  1,   175.420 MiB
srv  get_availabl: prompt cache update took 37.35 ms
slot launch_slot_: id  0 | task -1 | sampler chain: logits -> ?penalties -> ?dry -> ?top-n-sigma -> top-k -> ?typical -> top-p -> min-p -> ?xtc -> ?temp-ext -> dist 
slot launch_slot_: id  0 | task 2350 | processing task, is_child = 0
slot get_availabl: id  1 | task -1 | selected slot by LRU, t_last = 7159016319
srv  get_availabl: updating prompt cache
srv   prompt_save:  - saving prompt with length 590, total state size = 89.211 MiB
srv          load:  - looking for better prompt, base f_keep = 0.034, sim = 0.024
srv        update:  - cache size limit reached, removing oldest entry (size = 84.474 MiB)
srv        update:  - cache state: 15 prompts, 8172.996 MiB (limits: 8192.000 MiB, 262144 tokens, 265584 est)
srv        update:    - prompt 0x5d5930c4c360:   34118 tokens, checkpoints:  1,   950.783 MiB
srv        update:    - prompt 0x5d59313a2540:   34761 tokens, checkpoints:  1,   965.861 MiB
srv        update:    - prompt 0x5d592bf0b560:     816 tokens, checkpoints:  1,   169.886 MiB
srv        update:    - prompt 0x5d592dc7cb00:     363 tokens, checkpoints:  0,    83.888 MiB
srv        update:    - prompt 0x5d5930dbba70:   35022 tokens, checkpoints:  1,   971.981 MiB
srv        update:    - prompt 0x5d592aae79a0:     464 tokens, checkpoints:  0,    86.256 MiB
srv        update:    - prompt 0x5d592c0040e0:   35106 tokens, checkpoints:  1,   973.951 MiB
srv        update:    - prompt 0x5d592b1faf20:   35762 tokens, checkpoints:  1,   989.333 MiB
srv        update:    - prompt 0x5d592f556f50:     396 tokens, checkpoints:  0,    84.662 MiB
srv        update:    - prompt 0x5d592d420cc0:   35837 tokens, checkpoints:  1,   991.092 MiB
srv        update:    - prompt 0x5d592f520910:   12700 tokens, checkpoints:  1,   448.554 MiB
srv        update:    - prompt 0x5d592f52eae0:   36958 tokens, checkpoints:  1,  1017.378 MiB
srv        update:    - prompt 0x5d592c981b90:    1023 tokens, checkpoints:  1,   174.740 MiB
srv        update:    - prompt 0x5d59311db1b0:    1052 tokens, checkpoints:  1,   175.420 MiB
srv        update:    - prompt 0x5d5929e37990:     590 tokens, checkpoints:  0,    89.211 MiB
srv  get_availabl: prompt cache update took 29.55 ms
slot launch_slot_: id  1 | task -1 | sampler chain: logits -> ?penalties -> ?dry -> ?top-n-sigma -> top-k -> ?typical -> top-p -> min-p -> ?xtc -> ?temp-ext -> dist 
slot launch_slot_: id  1 | task 2352 | processing task, is_child = 0
slot get_availabl: id  2 | task -1 | selected slot by LRU, t_last = 7159478460
srv  get_availabl: updating prompt cache
srv   prompt_save:  - saving prompt with length 37054, total state size = 944.253 MiB
srv          load:  - looking for better prompt, base f_keep = 0.001, sim = 0.024
srv        update:  - cache size limit reached, removing oldest entry (size = 950.783 MiB)
srv        update:  - cache size limit reached, removing oldest entry (size = 965.861 MiB)
srv        update:  - cache state: 14 prompts, 7275.981 MiB (limits: 8192.000 MiB, 262144 tokens, 262494 est)
srv        update:    - prompt 0x5d592bf0b560:     816 tokens, checkpoints:  1,   169.886 MiB
srv        update:    - prompt 0x5d592dc7cb00:     363 tokens, checkpoints:  0,    83.888 MiB
srv        update:    - prompt 0x5d5930dbba70:   35022 tokens, checkpoints:  1,   971.981 MiB
srv        update:    - prompt 0x5d592aae79a0:     464 tokens, checkpoints:  0,    86.256 MiB
srv        update:    - prompt 0x5d592c0040e0:   35106 tokens, checkpoints:  1,   973.951 MiB
srv        update:    - prompt 0x5d592b1faf20:   35762 tokens, checkpoints:  1,   989.333 MiB
srv        update:    - prompt 0x5d592f556f50:     396 tokens, checkpoints:  0,    84.662 MiB
srv        update:    - prompt 0x5d592d420cc0:   35837 tokens, checkpoints:  1,   991.092 MiB
srv        update:    - prompt 0x5d592f520910:   12700 tokens, checkpoints:  1,   448.554 MiB
srv        update:    - prompt 0x5d592f52eae0:   36958 tokens, checkpoints:  1,  1017.378 MiB
srv        update:    - prompt 0x5d592c981b90:    1023 tokens, checkpoints:  1,   174.740 MiB
srv        update:    - prompt 0x5d59311db1b0:    1052 tokens, checkpoints:  1,   175.420 MiB
srv        update:    - prompt 0x5d5929e37990:     590 tokens, checkpoints:  0,    89.211 MiB
srv        update:    - prompt 0x5d592b17c210:   37054 tokens, checkpoints:  1,  1019.629 MiB
srv  get_availabl: prompt cache update took 260.37 ms
slot launch_slot_: id  2 | task -1 | sampler chain: logits -> ?penalties -> ?dry -> ?top-n-sigma -> top-k -> ?typical -> top-p -> min-p -> ?xtc -> ?temp-ext -> dist 
slot launch_slot_: id  2 | task 2351 | processing task, is_child = 0
slot update_slots: id  0 | task 2350 | new prompt, n_ctx_slot = 262144, n_keep = 0, task.n_tokens = 814
slot update_slots: id  0 | task 2350 | n_past = 20, slot.prompt.tokens.size() = 1052, seq_id = 0, pos_min = 1051, n_swa = 1
slot update_slots: id  0 | task 2350 | forcing full prompt re-processing due to lack of cache data (likely due to SWA or hybrid/recurrent memory, see https://github.com/ggml-org/llama.cpp/pull/13194#issuecomment-2868343055)
slot update_slots: id  0 | task 2350 | erased invalidated context checkpoint (pos_min = 535, pos_max = 535, n_swa = 1, size = 75.376 MiB)
slot update_slots: id  0 | task 2350 | n_tokens = 0, memory_seq_rm [0, end)
slot update_slots: id  0 | task 2350 | prompt processing progress, n_tokens = 302, batch.n_tokens = 302, progress = 0.371007
slot update_slots: id  1 | task 2352 | new prompt, n_ctx_slot = 262144, n_keep = 0, task.n_tokens = 849
slot update_slots: id  1 | task 2352 | n_past = 20, slot.prompt.tokens.size() = 590, seq_id = 1, pos_min = 589, n_swa = 1
slot update_slots: id  1 | task 2352 | forcing full prompt re-processing due to lack of cache data (likely due to SWA or hybrid/recurrent memory, see https://github.com/ggml-org/llama.cpp/pull/13194#issuecomment-2868343055)
slot update_slots: id  1 | task 2352 | n_tokens = 0, memory_seq_rm [0, end)
slot update_slots: id  1 | task 2352 | prompt processing progress, n_tokens = 337, batch.n_tokens = 639, progress = 0.396938
slot update_slots: id  2 | task 2351 | new prompt, n_ctx_slot = 262144, n_keep = 0, task.n_tokens = 827
slot update_slots: id  2 | task 2351 | n_past = 20, slot.prompt.tokens.size() = 37054, seq_id = 2, pos_min = 37053, n_swa = 1
slot update_slots: id  2 | task 2351 | forcing full prompt re-processing due to lack of cache data (likely due to SWA or hybrid/recurrent memory, see https://github.com/ggml-org/llama.cpp/pull/13194#issuecomment-2868343055)
slot update_slots: id  2 | task 2351 | erased invalidated context checkpoint (pos_min = 36464, pos_max = 36464, n_swa = 1, size = 75.376 MiB)
slot update_slots: id  2 | task 2351 | n_tokens = 0, memory_seq_rm [0, end)
slot update_slots: id  2 | task 2351 | prompt processing progress, n_tokens = 315, batch.n_tokens = 954, progress = 0.380895
slot update_slots: id  3 | task 2349 | new prompt, n_ctx_slot = 262144, n_keep = 0, task.n_tokens = 811
slot update_slots: id  3 | task 2349 | n_past = 20, slot.prompt.tokens.size() = 1023, seq_id = 3, pos_min = 1022, n_swa = 1
slot update_slots: id  3 | task 2349 | forcing full prompt re-processing due to lack of cache data (likely due to SWA or hybrid/recurrent memory, see https://github.com/ggml-org/llama.cpp/pull/13194#issuecomment-2868343055)
slot update_slots: id  3 | task 2349 | erased invalidated context checkpoint (pos_min = 508, pos_max = 508, n_swa = 1, size = 75.376 MiB)
slot update_slots: id  3 | task 2349 | n_tokens = 0, memory_seq_rm [0, end)
slot update_slots: id  3 | task 2349 | prompt processing progress, n_tokens = 299, batch.n_tokens = 1253, progress = 0.368681
slot update_slots: id  0 | task 2350 | n_tokens = 302, memory_seq_rm [302, end)
slot update_slots: id  0 | task 2350 | prompt processing progress, n_tokens = 814, batch.n_tokens = 512, progress = 1.000000
slot update_slots: id  0 | task 2350 | prompt done, n_tokens = 814, batch.n_tokens = 512
slot init_sampler: id  0 | task 2350 | init sampler, took 0.06 ms, tokens: text = 814, total = 814
slot update_slots: id  0 | task 2350 | created context checkpoint 1 of 8 (pos_min = 301, pos_max = 301, size = 75.376 MiB)
slot update_slots: id  1 | task 2352 | n_tokens = 337, memory_seq_rm [337, end)
slot update_slots: id  1 | task 2352 | prompt processing progress, n_tokens = 849, batch.n_tokens = 1024, progress = 1.000000
slot update_slots: id  1 | task 2352 | prompt done, n_tokens = 849, batch.n_tokens = 1024
slot init_sampler: id  1 | task 2352 | init sampler, took 0.06 ms, tokens: text = 849, total = 849
slot update_slots: id  1 | task 2352 | created context checkpoint 1 of 8 (pos_min = 336, pos_max = 336, size = 75.376 MiB)
slot update_slots: id  2 | task 2351 | n_tokens = 315, memory_seq_rm [315, end)
slot update_slots: id  2 | task 2351 | prompt processing progress, n_tokens = 827, batch.n_tokens = 1536, progress = 1.000000
slot update_slots: id  2 | task 2351 | prompt done, n_tokens = 827, batch.n_tokens = 1536
slot init_sampler: id  2 | task 2351 | init sampler, took 0.06 ms, tokens: text = 827, total = 827
slot update_slots: id  2 | task 2351 | created context checkpoint 1 of 8 (pos_min = 314, pos_max = 314, size = 75.376 MiB)
slot update_slots: id  3 | task 2349 | n_tokens = 299, memory_seq_rm [299, end)
slot update_slots: id  3 | task 2349 | prompt processing progress, n_tokens = 811, batch.n_tokens = 2048, progress = 1.000000
slot update_slots: id  3 | task 2349 | prompt done, n_tokens = 811, batch.n_tokens = 2048
slot init_sampler: id  3 | task 2349 | init sampler, took 0.06 ms, tokens: text = 811, total = 811
slot update_slots: id  3 | task 2349 | created context checkpoint 1 of 8 (pos_min = 298, pos_max = 298, size = 75.376 MiB)
slot print_timing: id  0 | task 2350 | 
prompt eval time =    1151.08 ms /   814 tokens (    1.41 ms per token,   707.16 tokens per second)
       eval time =      40.81 ms /     3 tokens (   13.60 ms per token,    73.50 tokens per second)
      total time =    1191.89 ms /   817 tokens
slot      release: id  0 | task 2350 | stop processing: n_tokens = 816, truncated = 0
srv  log_server_r: done request: POST /v1/messages 127.0.0.1 200
slot print_timing: id  2 | task 2351 | 
prompt eval time =    1148.97 ms /   827 tokens (    1.39 ms per token,   719.78 tokens per second)
       eval time =      40.82 ms /     3 tokens (   13.61 ms per token,    73.49 tokens per second)
      total time =    1189.79 ms /   830 tokens
slot      release: id  2 | task 2351 | stop processing: n_tokens = 829, truncated = 0
srv  log_server_r: done request: POST /v1/messages 127.0.0.1 200
slot print_timing: id  3 | task 2349 | 
prompt eval time =    1144.91 ms /   811 tokens (    1.41 ms per token,   708.35 tokens per second)
       eval time =      40.81 ms /     3 tokens (   13.60 ms per token,    73.51 tokens per second)
      total time =    1185.71 ms /   814 tokens
slot      release: id  3 | task 2349 | stop processing: n_tokens = 813, truncated = 0
srv  log_server_r: done request: POST /v1/messages 127.0.0.1 200
slot print_timing: id  1 | task 2352 | 
prompt eval time =    1149.00 ms /   849 tokens (    1.35 ms per token,   738.90 tokens per second)
       eval time =      65.83 ms /     5 tokens (   13.17 ms per token,    75.95 tokens per second)
      total time =    1214.83 ms /   854 tokens
slot      release: id  1 | task 2352 | stop processing: n_tokens = 853, truncated = 0
srv  update_slots: all slots are idle
srv  log_server_r: done request: POST /v1/messages 127.0.0.1 200
srv  params_from_: Chat format: Qwen3 Coder
slot get_availabl: id  0 | task -1 | selected slot by LRU, t_last = 7161045557
srv  get_availabl: updating prompt cache
srv   prompt_save:  - saving prompt with length 816, total state size = 94.510 MiB
srv          load:  - looking for better prompt, base f_keep = 0.025, sim = 0.001
srv        update:  - cache state: 15 prompts, 7445.868 MiB (limits: 8192.000 MiB, 262144 tokens, 262144 est)
srv        update:    - prompt 0x5d592bf0b560:     816 tokens, checkpoints:  1,   169.886 MiB
srv        update:    - prompt 0x5d592dc7cb00:     363 tokens, checkpoints:  0,    83.888 MiB
srv        update:    - prompt 0x5d5930dbba70:   35022 tokens, checkpoints:  1,   971.981 MiB
srv        update:    - prompt 0x5d592aae79a0:     464 tokens, checkpoints:  0,    86.256 MiB
srv        update:    - prompt 0x5d592c0040e0:   35106 tokens, checkpoints:  1,   973.951 MiB
srv        update:    - prompt 0x5d592b1faf20:   35762 tokens, checkpoints:  1,   989.333 MiB
srv        update:    - prompt 0x5d592f556f50:     396 tokens, checkpoints:  0,    84.662 MiB
srv        update:    - prompt 0x5d592d420cc0:   35837 tokens, checkpoints:  1,   991.092 MiB
srv        update:    - prompt 0x5d592f520910:   12700 tokens, checkpoints:  1,   448.554 MiB
srv        update:    - prompt 0x5d592f52eae0:   36958 tokens, checkpoints:  1,  1017.378 MiB
srv        update:    - prompt 0x5d592c981b90:    1023 tokens, checkpoints:  1,   174.740 MiB
srv        update:    - prompt 0x5d59311db1b0:    1052 tokens, checkpoints:  1,   175.420 MiB
srv        update:    - prompt 0x5d5929e37990:     590 tokens, checkpoints:  0,    89.211 MiB
srv        update:    - prompt 0x5d592b17c210:   37054 tokens, checkpoints:  1,  1019.629 MiB
srv        update:    - prompt 0x5d59313a2540:     816 tokens, checkpoints:  1,   169.886 MiB
srv  get_availabl: prompt cache update took 36.25 ms
slot launch_slot_: id  0 | task -1 | sampler chain: logits -> ?penalties -> ?dry -> ?top-n-sigma -> top-k -> ?typical -> top-p -> min-p -> ?xtc -> ?temp-ext -> dist 
slot launch_slot_: id  0 | task 2359 | processing task, is_child = 0
slot update_slots: id  0 | task 2359 | new prompt, n_ctx_slot = 262144, n_keep = 0, task.n_tokens = 37113
slot update_slots: id  0 | task 2359 | n_past = 20, slot.prompt.tokens.size() = 816, seq_id = 0, pos_min = 815, n_swa = 1
slot update_slots: id  0 | task 2359 | forcing full prompt re-processing due to lack of cache data (likely due to SWA or hybrid/recurrent memory, see https://github.com/ggml-org/llama.cpp/pull/13194#issuecomment-2868343055)
slot update_slots: id  0 | task 2359 | erased invalidated context checkpoint (pos_min = 301, pos_max = 301, n_swa = 1, size = 75.376 MiB)
slot update_slots: id  0 | task 2359 | n_tokens = 0, memory_seq_rm [0, end)
slot update_slots: id  0 | task 2359 | prompt processing progress, n_tokens = 2048, batch.n_tokens = 2048, progress = 0.055183
slot update_slots: id  0 | task 2359 | n_tokens = 2048, memory_seq_rm [2048, end)
slot update_slots: id  0 | task 2359 | prompt processing progress, n_tokens = 4096, batch.n_tokens = 2048, progress = 0.110366
slot update_slots: id  0 | task 2359 | n_tokens = 4096, memory_seq_rm [4096, end)
slot update_slots: id  0 | task 2359 | prompt processing progress, n_tokens = 6144, batch.n_tokens = 2048, progress = 0.165548
slot update_slots: id  0 | task 2359 | n_tokens = 6144, memory_seq_rm [6144, end)
slot update_slots: id  0 | task 2359 | prompt processing progress, n_tokens = 8192, batch.n_tokens = 2048, progress = 0.220731
slot update_slots: id  0 | task 2359 | n_tokens = 8192, memory_seq_rm [8192, end)
slot update_slots: id  0 | task 2359 | prompt processing progress, n_tokens = 10240, batch.n_tokens = 2048, progress = 0.275914
slot update_slots: id  0 | task 2359 | n_tokens = 10240, memory_seq_rm [10240, end)
slot update_slots: id  0 | task 2359 | prompt processing progress, n_tokens = 12288, batch.n_tokens = 2048, progress = 0.331097
slot update_slots: id  0 | task 2359 | n_tokens = 12288, memory_seq_rm [12288, end)
slot update_slots: id  0 | task 2359 | prompt processing progress, n_tokens = 14336, batch.n_tokens = 2048, progress = 0.386280
slot update_slots: id  0 | task 2359 | n_tokens = 14336, memory_seq_rm [14336, end)
slot update_slots: id  0 | task 2359 | prompt processing progress, n_tokens = 16384, batch.n_tokens = 2048, progress = 0.441463
slot update_slots: id  0 | task 2359 | n_tokens = 16384, memory_seq_rm [16384, end)
slot update_slots: id  0 | task 2359 | prompt processing progress, n_tokens = 18432, batch.n_tokens = 2048, progress = 0.496645
slot update_slots: id  0 | task 2359 | n_tokens = 18432, memory_seq_rm [18432, end)
slot update_slots: id  0 | task 2359 | prompt processing progress, n_tokens = 20480, batch.n_tokens = 2048, progress = 0.551828
slot update_slots: id  0 | task 2359 | n_tokens = 20480, memory_seq_rm [20480, end)
slot update_slots: id  0 | task 2359 | prompt processing progress, n_tokens = 22528, batch.n_tokens = 2048, progress = 0.607011
slot update_slots: id  0 | task 2359 | n_tokens = 22528, memory_seq_rm [22528, end)
slot update_slots: id  0 | task 2359 | prompt processing progress, n_tokens = 24576, batch.n_tokens = 2048, progress = 0.662194
slot update_slots: id  0 | task 2359 | n_tokens = 24576, memory_seq_rm [24576, end)
slot update_slots: id  0 | task 2359 | prompt processing progress, n_tokens = 26624, batch.n_tokens = 2048, progress = 0.717377
slot update_slots: id  0 | task 2359 | n_tokens = 26624, memory_seq_rm [26624, end)
slot update_slots: id  0 | task 2359 | prompt processing progress, n_tokens = 28672, batch.n_tokens = 2048, progress = 0.772559
slot update_slots: id  0 | task 2359 | n_tokens = 28672, memory_seq_rm [28672, end)
slot update_slots: id  0 | task 2359 | prompt processing progress, n_tokens = 30720, batch.n_tokens = 2048, progress = 0.827742
slot update_slots: id  0 | task 2359 | n_tokens = 30720, memory_seq_rm [30720, end)
slot update_slots: id  0 | task 2359 | prompt processing progress, n_tokens = 32768, batch.n_tokens = 2048, progress = 0.882925
slot update_slots: id  0 | task 2359 | n_tokens = 32768, memory_seq_rm [32768, end)
slot update_slots: id  0 | task 2359 | prompt processing progress, n_tokens = 34816, batch.n_tokens = 2048, progress = 0.938108
slot update_slots: id  0 | task 2359 | n_tokens = 34816, memory_seq_rm [34816, end)
slot update_slots: id  0 | task 2359 | prompt processing progress, n_tokens = 36601, batch.n_tokens = 1785, progress = 0.986204
slot update_slots: id  0 | task 2359 | n_tokens = 36601, memory_seq_rm [36601, end)
slot update_slots: id  0 | task 2359 | prompt processing progress, n_tokens = 37113, batch.n_tokens = 512, progress = 1.000000
slot update_slots: id  0 | task 2359 | prompt done, n_tokens = 37113, batch.n_tokens = 512
slot init_sampler: id  0 | task 2359 | init sampler, took 2.76 ms, tokens: text = 37113, total = 37113
slot update_slots: id  0 | task 2359 | created context checkpoint 1 of 8 (pos_min = 36600, pos_max = 36600, size = 75.376 MiB)
slot print_timing: id  0 | task 2359 | 
prompt eval time =   13613.96 ms / 37113 tokens (    0.37 ms per token,  2726.10 tokens per second)
       eval time =     578.39 ms /    47 tokens (   12.31 ms per token,    81.26 tokens per second)
      total time =   14192.35 ms / 37160 tokens
slot      release: id  0 | task 2359 | stop processing: n_tokens = 37159, truncated = 0
srv  update_slots: all slots are idle
srv  log_server_r: done request: POST /v1/messages 127.0.0.1 200
srv  params_from_: Chat format: Qwen3 Coder
slot get_availabl: id  2 | task -1 | selected slot by LRU, t_last = 7161045831
srv  get_availabl: updating prompt cache
srv   prompt_save:  - saving prompt with length 829, total state size = 94.815 MiB
srv          load:  - looking for better prompt, base f_keep = 0.024, sim = 0.001
srv        update:  - cache state: 16 prompts, 7616.059 MiB (limits: 8192.000 MiB, 262144 tokens, 262144 est)
srv        update:    - prompt 0x5d592bf0b560:     816 tokens, checkpoints:  1,   169.886 MiB
srv        update:    - prompt 0x5d592dc7cb00:     363 tokens, checkpoints:  0,    83.888 MiB
srv        update:    - prompt 0x5d5930dbba70:   35022 tokens, checkpoints:  1,   971.981 MiB
srv        update:    - prompt 0x5d592aae79a0:     464 tokens, checkpoints:  0,    86.256 MiB
srv        update:    - prompt 0x5d592c0040e0:   35106 tokens, checkpoints:  1,   973.951 MiB
srv        update:    - prompt 0x5d592b1faf20:   35762 tokens, checkpoints:  1,   989.333 MiB
srv        update:    - prompt 0x5d592f556f50:     396 tokens, checkpoints:  0,    84.662 MiB
srv        update:    - prompt 0x5d592d420cc0:   35837 tokens, checkpoints:  1,   991.092 MiB
srv        update:    - prompt 0x5d592f520910:   12700 tokens, checkpoints:  1,   448.554 MiB
srv        update:    - prompt 0x5d592f52eae0:   36958 tokens, checkpoints:  1,  1017.378 MiB
srv        update:    - prompt 0x5d592c981b90:    1023 tokens, checkpoints:  1,   174.740 MiB
srv        update:    - prompt 0x5d59311db1b0:    1052 tokens, checkpoints:  1,   175.420 MiB
srv        update:    - prompt 0x5d5929e37990:     590 tokens, checkpoints:  0,    89.211 MiB
srv        update:    - prompt 0x5d592b17c210:   37054 tokens, checkpoints:  1,  1019.629 MiB
srv        update:    - prompt 0x5d59313a2540:     816 tokens, checkpoints:  1,   169.886 MiB
srv        update:    - prompt 0x5d592d0d0900:     829 tokens, checkpoints:  1,   170.191 MiB
srv  get_availabl: prompt cache update took 36.51 ms
slot launch_slot_: id  2 | task -1 | sampler chain: logits -> ?penalties -> ?dry -> ?top-n-sigma -> top-k -> ?typical -> top-p -> min-p -> ?xtc -> ?temp-ext -> dist 
slot launch_slot_: id  2 | task 2425 | processing task, is_child = 0
slot update_slots: id  2 | task 2425 | new prompt, n_ctx_slot = 262144, n_keep = 0, task.n_tokens = 37200
slot update_slots: id  2 | task 2425 | n_past = 20, slot.prompt.tokens.size() = 829, seq_id = 2, pos_min = 828, n_swa = 1
slot update_slots: id  2 | task 2425 | forcing full prompt re-processing due to lack of cache data (likely due to SWA or hybrid/recurrent memory, see https://github.com/ggml-org/llama.cpp/pull/13194#issuecomment-2868343055)
slot update_slots: id  2 | task 2425 | erased invalidated context checkpoint (pos_min = 314, pos_max = 314, n_swa = 1, size = 75.376 MiB)
slot update_slots: id  2 | task 2425 | n_tokens = 0, memory_seq_rm [0, end)
slot update_slots: id  2 | task 2425 | prompt processing progress, n_tokens = 2048, batch.n_tokens = 2048, progress = 0.055054
slot update_slots: id  2 | task 2425 | n_tokens = 2048, memory_seq_rm [2048, end)
slot update_slots: id  2 | task 2425 | prompt processing progress, n_tokens = 4096, batch.n_tokens = 2048, progress = 0.110108
slot update_slots: id  2 | task 2425 | n_tokens = 4096, memory_seq_rm [4096, end)
slot update_slots: id  2 | task 2425 | prompt processing progress, n_tokens = 6144, batch.n_tokens = 2048, progress = 0.165161
slot update_slots: id  2 | task 2425 | n_tokens = 6144, memory_seq_rm [6144, end)
slot update_slots: id  2 | task 2425 | prompt processing progress, n_tokens = 8192, batch.n_tokens = 2048, progress = 0.220215
slot update_slots: id  2 | task 2425 | n_tokens = 8192, memory_seq_rm [8192, end)
slot update_slots: id  2 | task 2425 | prompt processing progress, n_tokens = 10240, batch.n_tokens = 2048, progress = 0.275269
slot update_slots: id  2 | task 2425 | n_tokens = 10240, memory_seq_rm [10240, end)
slot update_slots: id  2 | task 2425 | prompt processing progress, n_tokens = 12288, batch.n_tokens = 2048, progress = 0.330323
slot update_slots: id  2 | task 2425 | n_tokens = 12288, memory_seq_rm [12288, end)
slot update_slots: id  2 | task 2425 | prompt processing progress, n_tokens = 14336, batch.n_tokens = 2048, progress = 0.385376
slot update_slots: id  2 | task 2425 | n_tokens = 14336, memory_seq_rm [14336, end)
slot update_slots: id  2 | task 2425 | prompt processing progress, n_tokens = 16384, batch.n_tokens = 2048, progress = 0.440430
slot update_slots: id  2 | task 2425 | n_tokens = 16384, memory_seq_rm [16384, end)
slot update_slots: id  2 | task 2425 | prompt processing progress, n_tokens = 18432, batch.n_tokens = 2048, progress = 0.495484
slot update_slots: id  2 | task 2425 | n_tokens = 18432, memory_seq_rm [18432, end)
slot update_slots: id  2 | task 2425 | prompt processing progress, n_tokens = 20480, batch.n_tokens = 2048, progress = 0.550538
slot update_slots: id  2 | task 2425 | n_tokens = 20480, memory_seq_rm [20480, end)
slot update_slots: id  2 | task 2425 | prompt processing progress, n_tokens = 22528, batch.n_tokens = 2048, progress = 0.605591
slot update_slots: id  2 | task 2425 | n_tokens = 22528, memory_seq_rm [22528, end)
slot update_slots: id  2 | task 2425 | prompt processing progress, n_tokens = 24576, batch.n_tokens = 2048, progress = 0.660645
slot update_slots: id  2 | task 2425 | n_tokens = 24576, memory_seq_rm [24576, end)
slot update_slots: id  2 | task 2425 | prompt processing progress, n_tokens = 26624, batch.n_tokens = 2048, progress = 0.715699
slot update_slots: id  2 | task 2425 | n_tokens = 26624, memory_seq_rm [26624, end)
slot update_slots: id  2 | task 2425 | prompt processing progress, n_tokens = 28672, batch.n_tokens = 2048, progress = 0.770753
slot update_slots: id  2 | task 2425 | n_tokens = 28672, memory_seq_rm [28672, end)
slot update_slots: id  2 | task 2425 | prompt processing progress, n_tokens = 30720, batch.n_tokens = 2048, progress = 0.825806
slot update_slots: id  2 | task 2425 | n_tokens = 30720, memory_seq_rm [30720, end)
slot update_slots: id  2 | task 2425 | prompt processing progress, n_tokens = 32768, batch.n_tokens = 2048, progress = 0.880860
slot update_slots: id  2 | task 2425 | n_tokens = 32768, memory_seq_rm [32768, end)
slot update_slots: id  2 | task 2425 | prompt processing progress, n_tokens = 34816, batch.n_tokens = 2048, progress = 0.935914
slot update_slots: id  2 | task 2425 | n_tokens = 34816, memory_seq_rm [34816, end)
slot update_slots: id  2 | task 2425 | prompt processing progress, n_tokens = 36688, batch.n_tokens = 1872, progress = 0.986237
slot update_slots: id  2 | task 2425 | n_tokens = 36688, memory_seq_rm [36688, end)
slot update_slots: id  2 | task 2425 | prompt processing progress, n_tokens = 37200, batch.n_tokens = 512, progress = 1.000000
slot update_slots: id  2 | task 2425 | prompt done, n_tokens = 37200, batch.n_tokens = 512
slot init_sampler: id  2 | task 2425 | init sampler, took 2.77 ms, tokens: text = 37200, total = 37200
slot update_slots: id  2 | task 2425 | created context checkpoint 1 of 8 (pos_min = 36687, pos_max = 36687, size = 75.376 MiB)
slot print_timing: id  2 | task 2425 | 
prompt eval time =   15081.95 ms / 37200 tokens (    0.41 ms per token,  2466.52 tokens per second)
       eval time =     608.97 ms /    47 tokens (   12.96 ms per token,    77.18 tokens per second)
      total time =   15690.92 ms / 37247 tokens
slot      release: id  2 | task 2425 | stop processing: n_tokens = 37246, truncated = 0
srv  update_slots: all slots are idle
srv  log_server_r: done request: POST /v1/messages 127.0.0.1 200
srv  params_from_: Chat format: Qwen3 Coder
slot get_availabl: id  3 | task -1 | selected slot by LRU, t_last = 7161045979
srv  get_availabl: updating prompt cache
srv   prompt_save:  - saving prompt with length 813, total state size = 94.440 MiB
srv          load:  - looking for better prompt, base f_keep = 0.025, sim = 0.061
srv        update:  - cache state: 17 prompts, 7785.875 MiB (limits: 8192.000 MiB, 262144 tokens, 262144 est)
srv        update:    - prompt 0x5d592bf0b560:     816 tokens, checkpoints:  1,   169.886 MiB
srv        update:    - prompt 0x5d592dc7cb00:     363 tokens, checkpoints:  0,    83.888 MiB
srv        update:    - prompt 0x5d5930dbba70:   35022 tokens, checkpoints:  1,   971.981 MiB
srv        update:    - prompt 0x5d592aae79a0:     464 tokens, checkpoints:  0,    86.256 MiB
srv        update:    - prompt 0x5d592c0040e0:   35106 tokens, checkpoints:  1,   973.951 MiB
srv        update:    - prompt 0x5d592b1faf20:   35762 tokens, checkpoints:  1,   989.333 MiB
srv        update:    - prompt 0x5d592f556f50:     396 tokens, checkpoints:  0,    84.662 MiB
srv        update:    - prompt 0x5d592d420cc0:   35837 tokens, checkpoints:  1,   991.092 MiB
srv        update:    - prompt 0x5d592f520910:   12700 tokens, checkpoints:  1,   448.554 MiB
srv        update:    - prompt 0x5d592f52eae0:   36958 tokens, checkpoints:  1,  1017.378 MiB
srv        update:    - prompt 0x5d592c981b90:    1023 tokens, checkpoints:  1,   174.740 MiB
srv        update:    - prompt 0x5d59311db1b0:    1052 tokens, checkpoints:  1,   175.420 MiB
srv        update:    - prompt 0x5d5929e37990:     590 tokens, checkpoints:  0,    89.211 MiB
srv        update:    - prompt 0x5d592b17c210:   37054 tokens, checkpoints:  1,  1019.629 MiB
srv        update:    - prompt 0x5d59313a2540:     816 tokens, checkpoints:  1,   169.886 MiB
srv        update:    - prompt 0x5d592d0d0900:     829 tokens, checkpoints:  1,   170.191 MiB
srv        update:    - prompt 0x5d5930c4c360:     813 tokens, checkpoints:  1,   169.816 MiB
srv  get_availabl: prompt cache update took 39.39 ms
slot launch_slot_: id  3 | task -1 | sampler chain: logits -> ?penalties -> ?dry -> ?top-n-sigma -> top-k -> ?typical -> top-p -> min-p -> ?xtc -> ?temp-ext -> dist 
slot launch_slot_: id  3 | task 2491 | processing task, is_child = 0
slot update_slots: id  3 | task 2491 | new prompt, n_ctx_slot = 262144, n_keep = 0, task.n_tokens = 330
slot update_slots: id  3 | task 2491 | n_past = 20, slot.prompt.tokens.size() = 813, seq_id = 3, pos_min = 812, n_swa = 1
slot update_slots: id  3 | task 2491 | forcing full prompt re-processing due to lack of cache data (likely due to SWA or hybrid/recurrent memory, see https://github.com/ggml-org/llama.cpp/pull/13194#issuecomment-2868343055)
slot update_slots: id  3 | task 2491 | erased invalidated context checkpoint (pos_min = 298, pos_max = 298, n_swa = 1, size = 75.376 MiB)
slot update_slots: id  3 | task 2491 | n_tokens = 0, memory_seq_rm [0, end)
slot update_slots: id  3 | task 2491 | prompt processing progress, n_tokens = 330, batch.n_tokens = 330, progress = 1.000000
slot update_slots: id  3 | task 2491 | prompt done, n_tokens = 330, batch.n_tokens = 330
slot init_sampler: id  3 | task 2491 | init sampler, took 0.03 ms, tokens: text = 330, total = 330
srv  params_from_: Chat format: Qwen3 Coder
slot get_availabl: id  1 | task -1 | selected slot by LRU, t_last = 7161070717
srv  get_availabl: updating prompt cache
srv   prompt_save:  - saving prompt with length 853, total state size = 95.378 MiB
srv          load:  - looking for better prompt, base f_keep = 0.023, sim = 0.001
srv        update:  - cache state: 18 prompts, 7956.629 MiB (limits: 8192.000 MiB, 262144 tokens, 262144 est)
srv        update:    - prompt 0x5d592bf0b560:     816 tokens, checkpoints:  1,   169.886 MiB
srv        update:    - prompt 0x5d592dc7cb00:     363 tokens, checkpoints:  0,    83.888 MiB
srv        update:    - prompt 0x5d5930dbba70:   35022 tokens, checkpoints:  1,   971.981 MiB
srv        update:    - prompt 0x5d592aae79a0:     464 tokens, checkpoints:  0,    86.256 MiB
srv        update:    - prompt 0x5d592c0040e0:   35106 tokens, checkpoints:  1,   973.951 MiB
srv        update:    - prompt 0x5d592b1faf20:   35762 tokens, checkpoints:  1,   989.333 MiB
srv        update:    - prompt 0x5d592f556f50:     396 tokens, checkpoints:  0,    84.662 MiB
srv        update:    - prompt 0x5d592d420cc0:   35837 tokens, checkpoints:  1,   991.092 MiB
srv        update:    - prompt 0x5d592f520910:   12700 tokens, checkpoints:  1,   448.554 MiB
srv        update:    - prompt 0x5d592f52eae0:   36958 tokens, checkpoints:  1,  1017.378 MiB
srv        update:    - prompt 0x5d592c981b90:    1023 tokens, checkpoints:  1,   174.740 MiB
srv        update:    - prompt 0x5d59311db1b0:    1052 tokens, checkpoints:  1,   175.420 MiB
srv        update:    - prompt 0x5d5929e37990:     590 tokens, checkpoints:  0,    89.211 MiB
srv        update:    - prompt 0x5d592b17c210:   37054 tokens, checkpoints:  1,  1019.629 MiB
srv        update:    - prompt 0x5d59313a2540:     816 tokens, checkpoints:  1,   169.886 MiB
srv        update:    - prompt 0x5d592d0d0900:     829 tokens, checkpoints:  1,   170.191 MiB
srv        update:    - prompt 0x5d5930c4c360:     813 tokens, checkpoints:  1,   169.816 MiB
srv        update:    - prompt 0x5d5930f58140:     853 tokens, checkpoints:  1,   170.754 MiB
srv  get_availabl: prompt cache update took 36.82 ms
slot launch_slot_: id  1 | task -1 | sampler chain: logits -> ?penalties -> ?dry -> ?top-n-sigma -> top-k -> ?typical -> top-p -> min-p -> ?xtc -> ?temp-ext -> dist 
slot launch_slot_: id  1 | task 2493 | processing task, is_child = 0
slot update_slots: id  1 | task 2493 | new prompt, n_ctx_slot = 262144, n_keep = 0, task.n_tokens = 37364
slot update_slots: id  1 | task 2493 | n_past = 20, slot.prompt.tokens.size() = 853, seq_id = 1, pos_min = 852, n_swa = 1
slot update_slots: id  1 | task 2493 | forcing full prompt re-processing due to lack of cache data (likely due to SWA or hybrid/recurrent memory, see https://github.com/ggml-org/llama.cpp/pull/13194#issuecomment-2868343055)
slot update_slots: id  1 | task 2493 | erased invalidated context checkpoint (pos_min = 336, pos_max = 336, n_swa = 1, size = 75.376 MiB)
slot update_slots: id  1 | task 2493 | n_tokens = 0, memory_seq_rm [0, end)
slot update_slots: id  1 | task 2493 | prompt processing progress, n_tokens = 2047, batch.n_tokens = 2048, progress = 0.054785
slot update_slots: id  1 | task 2493 | n_tokens = 2047, memory_seq_rm [2047, end)
slot update_slots: id  1 | task 2493 | prompt processing progress, n_tokens = 4094, batch.n_tokens = 2048, progress = 0.109571
slot update_slots: id  1 | task 2493 | n_tokens = 4094, memory_seq_rm [4094, end)
slot update_slots: id  1 | task 2493 | prompt processing progress, n_tokens = 6141, batch.n_tokens = 2048, progress = 0.164356
slot update_slots: id  1 | task 2493 | n_tokens = 6141, memory_seq_rm [6141, end)
slot update_slots: id  1 | task 2493 | prompt processing progress, n_tokens = 8188, batch.n_tokens = 2048, progress = 0.219141
slot update_slots: id  1 | task 2493 | n_tokens = 8188, memory_seq_rm [8188, end)
slot update_slots: id  1 | task 2493 | prompt processing progress, n_tokens = 10235, batch.n_tokens = 2048, progress = 0.273927
slot update_slots: id  1 | task 2493 | n_tokens = 10235, memory_seq_rm [10235, end)
slot update_slots: id  1 | task 2493 | prompt processing progress, n_tokens = 12282, batch.n_tokens = 2048, progress = 0.328712
slot update_slots: id  1 | task 2493 | n_tokens = 12282, memory_seq_rm [12282, end)
slot update_slots: id  1 | task 2493 | prompt processing progress, n_tokens = 14329, batch.n_tokens = 2048, progress = 0.383497
slot update_slots: id  1 | task 2493 | n_tokens = 14329, memory_seq_rm [14329, end)
slot update_slots: id  1 | task 2493 | prompt processing progress, n_tokens = 16376, batch.n_tokens = 2048, progress = 0.438283
slot update_slots: id  1 | task 2493 | n_tokens = 16376, memory_seq_rm [16376, end)
slot update_slots: id  1 | task 2493 | prompt processing progress, n_tokens = 18423, batch.n_tokens = 2048, progress = 0.493068
slot update_slots: id  1 | task 2493 | n_tokens = 18423, memory_seq_rm [18423, end)
slot update_slots: id  1 | task 2493 | prompt processing progress, n_tokens = 20470, batch.n_tokens = 2048, progress = 0.547854
slot update_slots: id  1 | task 2493 | n_tokens = 20470, memory_seq_rm [20470, end)
slot update_slots: id  1 | task 2493 | prompt processing progress, n_tokens = 22517, batch.n_tokens = 2048, progress = 0.602639
slot update_slots: id  1 | task 2493 | n_tokens = 22517, memory_seq_rm [22517, end)
slot update_slots: id  1 | task 2493 | prompt processing progress, n_tokens = 24564, batch.n_tokens = 2048, progress = 0.657424
slot update_slots: id  1 | task 2493 | n_tokens = 24564, memory_seq_rm [24564, end)
slot update_slots: id  1 | task 2493 | prompt processing progress, n_tokens = 26611, batch.n_tokens = 2048, progress = 0.712210
slot update_slots: id  1 | task 2493 | n_tokens = 26611, memory_seq_rm [26611, end)
slot update_slots: id  1 | task 2493 | prompt processing progress, n_tokens = 28658, batch.n_tokens = 2048, progress = 0.766995
slot update_slots: id  1 | task 2493 | n_tokens = 28658, memory_seq_rm [28658, end)
slot update_slots: id  1 | task 2493 | prompt processing progress, n_tokens = 30705, batch.n_tokens = 2048, progress = 0.821780
slot update_slots: id  1 | task 2493 | n_tokens = 30705, memory_seq_rm [30705, end)
slot update_slots: id  1 | task 2493 | prompt processing progress, n_tokens = 32752, batch.n_tokens = 2048, progress = 0.876566
slot update_slots: id  1 | task 2493 | n_tokens = 32752, memory_seq_rm [32752, end)
slot update_slots: id  1 | task 2493 | prompt processing progress, n_tokens = 34799, batch.n_tokens = 2048, progress = 0.931351
slot update_slots: id  1 | task 2493 | n_tokens = 34799, memory_seq_rm [34799, end)
slot update_slots: id  1 | task 2493 | prompt processing progress, n_tokens = 36846, batch.n_tokens = 2048, progress = 0.986136
slot update_slots: id  1 | task 2493 | n_tokens = 36846, memory_seq_rm [36846, end)
slot update_slots: id  1 | task 2493 | prompt processing progress, n_tokens = 36852, batch.n_tokens = 7, progress = 0.986297
slot update_slots: id  1 | task 2493 | n_tokens = 36852, memory_seq_rm [36852, end)
slot update_slots: id  1 | task 2493 | prompt processing progress, n_tokens = 37364, batch.n_tokens = 513, progress = 1.000000
slot update_slots: id  1 | task 2493 | prompt done, n_tokens = 37364, batch.n_tokens = 513
slot init_sampler: id  1 | task 2493 | init sampler, took 2.81 ms, tokens: text = 37364, total = 37364
slot update_slots: id  1 | task 2493 | created context checkpoint 1 of 8 (pos_min = 36851, pos_max = 36851, size = 75.376 MiB)
slot print_timing: id  3 | task 2491 | 
prompt eval time =     176.85 ms /   330 tokens (    0.54 ms per token,  1865.98 tokens per second)
       eval time =   17134.79 ms /    23 tokens (  744.99 ms per token,     1.34 tokens per second)
      total time =   17311.64 ms /   353 tokens
slot      release: id  3 | task 2491 | stop processing: n_tokens = 352, truncated = 0
srv  log_server_r: done request: POST /v1/messages 127.0.0.1 200
slot print_timing: id  1 | task 2493 | 
prompt eval time =   17047.98 ms / 37364 tokens (    0.46 ms per token,  2191.70 tokens per second)
       eval time =    3387.40 ms /   246 tokens (   13.77 ms per token,    72.62 tokens per second)
      total time =   20435.39 ms / 37610 tokens
slot      release: id  1 | task 2493 | stop processing: n_tokens = 37609, truncated = 0
srv  update_slots: all slots are idle
srv  log_server_r: done request: POST /v1/messages 127.0.0.1 200
srv  params_from_: Chat format: Qwen3 Coder
slot get_availabl: id  0 | task -1 | selected slot by LRU, t_last = 7178303925
srv  get_availabl: updating prompt cache
srv   prompt_save:  - saving prompt with length 37159, total state size = 946.715 MiB
srv  params_from_: Chat format: Qwen3 Coder
srv          load:  - looking for better prompt, base f_keep = 0.001, sim = 0.038
srv          load:  - found better prompt with f_keep = 0.900, sim = 1.000
srv        update:  - cache size limit reached, removing oldest entry (size = 169.886 MiB)
srv        update:  - cache size limit reached, removing oldest entry (size = 83.888 MiB)
srv        update:  - cache size limit reached, removing oldest entry (size = 971.981 MiB)
srv        update:  - cache state: 15 prompts, 7663.754 MiB (limits: 8192.000 MiB, 262144 tokens, 262144 est)
srv        update:    - prompt 0x5d592aae79a0:     464 tokens, checkpoints:  0,    86.256 MiB
srv        update:    - prompt 0x5d592c0040e0:   35106 tokens, checkpoints:  1,   973.951 MiB
srv        update:    - prompt 0x5d592b1faf20:   35762 tokens, checkpoints:  1,   989.333 MiB
srv        update:    - prompt 0x5d592f556f50:     396 tokens, checkpoints:  0,    84.662 MiB
srv        update:    - prompt 0x5d592d420cc0:   35837 tokens, checkpoints:  1,   991.092 MiB
srv        update:    - prompt 0x5d592f520910:   12700 tokens, checkpoints:  1,   448.554 MiB
srv        update:    - prompt 0x5d592f52eae0:   36958 tokens, checkpoints:  1,  1017.378 MiB
srv        update:    - prompt 0x5d592c981b90:    1023 tokens, checkpoints:  1,   174.740 MiB
srv        update:    - prompt 0x5d59311db1b0:    1052 tokens, checkpoints:  1,   175.420 MiB
srv        update:    - prompt 0x5d592b17c210:   37054 tokens, checkpoints:  1,  1019.629 MiB
srv        update:    - prompt 0x5d59313a2540:     816 tokens, checkpoints:  1,   169.886 MiB
srv        update:    - prompt 0x5d592d0d0900:     829 tokens, checkpoints:  1,   170.191 MiB
srv        update:    - prompt 0x5d5930c4c360:     813 tokens, checkpoints:  1,   169.816 MiB
srv        update:    - prompt 0x5d5930f58140:     853 tokens, checkpoints:  1,   170.754 MiB
srv        update:    - prompt 0x5d5930c4c2c0:   37159 tokens, checkpoints:  1,  1022.091 MiB
srv  get_availabl: prompt cache update took 302.57 ms
slot launch_slot_: id  0 | task -1 | sampler chain: logits -> ?penalties -> ?dry -> ?top-n-sigma -> top-k -> ?typical -> top-p -> min-p -> ?xtc -> ?temp-ext -> dist 
slot launch_slot_: id  0 | task 2759 | processing task, is_child = 0
slot get_availabl: id  2 | task -1 | selected slot by LRU, t_last = 7194131340
srv  get_availabl: updating prompt cache
srv   prompt_save:  - saving prompt with length 37246, total state size = 948.756 MiB
srv          load:  - looking for better prompt, base f_keep = 0.001, sim = 0.001
srv        update:  - cache size limit reached, removing oldest entry (size = 86.256 MiB)
srv        update:  - cache size limit reached, removing oldest entry (size = 973.951 MiB)
srv        update:  - cache state: 14 prompts, 7627.678 MiB (limits: 8192.000 MiB, 262144 tokens, 262144 est)
srv        update:    - prompt 0x5d592b1faf20:   35762 tokens, checkpoints:  1,   989.333 MiB
srv        update:    - prompt 0x5d592f556f50:     396 tokens, checkpoints:  0,    84.662 MiB
srv        update:    - prompt 0x5d592d420cc0:   35837 tokens, checkpoints:  1,   991.092 MiB
srv        update:    - prompt 0x5d592f520910:   12700 tokens, checkpoints:  1,   448.554 MiB
srv        update:    - prompt 0x5d592f52eae0:   36958 tokens, checkpoints:  1,  1017.378 MiB
srv        update:    - prompt 0x5d592c981b90:    1023 tokens, checkpoints:  1,   174.740 MiB
srv        update:    - prompt 0x5d59311db1b0:    1052 tokens, checkpoints:  1,   175.420 MiB
srv        update:    - prompt 0x5d592b17c210:   37054 tokens, checkpoints:  1,  1019.629 MiB
srv        update:    - prompt 0x5d59313a2540:     816 tokens, checkpoints:  1,   169.886 MiB
srv        update:    - prompt 0x5d592d0d0900:     829 tokens, checkpoints:  1,   170.191 MiB
srv        update:    - prompt 0x5d5930c4c360:     813 tokens, checkpoints:  1,   169.816 MiB
srv        update:    - prompt 0x5d5930f58140:     853 tokens, checkpoints:  1,   170.754 MiB
srv        update:    - prompt 0x5d5930c4c2c0:   37159 tokens, checkpoints:  1,  1022.091 MiB
srv        update:    - prompt 0x5d5929e37990:   37246 tokens, checkpoints:  1,  1024.131 MiB
srv  get_availabl: prompt cache update took 232.29 ms
slot launch_slot_: id  2 | task -1 | sampler chain: logits -> ?penalties -> ?dry -> ?top-n-sigma -> top-k -> ?typical -> top-p -> min-p -> ?xtc -> ?temp-ext -> dist 
slot launch_slot_: id  2 | task 2760 | processing task, is_child = 0
slot update_slots: id  0 | task 2759 | new prompt, n_ctx_slot = 262144, n_keep = 0, task.n_tokens = 531
slot update_slots: id  0 | task 2759 | n_past = 531, slot.prompt.tokens.size() = 590, seq_id = 0, pos_min = 589, n_swa = 1
slot update_slots: id  0 | task 2759 | forcing full prompt re-processing due to lack of cache data (likely due to SWA or hybrid/recurrent memory, see https://github.com/ggml-org/llama.cpp/pull/13194#issuecomment-2868343055)
slot update_slots: id  0 | task 2759 | n_tokens = 0, memory_seq_rm [0, end)
slot update_slots: id  0 | task 2759 | prompt processing progress, n_tokens = 19, batch.n_tokens = 19, progress = 0.035782
slot update_slots: id  2 | task 2760 | new prompt, n_ctx_slot = 262144, n_keep = 0, task.n_tokens = 37629
slot update_slots: id  2 | task 2760 | n_past = 33, slot.prompt.tokens.size() = 37246, seq_id = 2, pos_min = 37245, n_swa = 1
slot update_slots: id  2 | task 2760 | forcing full prompt re-processing due to lack of cache data (likely due to SWA or hybrid/recurrent memory, see https://github.com/ggml-org/llama.cpp/pull/13194#issuecomment-2868343055)
slot update_slots: id  2 | task 2760 | erased invalidated context checkpoint (pos_min = 36687, pos_max = 36687, n_swa = 1, size = 75.376 MiB)
slot update_slots: id  2 | task 2760 | n_tokens = 0, memory_seq_rm [0, end)
slot update_slots: id  2 | task 2760 | prompt processing progress, n_tokens = 2029, batch.n_tokens = 2048, progress = 0.053921
slot update_slots: id  0 | task 2759 | n_tokens = 19, memory_seq_rm [19, end)
slot update_slots: id  0 | task 2759 | prompt processing progress, n_tokens = 531, batch.n_tokens = 512, progress = 1.000000
slot update_slots: id  0 | task 2759 | prompt done, n_tokens = 531, batch.n_tokens = 512
slot init_sampler: id  0 | task 2759 | init sampler, took 0.04 ms, tokens: text = 531, total = 531
slot update_slots: id  2 | task 2760 | n_tokens = 2029, memory_seq_rm [2029, end)
slot update_slots: id  2 | task 2760 | prompt processing progress, n_tokens = 3565, batch.n_tokens = 2048, progress = 0.094741
slot update_slots: id  2 | task 2760 | n_tokens = 3565, memory_seq_rm [3565, end)
slot update_slots: id  2 | task 2760 | prompt processing progress, n_tokens = 5612, batch.n_tokens = 2048, progress = 0.149140
slot update_slots: id  2 | task 2760 | n_tokens = 5612, memory_seq_rm [5612, end)
slot update_slots: id  2 | task 2760 | prompt processing progress, n_tokens = 7659, batch.n_tokens = 2048, progress = 0.203540
slot update_slots: id  2 | task 2760 | n_tokens = 7659, memory_seq_rm [7659, end)
slot update_slots: id  2 | task 2760 | prompt processing progress, n_tokens = 9706, batch.n_tokens = 2048, progress = 0.257939
slot update_slots: id  2 | task 2760 | n_tokens = 9706, memory_seq_rm [9706, end)
slot update_slots: id  2 | task 2760 | prompt processing progress, n_tokens = 11753, batch.n_tokens = 2048, progress = 0.312339
slot update_slots: id  2 | task 2760 | n_tokens = 11753, memory_seq_rm [11753, end)
slot update_slots: id  2 | task 2760 | prompt processing progress, n_tokens = 13800, batch.n_tokens = 2048, progress = 0.366738
slot update_slots: id  2 | task 2760 | n_tokens = 13800, memory_seq_rm [13800, end)
slot update_slots: id  2 | task 2760 | prompt processing progress, n_tokens = 15847, batch.n_tokens = 2048, progress = 0.421138
slot update_slots: id  2 | task 2760 | n_tokens = 15847, memory_seq_rm [15847, end)
slot update_slots: id  2 | task 2760 | prompt processing progress, n_tokens = 17894, batch.n_tokens = 2048, progress = 0.475537
slot update_slots: id  2 | task 2760 | n_tokens = 17894, memory_seq_rm [17894, end)
slot update_slots: id  2 | task 2760 | prompt processing progress, n_tokens = 19941, batch.n_tokens = 2048, progress = 0.529937
slot update_slots: id  2 | task 2760 | n_tokens = 19941, memory_seq_rm [19941, end)
slot update_slots: id  2 | task 2760 | prompt processing progress, n_tokens = 21988, batch.n_tokens = 2048, progress = 0.584337
slot update_slots: id  2 | task 2760 | n_tokens = 21988, memory_seq_rm [21988, end)
slot update_slots: id  2 | task 2760 | prompt processing progress, n_tokens = 24035, batch.n_tokens = 2048, progress = 0.638736
slot update_slots: id  2 | task 2760 | n_tokens = 24035, memory_seq_rm [24035, end)
slot update_slots: id  2 | task 2760 | prompt processing progress, n_tokens = 26082, batch.n_tokens = 2048, progress = 0.693136
slot update_slots: id  2 | task 2760 | n_tokens = 26082, memory_seq_rm [26082, end)
slot update_slots: id  2 | task 2760 | prompt processing progress, n_tokens = 28129, batch.n_tokens = 2048, progress = 0.747535
slot update_slots: id  2 | task 2760 | n_tokens = 28129, memory_seq_rm [28129, end)
slot update_slots: id  2 | task 2760 | prompt processing progress, n_tokens = 30176, batch.n_tokens = 2048, progress = 0.801935
slot update_slots: id  2 | task 2760 | n_tokens = 30176, memory_seq_rm [30176, end)
slot update_slots: id  2 | task 2760 | prompt processing progress, n_tokens = 32223, batch.n_tokens = 2048, progress = 0.856334
slot update_slots: id  2 | task 2760 | n_tokens = 32223, memory_seq_rm [32223, end)
slot update_slots: id  2 | task 2760 | prompt processing progress, n_tokens = 34270, batch.n_tokens = 2048, progress = 0.910734
slot update_slots: id  2 | task 2760 | n_tokens = 34270, memory_seq_rm [34270, end)
slot update_slots: id  2 | task 2760 | prompt processing progress, n_tokens = 36317, batch.n_tokens = 2048, progress = 0.965133
slot update_slots: id  2 | task 2760 | n_tokens = 36317, memory_seq_rm [36317, end)
slot update_slots: id  2 | task 2760 | prompt processing progress, n_tokens = 37117, batch.n_tokens = 801, progress = 0.986393
slot update_slots: id  2 | task 2760 | n_tokens = 37117, memory_seq_rm [37117, end)
slot update_slots: id  2 | task 2760 | prompt processing progress, n_tokens = 37629, batch.n_tokens = 513, progress = 1.000000
slot update_slots: id  2 | task 2760 | prompt done, n_tokens = 37629, batch.n_tokens = 513
slot init_sampler: id  2 | task 2760 | init sampler, took 2.84 ms, tokens: text = 37629, total = 37629
slot update_slots: id  2 | task 2760 | created context checkpoint 1 of 8 (pos_min = 37116, pos_max = 37116, size = 75.376 MiB)
slot print_timing: id  0 | task 2759 | 
prompt eval time =    1912.08 ms /   531 tokens (    3.60 ms per token,   277.71 tokens per second)
       eval time =   16965.52 ms /    60 tokens (  282.76 ms per token,     3.54 tokens per second)
      total time =   18877.59 ms /   591 tokens
slot      release: id  0 | task 2759 | stop processing: n_tokens = 590, truncated = 0
srv  log_server_r: done request: POST /v1/messages 127.0.0.1 200
slot print_timing: id  2 | task 2760 | 
prompt eval time =   17899.99 ms / 37629 tokens (    0.48 ms per token,  2102.18 tokens per second)
       eval time =    1358.88 ms /    70 tokens (   19.41 ms per token,    51.51 tokens per second)
      total time =   19258.87 ms / 37699 tokens
slot      release: id  2 | task 2760 | stop processing: n_tokens = 37698, truncated = 0
srv  update_slots: all slots are idle
srv  log_server_r: done request: POST /v1/messages 127.0.0.1 200
srv  params_from_: Chat format: Qwen3 Coder
slot get_availabl: id  3 | task -1 | selected slot by LRU, t_last = 7212800429
srv  get_availabl: updating prompt cache
srv   prompt_save:  - saving prompt with length 352, total state size = 83.630 MiB
srv          load:  - looking for better prompt, base f_keep = 0.057, sim = 0.046
srv        update:  - cache state: 15 prompts, 7711.308 MiB (limits: 8192.000 MiB, 262144 tokens, 262144 est)
srv        update:    - prompt 0x5d592b1faf20:   35762 tokens, checkpoints:  1,   989.333 MiB
srv        update:    - prompt 0x5d592f556f50:     396 tokens, checkpoints:  0,    84.662 MiB
srv        update:    - prompt 0x5d592d420cc0:   35837 tokens, checkpoints:  1,   991.092 MiB
srv        update:    - prompt 0x5d592f520910:   12700 tokens, checkpoints:  1,   448.554 MiB
srv        update:    - prompt 0x5d592f52eae0:   36958 tokens, checkpoints:  1,  1017.378 MiB
srv        update:    - prompt 0x5d592c981b90:    1023 tokens, checkpoints:  1,   174.740 MiB
srv        update:    - prompt 0x5d59311db1b0:    1052 tokens, checkpoints:  1,   175.420 MiB
srv        update:    - prompt 0x5d592b17c210:   37054 tokens, checkpoints:  1,  1019.629 MiB
srv        update:    - prompt 0x5d59313a2540:     816 tokens, checkpoints:  1,   169.886 MiB
srv        update:    - prompt 0x5d592d0d0900:     829 tokens, checkpoints:  1,   170.191 MiB
srv        update:    - prompt 0x5d5930c4c360:     813 tokens, checkpoints:  1,   169.816 MiB
srv        update:    - prompt 0x5d5930f58140:     853 tokens, checkpoints:  1,   170.754 MiB
srv        update:    - prompt 0x5d5930c4c2c0:   37159 tokens, checkpoints:  1,  1022.091 MiB
srv        update:    - prompt 0x5d5929e37990:   37246 tokens, checkpoints:  1,  1024.131 MiB
srv        update:    - prompt 0x5d5929e4f380:     352 tokens, checkpoints:  0,    83.630 MiB
srv  get_availabl: prompt cache update took 23.63 ms
slot launch_slot_: id  3 | task -1 | sampler chain: logits -> ?penalties -> ?dry -> ?top-n-sigma -> top-k -> ?typical -> top-p -> min-p -> ?xtc -> ?temp-ext -> dist 
slot launch_slot_: id  3 | task 2850 | processing task, is_child = 0
slot update_slots: id  3 | task 2850 | new prompt, n_ctx_slot = 262144, n_keep = 0, task.n_tokens = 436
slot update_slots: id  3 | task 2850 | n_past = 20, slot.prompt.tokens.size() = 352, seq_id = 3, pos_min = 351, n_swa = 1
slot update_slots: id  3 | task 2850 | forcing full prompt re-processing due to lack of cache data (likely due to SWA or hybrid/recurrent memory, see https://github.com/ggml-org/llama.cpp/pull/13194#issuecomment-2868343055)
slot update_slots: id  3 | task 2850 | n_tokens = 0, memory_seq_rm [0, end)
slot update_slots: id  3 | task 2850 | prompt processing progress, n_tokens = 436, batch.n_tokens = 436, progress = 1.000000
slot update_slots: id  3 | task 2850 | prompt done, n_tokens = 436, batch.n_tokens = 436
slot init_sampler: id  3 | task 2850 | init sampler, took 0.03 ms, tokens: text = 436, total = 436
srv  params_from_: Chat format: Qwen3 Coder
slot get_availabl: id  1 | task -1 | selected slot by LRU, t_last = 7216139044
srv  get_availabl: updating prompt cache
srv   prompt_save:  - saving prompt with length 37609, total state size = 957.267 MiB
srv          load:  - looking for better prompt, base f_keep = 0.001, sim = 0.001
srv        update:  - cache size limit reached, removing oldest entry (size = 989.333 MiB)
srv        update:  - cache state: 15 prompts, 7754.618 MiB (limits: 8192.000 MiB, 262144 tokens, 262144 est)
srv        update:    - prompt 0x5d592f556f50:     396 tokens, checkpoints:  0,    84.662 MiB
srv        update:    - prompt 0x5d592d420cc0:   35837 tokens, checkpoints:  1,   991.092 MiB
srv        update:    - prompt 0x5d592f520910:   12700 tokens, checkpoints:  1,   448.554 MiB
srv        update:    - prompt 0x5d592f52eae0:   36958 tokens, checkpoints:  1,  1017.378 MiB
srv        update:    - prompt 0x5d592c981b90:    1023 tokens, checkpoints:  1,   174.740 MiB
srv        update:    - prompt 0x5d59311db1b0:    1052 tokens, checkpoints:  1,   175.420 MiB
srv        update:    - prompt 0x5d592b17c210:   37054 tokens, checkpoints:  1,  1019.629 MiB
srv        update:    - prompt 0x5d59313a2540:     816 tokens, checkpoints:  1,   169.886 MiB
srv        update:    - prompt 0x5d592d0d0900:     829 tokens, checkpoints:  1,   170.191 MiB
srv        update:    - prompt 0x5d5930c4c360:     813 tokens, checkpoints:  1,   169.816 MiB
srv        update:    - prompt 0x5d5930f58140:     853 tokens, checkpoints:  1,   170.754 MiB
srv        update:    - prompt 0x5d5930c4c2c0:   37159 tokens, checkpoints:  1,  1022.091 MiB
srv        update:    - prompt 0x5d5929e37990:   37246 tokens, checkpoints:  1,  1024.131 MiB
srv        update:    - prompt 0x5d5929e4f380:     352 tokens, checkpoints:  0,    83.630 MiB
srv        update:    - prompt 0x5d592f5595f0:   37609 tokens, checkpoints:  1,  1032.643 MiB
srv  get_availabl: prompt cache update took 245.41 ms
slot launch_slot_: id  1 | task -1 | sampler chain: logits -> ?penalties -> ?dry -> ?top-n-sigma -> top-k -> ?typical -> top-p -> min-p -> ?xtc -> ?temp-ext -> dist 
slot launch_slot_: id  1 | task 2852 | processing task, is_child = 0
slot update_slots: id  1 | task 2852 | new prompt, n_ctx_slot = 262144, n_keep = 0, task.n_tokens = 37798
slot update_slots: id  1 | task 2852 | n_past = 32, slot.prompt.tokens.size() = 37609, seq_id = 1, pos_min = 37608, n_swa = 1
slot update_slots: id  1 | task 2852 | forcing full prompt re-processing due to lack of cache data (likely due to SWA or hybrid/recurrent memory, see https://github.com/ggml-org/llama.cpp/pull/13194#issuecomment-2868343055)
slot update_slots: id  1 | task 2852 | erased invalidated context checkpoint (pos_min = 36851, pos_max = 36851, n_swa = 1, size = 75.376 MiB)
slot update_slots: id  1 | task 2852 | n_tokens = 0, memory_seq_rm [0, end)
slot update_slots: id  1 | task 2852 | prompt processing progress, n_tokens = 2047, batch.n_tokens = 2048, progress = 0.054156
slot update_slots: id  1 | task 2852 | n_tokens = 2047, memory_seq_rm [2047, end)
slot update_slots: id  1 | task 2852 | prompt processing progress, n_tokens = 4094, batch.n_tokens = 2048, progress = 0.108313
slot update_slots: id  1 | task 2852 | n_tokens = 4094, memory_seq_rm [4094, end)
slot update_slots: id  1 | task 2852 | prompt processing progress, n_tokens = 6141, batch.n_tokens = 2048, progress = 0.162469
slot update_slots: id  1 | task 2852 | n_tokens = 6141, memory_seq_rm [6141, end)
slot update_slots: id  1 | task 2852 | prompt processing progress, n_tokens = 8188, batch.n_tokens = 2048, progress = 0.216625
slot update_slots: id  1 | task 2852 | n_tokens = 8188, memory_seq_rm [8188, end)
slot update_slots: id  1 | task 2852 | prompt processing progress, n_tokens = 10235, batch.n_tokens = 2048, progress = 0.270782
slot update_slots: id  1 | task 2852 | n_tokens = 10235, memory_seq_rm [10235, end)
slot update_slots: id  1 | task 2852 | prompt processing progress, n_tokens = 12282, batch.n_tokens = 2048, progress = 0.324938
slot update_slots: id  1 | task 2852 | n_tokens = 12282, memory_seq_rm [12282, end)
slot update_slots: id  1 | task 2852 | prompt processing progress, n_tokens = 14329, batch.n_tokens = 2048, progress = 0.379094
slot update_slots: id  1 | task 2852 | n_tokens = 14329, memory_seq_rm [14329, end)
slot update_slots: id  1 | task 2852 | prompt processing progress, n_tokens = 16376, batch.n_tokens = 2048, progress = 0.433250
slot update_slots: id  1 | task 2852 | n_tokens = 16376, memory_seq_rm [16376, end)
slot update_slots: id  1 | task 2852 | prompt processing progress, n_tokens = 18423, batch.n_tokens = 2048, progress = 0.487407
slot update_slots: id  1 | task 2852 | n_tokens = 18423, memory_seq_rm [18423, end)
slot update_slots: id  1 | task 2852 | prompt processing progress, n_tokens = 20470, batch.n_tokens = 2048, progress = 0.541563
slot update_slots: id  1 | task 2852 | n_tokens = 20470, memory_seq_rm [20470, end)
slot update_slots: id  1 | task 2852 | prompt processing progress, n_tokens = 22517, batch.n_tokens = 2048, progress = 0.595719
slot update_slots: id  1 | task 2852 | n_tokens = 22517, memory_seq_rm [22517, end)
slot update_slots: id  1 | task 2852 | prompt processing progress, n_tokens = 24564, batch.n_tokens = 2048, progress = 0.649876
slot update_slots: id  1 | task 2852 | n_tokens = 24564, memory_seq_rm [24564, end)
slot update_slots: id  1 | task 2852 | prompt processing progress, n_tokens = 26611, batch.n_tokens = 2048, progress = 0.704032
slot update_slots: id  1 | task 2852 | n_tokens = 26611, memory_seq_rm [26611, end)
slot update_slots: id  1 | task 2852 | prompt processing progress, n_tokens = 28658, batch.n_tokens = 2048, progress = 0.758188
slot update_slots: id  1 | task 2852 | n_tokens = 28658, memory_seq_rm [28658, end)
slot update_slots: id  1 | task 2852 | prompt processing progress, n_tokens = 30705, batch.n_tokens = 2048, progress = 0.812345
slot update_slots: id  1 | task 2852 | n_tokens = 30705, memory_seq_rm [30705, end)
slot update_slots: id  1 | task 2852 | prompt processing progress, n_tokens = 32752, batch.n_tokens = 2048, progress = 0.866501
slot update_slots: id  1 | task 2852 | n_tokens = 32752, memory_seq_rm [32752, end)
slot update_slots: id  1 | task 2852 | prompt processing progress, n_tokens = 34799, batch.n_tokens = 2048, progress = 0.920657
slot update_slots: id  1 | task 2852 | n_tokens = 34799, memory_seq_rm [34799, end)
slot update_slots: id  1 | task 2852 | prompt processing progress, n_tokens = 36846, batch.n_tokens = 2048, progress = 0.974813
slot update_slots: id  1 | task 2852 | n_tokens = 36846, memory_seq_rm [36846, end)
slot update_slots: id  1 | task 2852 | prompt processing progress, n_tokens = 37286, batch.n_tokens = 441, progress = 0.986454
slot update_slots: id  1 | task 2852 | n_tokens = 37286, memory_seq_rm [37286, end)
slot update_slots: id  1 | task 2852 | prompt processing progress, n_tokens = 37798, batch.n_tokens = 513, progress = 1.000000
slot update_slots: id  1 | task 2852 | prompt done, n_tokens = 37798, batch.n_tokens = 513
slot init_sampler: id  1 | task 2852 | init sampler, took 2.83 ms, tokens: text = 37798, total = 37798
slot update_slots: id  1 | task 2852 | created context checkpoint 1 of 8 (pos_min = 37285, pos_max = 37285, size = 75.376 MiB)
slot print_timing: id  3 | task 2850 | 
prompt eval time =     232.40 ms /   436 tokens (    0.53 ms per token,  1876.12 tokens per second)
       eval time =   15942.10 ms /    23 tokens (  693.13 ms per token,     1.44 tokens per second)
      total time =   16174.49 ms /   459 tokens
slot      release: id  3 | task 2850 | stop processing: n_tokens = 458, truncated = 0
srv  log_server_r: done request: POST /v1/messages 127.0.0.1 200
slot print_timing: id  1 | task 2852 | 
prompt eval time =   15648.75 ms / 37798 tokens (    0.41 ms per token,  2415.40 tokens per second)
       eval time =    1900.91 ms /   144 tokens (   13.20 ms per token,    75.75 tokens per second)
      total time =   17549.66 ms / 37942 tokens
slot      release: id  1 | task 2852 | stop processing: n_tokens = 37941, truncated = 0
srv  update_slots: all slots are idle
srv  log_server_r: done request: POST /v1/messages 127.0.0.1 200
srv  params_from_: Chat format: Qwen3 Coder
slot get_availabl: id  0 | task -1 | selected slot by LRU, t_last = 7237231672
srv  get_availabl: updating prompt cache
srv   prompt_save:  - saving prompt with length 590, total state size = 89.211 MiB
srv          load:  - looking for better prompt, base f_keep = 0.034, sim = 0.001
srv        update:  - cache state: 16 prompts, 7843.829 MiB (limits: 8192.000 MiB, 262144 tokens, 262144 est)
srv        update:    - prompt 0x5d592f556f50:     396 tokens, checkpoints:  0,    84.662 MiB
srv        update:    - prompt 0x5d592d420cc0:   35837 tokens, checkpoints:  1,   991.092 MiB
srv        update:    - prompt 0x5d592f520910:   12700 tokens, checkpoints:  1,   448.554 MiB
srv        update:    - prompt 0x5d592f52eae0:   36958 tokens, checkpoints:  1,  1017.378 MiB
srv        update:    - prompt 0x5d592c981b90:    1023 tokens, checkpoints:  1,   174.740 MiB
srv        update:    - prompt 0x5d59311db1b0:    1052 tokens, checkpoints:  1,   175.420 MiB
srv        update:    - prompt 0x5d592b17c210:   37054 tokens, checkpoints:  1,  1019.629 MiB
srv        update:    - prompt 0x5d59313a2540:     816 tokens, checkpoints:  1,   169.886 MiB
srv        update:    - prompt 0x5d592d0d0900:     829 tokens, checkpoints:  1,   170.191 MiB
srv        update:    - prompt 0x5d5930c4c360:     813 tokens, checkpoints:  1,   169.816 MiB
srv        update:    - prompt 0x5d5930f58140:     853 tokens, checkpoints:  1,   170.754 MiB
srv        update:    - prompt 0x5d5930c4c2c0:   37159 tokens, checkpoints:  1,  1022.091 MiB
srv        update:    - prompt 0x5d5929e37990:   37246 tokens, checkpoints:  1,  1024.131 MiB
srv        update:    - prompt 0x5d5929e4f380:     352 tokens, checkpoints:  0,    83.630 MiB
srv        update:    - prompt 0x5d592f5595f0:   37609 tokens, checkpoints:  1,  1032.643 MiB
srv        update:    - prompt 0x5d592f50e240:     590 tokens, checkpoints:  0,    89.211 MiB
srv  get_availabl: prompt cache update took 29.34 ms
slot launch_slot_: id  0 | task -1 | sampler chain: logits -> ?penalties -> ?dry -> ?top-n-sigma -> top-k -> ?typical -> top-p -> min-p -> ?xtc -> ?temp-ext -> dist 
slot launch_slot_: id  0 | task 3016 | processing task, is_child = 0
slot update_slots: id  0 | task 3016 | new prompt, n_ctx_slot = 262144, n_keep = 0, task.n_tokens = 38216
slot update_slots: id  0 | task 3016 | n_past = 20, slot.prompt.tokens.size() = 590, seq_id = 0, pos_min = 589, n_swa = 1
slot update_slots: id  0 | task 3016 | forcing full prompt re-processing due to lack of cache data (likely due to SWA or hybrid/recurrent memory, see https://github.com/ggml-org/llama.cpp/pull/13194#issuecomment-2868343055)
slot update_slots: id  0 | task 3016 | n_tokens = 0, memory_seq_rm [0, end)
slot update_slots: id  0 | task 3016 | prompt processing progress, n_tokens = 2048, batch.n_tokens = 2048, progress = 0.053590
slot update_slots: id  0 | task 3016 | n_tokens = 2048, memory_seq_rm [2048, end)
slot update_slots: id  0 | task 3016 | prompt processing progress, n_tokens = 4096, batch.n_tokens = 2048, progress = 0.107180
slot update_slots: id  0 | task 3016 | n_tokens = 4096, memory_seq_rm [4096, end)
slot update_slots: id  0 | task 3016 | prompt processing progress, n_tokens = 6144, batch.n_tokens = 2048, progress = 0.160770
slot update_slots: id  0 | task 3016 | n_tokens = 6144, memory_seq_rm [6144, end)
slot update_slots: id  0 | task 3016 | prompt processing progress, n_tokens = 8192, batch.n_tokens = 2048, progress = 0.214360
slot update_slots: id  0 | task 3016 | n_tokens = 8192, memory_seq_rm [8192, end)
slot update_slots: id  0 | task 3016 | prompt processing progress, n_tokens = 10240, batch.n_tokens = 2048, progress = 0.267951
slot update_slots: id  0 | task 3016 | n_tokens = 10240, memory_seq_rm [10240, end)
slot update_slots: id  0 | task 3016 | prompt processing progress, n_tokens = 12288, batch.n_tokens = 2048, progress = 0.321541
slot update_slots: id  0 | task 3016 | n_tokens = 12288, memory_seq_rm [12288, end)
slot update_slots: id  0 | task 3016 | prompt processing progress, n_tokens = 14336, batch.n_tokens = 2048, progress = 0.375131
slot update_slots: id  0 | task 3016 | n_tokens = 14336, memory_seq_rm [14336, end)
slot update_slots: id  0 | task 3016 | prompt processing progress, n_tokens = 16384, batch.n_tokens = 2048, progress = 0.428721
slot update_slots: id  0 | task 3016 | n_tokens = 16384, memory_seq_rm [16384, end)
slot update_slots: id  0 | task 3016 | prompt processing progress, n_tokens = 18432, batch.n_tokens = 2048, progress = 0.482311
slot update_slots: id  0 | task 3016 | n_tokens = 18432, memory_seq_rm [18432, end)
slot update_slots: id  0 | task 3016 | prompt processing progress, n_tokens = 20480, batch.n_tokens = 2048, progress = 0.535901
slot update_slots: id  0 | task 3016 | n_tokens = 20480, memory_seq_rm [20480, end)
slot update_slots: id  0 | task 3016 | prompt processing progress, n_tokens = 22528, batch.n_tokens = 2048, progress = 0.589491
slot update_slots: id  0 | task 3016 | n_tokens = 22528, memory_seq_rm [22528, end)
slot update_slots: id  0 | task 3016 | prompt processing progress, n_tokens = 24576, batch.n_tokens = 2048, progress = 0.643081
slot update_slots: id  0 | task 3016 | n_tokens = 24576, memory_seq_rm [24576, end)
slot update_slots: id  0 | task 3016 | prompt processing progress, n_tokens = 26624, batch.n_tokens = 2048, progress = 0.696672
slot update_slots: id  0 | task 3016 | n_tokens = 26624, memory_seq_rm [26624, end)
slot update_slots: id  0 | task 3016 | prompt processing progress, n_tokens = 28672, batch.n_tokens = 2048, progress = 0.750262
slot update_slots: id  0 | task 3016 | n_tokens = 28672, memory_seq_rm [28672, end)
slot update_slots: id  0 | task 3016 | prompt processing progress, n_tokens = 30720, batch.n_tokens = 2048, progress = 0.803852
srv  params_from_: Chat format: Qwen3 Coder
srv  params_from_: Chat format: Qwen3 Coder
slot get_availabl: id  3 | task -1 | selected slot by LCP similarity, sim_best = 0.152 (> 0.100 thold), f_keep = 0.046
srv  get_availabl: updating prompt cache
srv   prompt_save:  - saving prompt with length 458, total state size = 86.116 MiB
srv          load:  - looking for better prompt, base f_keep = 0.046, sim = 0.152
srv        update:  - cache state: 17 prompts, 7929.945 MiB (limits: 8192.000 MiB, 262144 tokens, 262144 est)
srv        update:    - prompt 0x5d592f556f50:     396 tokens, checkpoints:  0,    84.662 MiB
srv        update:    - prompt 0x5d592d420cc0:   35837 tokens, checkpoints:  1,   991.092 MiB
srv        update:    - prompt 0x5d592f520910:   12700 tokens, checkpoints:  1,   448.554 MiB
srv        update:    - prompt 0x5d592f52eae0:   36958 tokens, checkpoints:  1,  1017.378 MiB
srv        update:    - prompt 0x5d592c981b90:    1023 tokens, checkpoints:  1,   174.740 MiB
srv        update:    - prompt 0x5d59311db1b0:    1052 tokens, checkpoints:  1,   175.420 MiB
srv        update:    - prompt 0x5d592b17c210:   37054 tokens, checkpoints:  1,  1019.629 MiB
srv        update:    - prompt 0x5d59313a2540:     816 tokens, checkpoints:  1,   169.886 MiB
srv        update:    - prompt 0x5d592d0d0900:     829 tokens, checkpoints:  1,   170.191 MiB
srv        update:    - prompt 0x5d5930c4c360:     813 tokens, checkpoints:  1,   169.816 MiB
srv        update:    - prompt 0x5d5930f58140:     853 tokens, checkpoints:  1,   170.754 MiB
srv        update:    - prompt 0x5d5930c4c2c0:   37159 tokens, checkpoints:  1,  1022.091 MiB
srv        update:    - prompt 0x5d5929e37990:   37246 tokens, checkpoints:  1,  1024.131 MiB
srv        update:    - prompt 0x5d5929e4f380:     352 tokens, checkpoints:  0,    83.630 MiB
srv        update:    - prompt 0x5d592f5595f0:   37609 tokens, checkpoints:  1,  1032.643 MiB
srv        update:    - prompt 0x5d592f50e240:     590 tokens, checkpoints:  0,    89.211 MiB
srv        update:    - prompt 0x5d592b18c750:     458 tokens, checkpoints:  0,    86.116 MiB
srv  get_availabl: prompt cache update took 23.95 ms
slot launch_slot_: id  3 | task -1 | sampler chain: logits -> ?penalties -> ?dry -> ?top-n-sigma -> top-k -> ?typical -> top-p -> min-p -> ?xtc -> ?temp-ext -> dist 
slot launch_slot_: id  3 | task 3032 | processing task, is_child = 0
slot get_availabl: id  2 | task -1 | selected slot by LRU, t_last = 7237613821
srv  get_availabl: updating prompt cache
srv   prompt_save:  - saving prompt with length 37698, total state size = 959.354 MiB
srv          load:  - looking for better prompt, base f_keep = 0.001, sim = 0.001
srv        update:  - cache size limit reached, removing oldest entry (size = 84.662 MiB)
srv        update:  - cache size limit reached, removing oldest entry (size = 991.092 MiB)
srv        update:  - cache state: 16 prompts, 7888.922 MiB (limits: 8192.000 MiB, 262144 tokens, 262144 est)
srv        update:    - prompt 0x5d592f520910:   12700 tokens, checkpoints:  1,   448.554 MiB
srv        update:    - prompt 0x5d592f52eae0:   36958 tokens, checkpoints:  1,  1017.378 MiB
srv        update:    - prompt 0x5d592c981b90:    1023 tokens, checkpoints:  1,   174.740 MiB
srv        update:    - prompt 0x5d59311db1b0:    1052 tokens, checkpoints:  1,   175.420 MiB
srv        update:    - prompt 0x5d592b17c210:   37054 tokens, checkpoints:  1,  1019.629 MiB
srv        update:    - prompt 0x5d59313a2540:     816 tokens, checkpoints:  1,   169.886 MiB
srv        update:    - prompt 0x5d592d0d0900:     829 tokens, checkpoints:  1,   170.191 MiB
srv        update:    - prompt 0x5d5930c4c360:     813 tokens, checkpoints:  1,   169.816 MiB
srv        update:    - prompt 0x5d5930f58140:     853 tokens, checkpoints:  1,   170.754 MiB
srv        update:    - prompt 0x5d5930c4c2c0:   37159 tokens, checkpoints:  1,  1022.091 MiB
srv        update:    - prompt 0x5d5929e37990:   37246 tokens, checkpoints:  1,  1024.131 MiB
srv        update:    - prompt 0x5d5929e4f380:     352 tokens, checkpoints:  0,    83.630 MiB
srv        update:    - prompt 0x5d592f5595f0:   37609 tokens, checkpoints:  1,  1032.643 MiB
srv        update:    - prompt 0x5d592f50e240:     590 tokens, checkpoints:  0,    89.211 MiB
srv        update:    - prompt 0x5d592b18c750:     458 tokens, checkpoints:  0,    86.116 MiB
srv        update:    - prompt 0x5d59311339d0:   37698 tokens, checkpoints:  1,  1034.730 MiB
srv  get_availabl: prompt cache update took 254.21 ms
slot launch_slot_: id  2 | task -1 | sampler chain: logits -> ?penalties -> ?dry -> ?top-n-sigma -> top-k -> ?typical -> top-p -> min-p -> ?xtc -> ?temp-ext -> dist 
slot launch_slot_: id  2 | task 3033 | processing task, is_child = 0
slot update_slots: id  0 | task 3016 | n_tokens = 30720, memory_seq_rm [30720, end)
slot update_slots: id  0 | task 3016 | prompt processing progress, n_tokens = 32768, batch.n_tokens = 2048, progress = 0.857442
slot update_slots: id  0 | task 3016 | n_tokens = 32768, memory_seq_rm [32768, end)
slot update_slots: id  0 | task 3016 | prompt processing progress, n_tokens = 34816, batch.n_tokens = 2048, progress = 0.911032
slot update_slots: id  0 | task 3016 | n_tokens = 34816, memory_seq_rm [34816, end)
slot update_slots: id  0 | task 3016 | prompt processing progress, n_tokens = 36864, batch.n_tokens = 2048, progress = 0.964622
slot update_slots: id  0 | task 3016 | n_tokens = 36864, memory_seq_rm [36864, end)
slot update_slots: id  0 | task 3016 | prompt processing progress, n_tokens = 37704, batch.n_tokens = 840, progress = 0.986602
slot update_slots: id  2 | task 3033 | new prompt, n_ctx_slot = 262144, n_keep = 0, task.n_tokens = 37967
slot update_slots: id  2 | task 3033 | n_past = 32, slot.prompt.tokens.size() = 37698, seq_id = 2, pos_min = 37697, n_swa = 1
slot update_slots: id  2 | task 3033 | forcing full prompt re-processing due to lack of cache data (likely due to SWA or hybrid/recurrent memory, see https://github.com/ggml-org/llama.cpp/pull/13194#issuecomment-2868343055)
slot update_slots: id  2 | task 3033 | erased invalidated context checkpoint (pos_min = 37116, pos_max = 37116, n_swa = 1, size = 75.376 MiB)
slot update_slots: id  2 | task 3033 | n_tokens = 0, memory_seq_rm [0, end)
slot update_slots: id  2 | task 3033 | prompt processing progress, n_tokens = 1208, batch.n_tokens = 2048, progress = 0.031817
slot update_slots: id  0 | task 3016 | n_tokens = 37704, memory_seq_rm [37704, end)
slot update_slots: id  0 | task 3016 | prompt processing progress, n_tokens = 38216, batch.n_tokens = 512, progress = 1.000000
slot update_slots: id  0 | task 3016 | prompt done, n_tokens = 38216, batch.n_tokens = 512
slot init_sampler: id  0 | task 3016 | init sampler, took 2.87 ms, tokens: text = 38216, total = 38216
slot update_slots: id  0 | task 3016 | created context checkpoint 1 of 8 (pos_min = 37703, pos_max = 37703, size = 75.376 MiB)
slot update_slots: id  2 | task 3033 | n_tokens = 1208, memory_seq_rm [1208, end)
slot update_slots: id  2 | task 3033 | prompt processing progress, n_tokens = 2744, batch.n_tokens = 2048, progress = 0.072273
slot update_slots: id  2 | task 3033 | n_tokens = 2744, memory_seq_rm [2744, end)
slot update_slots: id  2 | task 3033 | prompt processing progress, n_tokens = 4791, batch.n_tokens = 2048, progress = 0.126189
slot update_slots: id  2 | task 3033 | n_tokens = 4791, memory_seq_rm [4791, end)
slot update_slots: id  2 | task 3033 | prompt processing progress, n_tokens = 6838, batch.n_tokens = 2048, progress = 0.180104
slot update_slots: id  2 | task 3033 | n_tokens = 6838, memory_seq_rm [6838, end)
slot update_slots: id  2 | task 3033 | prompt processing progress, n_tokens = 8885, batch.n_tokens = 2048, progress = 0.234019
slot update_slots: id  2 | task 3033 | n_tokens = 8885, memory_seq_rm [8885, end)
slot update_slots: id  2 | task 3033 | prompt processing progress, n_tokens = 10932, batch.n_tokens = 2048, progress = 0.287934
slot update_slots: id  2 | task 3033 | n_tokens = 10932, memory_seq_rm [10932, end)
slot update_slots: id  2 | task 3033 | prompt processing progress, n_tokens = 12979, batch.n_tokens = 2048, progress = 0.341850
slot update_slots: id  2 | task 3033 | n_tokens = 12979, memory_seq_rm [12979, end)
slot update_slots: id  2 | task 3033 | prompt processing progress, n_tokens = 15026, batch.n_tokens = 2048, progress = 0.395765
slot print_timing: id  0 | task 3016 | 
prompt eval time =   18679.06 ms / 38216 tokens (    0.49 ms per token,  2045.93 tokens per second)
       eval time =    5742.96 ms /     7 tokens (  820.42 ms per token,     1.22 tokens per second)
      total time =   24422.02 ms / 38223 tokens
slot      release: id  0 | task 3016 | stop processing: n_tokens = 38222, truncated = 0
slot update_slots: id  2 | task 3033 | n_tokens = 15026, memory_seq_rm [15026, end)
srv  log_server_r: done request: POST /v1/messages 127.0.0.1 200
slot update_slots: id  2 | task 3033 | prompt processing progress, n_tokens = 17074, batch.n_tokens = 2048, progress = 0.449706
slot update_slots: id  2 | task 3033 | n_tokens = 17074, memory_seq_rm [17074, end)
slot update_slots: id  2 | task 3033 | prompt processing progress, n_tokens = 19122, batch.n_tokens = 2048, progress = 0.503648
slot update_slots: id  2 | task 3033 | n_tokens = 19122, memory_seq_rm [19122, end)
slot update_slots: id  2 | task 3033 | prompt processing progress, n_tokens = 21170, batch.n_tokens = 2048, progress = 0.557589
slot update_slots: id  2 | task 3033 | n_tokens = 21170, memory_seq_rm [21170, end)
slot update_slots: id  2 | task 3033 | prompt processing progress, n_tokens = 23218, batch.n_tokens = 2048, progress = 0.611531
slot update_slots: id  2 | task 3033 | n_tokens = 23218, memory_seq_rm [23218, end)
slot update_slots: id  2 | task 3033 | prompt processing progress, n_tokens = 25266, batch.n_tokens = 2048, progress = 0.665473
slot update_slots: id  2 | task 3033 | n_tokens = 25266, memory_seq_rm [25266, end)
slot update_slots: id  2 | task 3033 | prompt processing progress, n_tokens = 27314, batch.n_tokens = 2048, progress = 0.719414
slot update_slots: id  2 | task 3033 | n_tokens = 27314, memory_seq_rm [27314, end)
slot update_slots: id  2 | task 3033 | prompt processing progress, n_tokens = 29362, batch.n_tokens = 2048, progress = 0.773356
slot update_slots: id  2 | task 3033 | n_tokens = 29362, memory_seq_rm [29362, end)
slot update_slots: id  2 | task 3033 | prompt processing progress, n_tokens = 31410, batch.n_tokens = 2048, progress = 0.827297
slot update_slots: id  2 | task 3033 | n_tokens = 31410, memory_seq_rm [31410, end)
slot update_slots: id  2 | task 3033 | prompt processing progress, n_tokens = 33458, batch.n_tokens = 2048, progress = 0.881239
slot update_slots: id  2 | task 3033 | n_tokens = 33458, memory_seq_rm [33458, end)
slot update_slots: id  2 | task 3033 | prompt processing progress, n_tokens = 35506, batch.n_tokens = 2048, progress = 0.935181
slot update_slots: id  2 | task 3033 | n_tokens = 35506, memory_seq_rm [35506, end)
slot update_slots: id  2 | task 3033 | prompt processing progress, n_tokens = 37455, batch.n_tokens = 1949, progress = 0.986515
slot update_slots: id  3 | task 3032 | new prompt, n_ctx_slot = 262144, n_keep = 0, task.n_tokens = 138
slot update_slots: id  3 | task 3032 | n_past = 21, slot.prompt.tokens.size() = 458, seq_id = 3, pos_min = 457, n_swa = 1
slot update_slots: id  3 | task 3032 | forcing full prompt re-processing due to lack of cache data (likely due to SWA or hybrid/recurrent memory, see https://github.com/ggml-org/llama.cpp/pull/13194#issuecomment-2868343055)
slot update_slots: id  3 | task 3032 | n_tokens = 0, memory_seq_rm [0, end)
slot update_slots: id  3 | task 3032 | prompt processing progress, n_tokens = 99, batch.n_tokens = 2048, progress = 0.717391
slot update_slots: id  2 | task 3033 | n_tokens = 37455, memory_seq_rm [37455, end)
slot update_slots: id  2 | task 3033 | prompt processing progress, n_tokens = 37967, batch.n_tokens = 512, progress = 1.000000
slot update_slots: id  2 | task 3033 | prompt done, n_tokens = 37967, batch.n_tokens = 512
slot init_sampler: id  2 | task 3033 | init sampler, took 2.84 ms, tokens: text = 37967, total = 37967
slot update_slots: id  2 | task 3033 | created context checkpoint 1 of 8 (pos_min = 37454, pos_max = 37454, size = 75.376 MiB)
slot update_slots: id  3 | task 3032 | n_tokens = 99, memory_seq_rm [99, end)
slot update_slots: id  3 | task 3032 | prompt processing progress, n_tokens = 138, batch.n_tokens = 551, progress = 1.000000
slot update_slots: id  3 | task 3032 | prompt done, n_tokens = 138, batch.n_tokens = 551
slot init_sampler: id  3 | task 3032 | init sampler, took 0.01 ms, tokens: text = 138, total = 138
slot update_slots: id  3 | task 3032 | created context checkpoint 1 of 8 (pos_min = 98, pos_max = 98, size = 75.376 MiB)
slot print_timing: id  3 | task 3032 | 
prompt eval time =    1411.68 ms /   138 tokens (   10.23 ms per token,    97.76 tokens per second)
       eval time =     361.13 ms /    21 tokens (   17.20 ms per token,    58.15 tokens per second)
      total time =    1772.81 ms /   159 tokens
slot      release: id  3 | task 3032 | stop processing: n_tokens = 158, truncated = 0
srv  log_server_r: done request: POST /v1/messages 127.0.0.1 200
slot print_timing: id  2 | task 3033 | 
prompt eval time =   18506.94 ms / 37967 tokens (    0.49 ms per token,  2051.50 tokens per second)
       eval time =     761.91 ms /    50 tokens (   15.24 ms per token,    65.62 tokens per second)
      total time =   19268.85 ms / 38017 tokens
slot      release: id  2 | task 3033 | stop processing: n_tokens = 38016, truncated = 0
srv  update_slots: all slots are idle
srv  log_server_r: done request: POST /v1/messages 127.0.0.1 200
srv  params_from_: Chat format: Qwen3 Coder
slot get_availabl: id  1 | task -1 | selected slot by LRU, t_last = 7256366025
srv  get_availabl: updating prompt cache
srv   prompt_save:  - saving prompt with length 37941, total state size = 965.053 MiB
srv  params_from_: Chat format: Qwen3 Coder
srv          load:  - looking for better prompt, base f_keep = 0.001, sim = 0.025
srv        update:  - cache size limit reached, removing oldest entry (size = 448.554 MiB)
srv        update:  - cache size limit reached, removing oldest entry (size = 1017.378 MiB)
srv        update:  - cache state: 15 prompts, 7463.419 MiB (limits: 8192.000 MiB, 262144 tokens, 262144 est)
srv        update:    - prompt 0x5d592c981b90:    1023 tokens, checkpoints:  1,   174.740 MiB
srv        update:    - prompt 0x5d59311db1b0:    1052 tokens, checkpoints:  1,   175.420 MiB
srv        update:    - prompt 0x5d592b17c210:   37054 tokens, checkpoints:  1,  1019.629 MiB
srv        update:    - prompt 0x5d59313a2540:     816 tokens, checkpoints:  1,   169.886 MiB
srv        update:    - prompt 0x5d592d0d0900:     829 tokens, checkpoints:  1,   170.191 MiB
srv        update:    - prompt 0x5d5930c4c360:     813 tokens, checkpoints:  1,   169.816 MiB
srv        update:    - prompt 0x5d5930f58140:     853 tokens, checkpoints:  1,   170.754 MiB
srv        update:    - prompt 0x5d5930c4c2c0:   37159 tokens, checkpoints:  1,  1022.091 MiB
srv        update:    - prompt 0x5d5929e37990:   37246 tokens, checkpoints:  1,  1024.131 MiB
srv        update:    - prompt 0x5d5929e4f380:     352 tokens, checkpoints:  0,    83.630 MiB
srv        update:    - prompt 0x5d592f5595f0:   37609 tokens, checkpoints:  1,  1032.643 MiB
srv        update:    - prompt 0x5d592f50e240:     590 tokens, checkpoints:  0,    89.211 MiB
srv        update:    - prompt 0x5d592b18c750:     458 tokens, checkpoints:  0,    86.116 MiB
srv        update:    - prompt 0x5d59311339d0:   37698 tokens, checkpoints:  1,  1034.730 MiB
srv        update:    - prompt 0x5d592aae79a0:   37941 tokens, checkpoints:  1,  1040.428 MiB
srv  get_availabl: prompt cache update took 255.27 ms
slot launch_slot_: id  1 | task -1 | sampler chain: logits -> ?penalties -> ?dry -> ?top-n-sigma -> top-k -> ?typical -> top-p -> min-p -> ?xtc -> ?temp-ext -> dist 
slot launch_slot_: id  1 | task 3106 | processing task, is_child = 0
slot get_availabl: id  0 | task -1 | selected slot by LRU, t_last = 7280906297
srv  get_availabl: updating prompt cache
srv   prompt_save:  - saving prompt with length 38222, total state size = 971.642 MiB
srv          load:  - looking for better prompt, base f_keep = 0.001, sim = 0.001
srv        update:  - cache size limit reached, removing oldest entry (size = 174.740 MiB)
srv        update:  - cache size limit reached, removing oldest entry (size = 175.420 MiB)
srv        update:  - cache state: 14 prompts, 8160.276 MiB (limits: 8192.000 MiB, 262144 tokens, 268680 est)
srv        update:    - prompt 0x5d592b17c210:   37054 tokens, checkpoints:  1,  1019.629 MiB
srv        update:    - prompt 0x5d59313a2540:     816 tokens, checkpoints:  1,   169.886 MiB
srv        update:    - prompt 0x5d592d0d0900:     829 tokens, checkpoints:  1,   170.191 MiB
srv        update:    - prompt 0x5d5930c4c360:     813 tokens, checkpoints:  1,   169.816 MiB
srv        update:    - prompt 0x5d5930f58140:     853 tokens, checkpoints:  1,   170.754 MiB
srv        update:    - prompt 0x5d5930c4c2c0:   37159 tokens, checkpoints:  1,  1022.091 MiB
srv        update:    - prompt 0x5d5929e37990:   37246 tokens, checkpoints:  1,  1024.131 MiB
srv        update:    - prompt 0x5d5929e4f380:     352 tokens, checkpoints:  0,    83.630 MiB
srv        update:    - prompt 0x5d592f5595f0:   37609 tokens, checkpoints:  1,  1032.643 MiB
srv        update:    - prompt 0x5d592f50e240:     590 tokens, checkpoints:  0,    89.211 MiB
srv        update:    - prompt 0x5d592b18c750:     458 tokens, checkpoints:  0,    86.116 MiB
srv        update:    - prompt 0x5d59311339d0:   37698 tokens, checkpoints:  1,  1034.730 MiB
srv        update:    - prompt 0x5d592aae79a0:   37941 tokens, checkpoints:  1,  1040.428 MiB
srv        update:    - prompt 0x5d592f520910:   38222 tokens, checkpoints:  1,  1047.018 MiB
srv  get_availabl: prompt cache update took 234.23 ms
slot launch_slot_: id  0 | task -1 | sampler chain: logits -> ?penalties -> ?dry -> ?top-n-sigma -> top-k -> ?typical -> top-p -> min-p -> ?xtc -> ?temp-ext -> dist 
slot launch_slot_: id  0 | task 3107 | processing task, is_child = 0
slot update_slots: id  0 | task 3107 | new prompt, n_ctx_slot = 262144, n_keep = 0, task.n_tokens = 38503
slot update_slots: id  0 | task 3107 | n_past = 33, slot.prompt.tokens.size() = 38222, seq_id = 0, pos_min = 38221, n_swa = 1
slot update_slots: id  0 | task 3107 | forcing full prompt re-processing due to lack of cache data (likely due to SWA or hybrid/recurrent memory, see https://github.com/ggml-org/llama.cpp/pull/13194#issuecomment-2868343055)
slot update_slots: id  0 | task 3107 | erased invalidated context checkpoint (pos_min = 37703, pos_max = 37703, n_swa = 1, size = 75.376 MiB)
slot update_slots: id  0 | task 3107 | n_tokens = 0, memory_seq_rm [0, end)
slot update_slots: id  0 | task 3107 | prompt processing progress, n_tokens = 2048, batch.n_tokens = 2048, progress = 0.053191
slot update_slots: id  0 | task 3107 | n_tokens = 2048, memory_seq_rm [2048, end)
slot update_slots: id  0 | task 3107 | prompt processing progress, n_tokens = 4096, batch.n_tokens = 2048, progress = 0.106381
slot update_slots: id  0 | task 3107 | n_tokens = 4096, memory_seq_rm [4096, end)
slot update_slots: id  0 | task 3107 | prompt processing progress, n_tokens = 6144, batch.n_tokens = 2048, progress = 0.159572
slot update_slots: id  0 | task 3107 | n_tokens = 6144, memory_seq_rm [6144, end)
slot update_slots: id  0 | task 3107 | prompt processing progress, n_tokens = 8192, batch.n_tokens = 2048, progress = 0.212763
slot update_slots: id  0 | task 3107 | n_tokens = 8192, memory_seq_rm [8192, end)
slot update_slots: id  0 | task 3107 | prompt processing progress, n_tokens = 10240, batch.n_tokens = 2048, progress = 0.265953
slot update_slots: id  0 | task 3107 | n_tokens = 10240, memory_seq_rm [10240, end)
slot update_slots: id  0 | task 3107 | prompt processing progress, n_tokens = 12288, batch.n_tokens = 2048, progress = 0.319144
slot update_slots: id  0 | task 3107 | n_tokens = 12288, memory_seq_rm [12288, end)
slot update_slots: id  0 | task 3107 | prompt processing progress, n_tokens = 14336, batch.n_tokens = 2048, progress = 0.372335
slot update_slots: id  0 | task 3107 | n_tokens = 14336, memory_seq_rm [14336, end)
slot update_slots: id  0 | task 3107 | prompt processing progress, n_tokens = 16384, batch.n_tokens = 2048, progress = 0.425525
slot update_slots: id  0 | task 3107 | n_tokens = 16384, memory_seq_rm [16384, end)
slot update_slots: id  0 | task 3107 | prompt processing progress, n_tokens = 18432, batch.n_tokens = 2048, progress = 0.478716
slot update_slots: id  0 | task 3107 | n_tokens = 18432, memory_seq_rm [18432, end)
slot update_slots: id  0 | task 3107 | prompt processing progress, n_tokens = 20480, batch.n_tokens = 2048, progress = 0.531907
slot update_slots: id  0 | task 3107 | n_tokens = 20480, memory_seq_rm [20480, end)
slot update_slots: id  0 | task 3107 | prompt processing progress, n_tokens = 22528, batch.n_tokens = 2048, progress = 0.585097
slot update_slots: id  0 | task 3107 | n_tokens = 22528, memory_seq_rm [22528, end)
slot update_slots: id  0 | task 3107 | prompt processing progress, n_tokens = 24576, batch.n_tokens = 2048, progress = 0.638288
slot update_slots: id  0 | task 3107 | n_tokens = 24576, memory_seq_rm [24576, end)
slot update_slots: id  0 | task 3107 | prompt processing progress, n_tokens = 26624, batch.n_tokens = 2048, progress = 0.691479
slot update_slots: id  0 | task 3107 | n_tokens = 26624, memory_seq_rm [26624, end)
slot update_slots: id  0 | task 3107 | prompt processing progress, n_tokens = 28672, batch.n_tokens = 2048, progress = 0.744669
slot update_slots: id  0 | task 3107 | n_tokens = 28672, memory_seq_rm [28672, end)
slot update_slots: id  0 | task 3107 | prompt processing progress, n_tokens = 30720, batch.n_tokens = 2048, progress = 0.797860
slot update_slots: id  0 | task 3107 | n_tokens = 30720, memory_seq_rm [30720, end)
slot update_slots: id  0 | task 3107 | prompt processing progress, n_tokens = 32768, batch.n_tokens = 2048, progress = 0.851051
slot update_slots: id  0 | task 3107 | n_tokens = 32768, memory_seq_rm [32768, end)
slot update_slots: id  0 | task 3107 | prompt processing progress, n_tokens = 34816, batch.n_tokens = 2048, progress = 0.904241
slot update_slots: id  0 | task 3107 | n_tokens = 34816, memory_seq_rm [34816, end)
slot update_slots: id  0 | task 3107 | prompt processing progress, n_tokens = 36864, batch.n_tokens = 2048, progress = 0.957432
slot update_slots: id  0 | task 3107 | n_tokens = 36864, memory_seq_rm [36864, end)
slot update_slots: id  0 | task 3107 | prompt processing progress, n_tokens = 37991, batch.n_tokens = 1127, progress = 0.986702
slot update_slots: id  1 | task 3106 | new prompt, n_ctx_slot = 262144, n_keep = 0, task.n_tokens = 804
slot update_slots: id  1 | task 3106 | n_past = 20, slot.prompt.tokens.size() = 37941, seq_id = 1, pos_min = 37940, n_swa = 1
slot update_slots: id  1 | task 3106 | forcing full prompt re-processing due to lack of cache data (likely due to SWA or hybrid/recurrent memory, see https://github.com/ggml-org/llama.cpp/pull/13194#issuecomment-2868343055)
slot update_slots: id  1 | task 3106 | erased invalidated context checkpoint (pos_min = 37285, pos_max = 37285, n_swa = 1, size = 75.376 MiB)
slot update_slots: id  1 | task 3106 | n_tokens = 0, memory_seq_rm [0, end)
slot update_slots: id  1 | task 3106 | prompt processing progress, n_tokens = 292, batch.n_tokens = 1419, progress = 0.363184
slot update_slots: id  0 | task 3107 | n_tokens = 37991, memory_seq_rm [37991, end)
slot update_slots: id  0 | task 3107 | prompt processing progress, n_tokens = 38503, batch.n_tokens = 512, progress = 1.000000
slot update_slots: id  0 | task 3107 | prompt done, n_tokens = 38503, batch.n_tokens = 512
slot init_sampler: id  0 | task 3107 | init sampler, took 2.89 ms, tokens: text = 38503, total = 38503
slot update_slots: id  0 | task 3107 | created context checkpoint 1 of 8 (pos_min = 37990, pos_max = 37990, size = 75.376 MiB)
slot update_slots: id  1 | task 3106 | n_tokens = 292, memory_seq_rm [292, end)
slot update_slots: id  1 | task 3106 | prompt processing progress, n_tokens = 804, batch.n_tokens = 1024, progress = 1.000000
slot update_slots: id  1 | task 3106 | prompt done, n_tokens = 804, batch.n_tokens = 1024
slot init_sampler: id  1 | task 3106 | init sampler, took 0.06 ms, tokens: text = 804, total = 804
slot update_slots: id  1 | task 3106 | created context checkpoint 1 of 8 (pos_min = 291, pos_max = 291, size = 75.376 MiB)
slot print_timing: id  1 | task 3106 | 
prompt eval time =    1262.25 ms /   804 tokens (    1.57 ms per token,   636.96 tokens per second)
       eval time =     398.43 ms /    23 tokens (   17.32 ms per token,    57.73 tokens per second)
      total time =    1660.69 ms /   827 tokens
slot      release: id  1 | task 3106 | stop processing: n_tokens = 826, truncated = 0
srv  log_server_r: done request: POST /v1/messages 127.0.0.1 200
slot print_timing: id  0 | task 3107 | 
prompt eval time =   18218.42 ms / 38503 tokens (    0.47 ms per token,  2113.41 tokens per second)
       eval time =    2604.30 ms /   182 tokens (   14.31 ms per token,    69.88 tokens per second)
      total time =   20822.72 ms / 38685 tokens
slot      release: id  0 | task 3107 | stop processing: n_tokens = 38684, truncated = 0
srv  update_slots: all slots are idle
srv  log_server_r: done request: POST /v1/messages 127.0.0.1 200
srv  params_from_: Chat format: Qwen3 Coder
slot get_availabl: id  3 | task -1 | selected slot by LRU, t_last = 7292043067
srv  get_availabl: updating prompt cache
srv   prompt_save:  - saving prompt with length 158, total state size = 79.081 MiB
srv          load:  - looking for better prompt, base f_keep = 0.127, sim = 0.060
srv        update:  - cache size limit reached, removing oldest entry (size = 1019.629 MiB)
srv        update:  - cache state: 14 prompts, 7295.103 MiB (limits: 8192.000 MiB, 262144 tokens, 262144 est)
srv        update:    - prompt 0x5d59313a2540:     816 tokens, checkpoints:  1,   169.886 MiB
srv        update:    - prompt 0x5d592d0d0900:     829 tokens, checkpoints:  1,   170.191 MiB
srv        update:    - prompt 0x5d5930c4c360:     813 tokens, checkpoints:  1,   169.816 MiB
srv        update:    - prompt 0x5d5930f58140:     853 tokens, checkpoints:  1,   170.754 MiB
srv        update:    - prompt 0x5d5930c4c2c0:   37159 tokens, checkpoints:  1,  1022.091 MiB
srv        update:    - prompt 0x5d5929e37990:   37246 tokens, checkpoints:  1,  1024.131 MiB
srv        update:    - prompt 0x5d5929e4f380:     352 tokens, checkpoints:  0,    83.630 MiB
srv        update:    - prompt 0x5d592f5595f0:   37609 tokens, checkpoints:  1,  1032.643 MiB
srv        update:    - prompt 0x5d592f50e240:     590 tokens, checkpoints:  0,    89.211 MiB
srv        update:    - prompt 0x5d592b18c750:     458 tokens, checkpoints:  0,    86.116 MiB
srv        update:    - prompt 0x5d59311339d0:   37698 tokens, checkpoints:  1,  1034.730 MiB
srv        update:    - prompt 0x5d592aae79a0:   37941 tokens, checkpoints:  1,  1040.428 MiB
srv        update:    - prompt 0x5d592f520910:   38222 tokens, checkpoints:  1,  1047.018 MiB
srv        update:    - prompt 0x5d59311db1b0:     158 tokens, checkpoints:  1,   154.457 MiB
srv  get_availabl: prompt cache update took 55.77 ms
slot launch_slot_: id  3 | task -1 | sampler chain: logits -> ?penalties -> ?dry -> ?top-n-sigma -> top-k -> ?typical -> top-p -> min-p -> ?xtc -> ?temp-ext -> dist 
slot launch_slot_: id  3 | task 3309 | processing task, is_child = 0
slot update_slots: id  3 | task 3309 | new prompt, n_ctx_slot = 262144, n_keep = 0, task.n_tokens = 331
slot update_slots: id  3 | task 3309 | n_past = 20, slot.prompt.tokens.size() = 158, seq_id = 3, pos_min = 157, n_swa = 1
slot update_slots: id  3 | task 3309 | forcing full prompt re-processing due to lack of cache data (likely due to SWA or hybrid/recurrent memory, see https://github.com/ggml-org/llama.cpp/pull/13194#issuecomment-2868343055)
slot update_slots: id  3 | task 3309 | erased invalidated context checkpoint (pos_min = 98, pos_max = 98, n_swa = 1, size = 75.376 MiB)
slot update_slots: id  3 | task 3309 | n_tokens = 0, memory_seq_rm [0, end)
slot update_slots: id  3 | task 3309 | prompt processing progress, n_tokens = 331, batch.n_tokens = 331, progress = 1.000000
slot update_slots: id  3 | task 3309 | prompt done, n_tokens = 331, batch.n_tokens = 331
slot init_sampler: id  3 | task 3309 | init sampler, took 0.03 ms, tokens: text = 331, total = 331
srv  params_from_: Chat format: Qwen3 Coder
slot get_availabl: id  2 | task -1 | selected slot by LRU, t_last = 7292444384
srv  get_availabl: updating prompt cache
srv   prompt_save:  - saving prompt with length 38016, total state size = 966.811 MiB
srv          load:  - looking for better prompt, base f_keep = 0.001, sim = 0.001
srv        update:  - cache size limit reached, removing oldest entry (size = 169.886 MiB)
srv        update:  - cache state: 14 prompts, 8167.404 MiB (limits: 8192.000 MiB, 262144 tokens, 268750 est)
srv        update:    - prompt 0x5d592d0d0900:     829 tokens, checkpoints:  1,   170.191 MiB
srv        update:    - prompt 0x5d5930c4c360:     813 tokens, checkpoints:  1,   169.816 MiB
srv        update:    - prompt 0x5d5930f58140:     853 tokens, checkpoints:  1,   170.754 MiB
srv        update:    - prompt 0x5d5930c4c2c0:   37159 tokens, checkpoints:  1,  1022.091 MiB
srv        update:    - prompt 0x5d5929e37990:   37246 tokens, checkpoints:  1,  1024.131 MiB
srv        update:    - prompt 0x5d5929e4f380:     352 tokens, checkpoints:  0,    83.630 MiB
srv        update:    - prompt 0x5d592f5595f0:   37609 tokens, checkpoints:  1,  1032.643 MiB
srv        update:    - prompt 0x5d592f50e240:     590 tokens, checkpoints:  0,    89.211 MiB
srv        update:    - prompt 0x5d592b18c750:     458 tokens, checkpoints:  0,    86.116 MiB
srv        update:    - prompt 0x5d59311339d0:   37698 tokens, checkpoints:  1,  1034.730 MiB
srv        update:    - prompt 0x5d592aae79a0:   37941 tokens, checkpoints:  1,  1040.428 MiB
srv        update:    - prompt 0x5d592f520910:   38222 tokens, checkpoints:  1,  1047.018 MiB
srv        update:    - prompt 0x5d59311db1b0:     158 tokens, checkpoints:  1,   154.457 MiB
srv        update:    - prompt 0x5d592b17c210:   38016 tokens, checkpoints:  1,  1042.187 MiB
srv  get_availabl: prompt cache update took 250.35 ms
slot launch_slot_: id  2 | task -1 | sampler chain: logits -> ?penalties -> ?dry -> ?top-n-sigma -> top-k -> ?typical -> top-p -> min-p -> ?xtc -> ?temp-ext -> dist 
slot launch_slot_: id  2 | task 3311 | processing task, is_child = 0
slot update_slots: id  2 | task 3311 | new prompt, n_ctx_slot = 262144, n_keep = 0, task.n_tokens = 38697
slot update_slots: id  2 | task 3311 | n_past = 32, slot.prompt.tokens.size() = 38016, seq_id = 2, pos_min = 38015, n_swa = 1
slot update_slots: id  2 | task 3311 | forcing full prompt re-processing due to lack of cache data (likely due to SWA or hybrid/recurrent memory, see https://github.com/ggml-org/llama.cpp/pull/13194#issuecomment-2868343055)
slot update_slots: id  2 | task 3311 | erased invalidated context checkpoint (pos_min = 37454, pos_max = 37454, n_swa = 1, size = 75.376 MiB)
slot update_slots: id  2 | task 3311 | n_tokens = 0, memory_seq_rm [0, end)
slot update_slots: id  2 | task 3311 | prompt processing progress, n_tokens = 2047, batch.n_tokens = 2048, progress = 0.052898
slot update_slots: id  2 | task 3311 | n_tokens = 2047, memory_seq_rm [2047, end)
slot update_slots: id  2 | task 3311 | prompt processing progress, n_tokens = 4094, batch.n_tokens = 2048, progress = 0.105796
slot update_slots: id  2 | task 3311 | n_tokens = 4094, memory_seq_rm [4094, end)
slot update_slots: id  2 | task 3311 | prompt processing progress, n_tokens = 6141, batch.n_tokens = 2048, progress = 0.158694
slot update_slots: id  2 | task 3311 | n_tokens = 6141, memory_seq_rm [6141, end)
slot update_slots: id  2 | task 3311 | prompt processing progress, n_tokens = 8188, batch.n_tokens = 2048, progress = 0.211593
slot update_slots: id  2 | task 3311 | n_tokens = 8188, memory_seq_rm [8188, end)
slot update_slots: id  2 | task 3311 | prompt processing progress, n_tokens = 10235, batch.n_tokens = 2048, progress = 0.264491
slot update_slots: id  2 | task 3311 | n_tokens = 10235, memory_seq_rm [10235, end)
slot update_slots: id  2 | task 3311 | prompt processing progress, n_tokens = 12282, batch.n_tokens = 2048, progress = 0.317389
slot update_slots: id  2 | task 3311 | n_tokens = 12282, memory_seq_rm [12282, end)
slot update_slots: id  2 | task 3311 | prompt processing progress, n_tokens = 14329, batch.n_tokens = 2048, progress = 0.370287
slot update_slots: id  2 | task 3311 | n_tokens = 14329, memory_seq_rm [14329, end)
slot update_slots: id  2 | task 3311 | prompt processing progress, n_tokens = 16376, batch.n_tokens = 2048, progress = 0.423185
slot update_slots: id  2 | task 3311 | n_tokens = 16376, memory_seq_rm [16376, end)
slot update_slots: id  2 | task 3311 | prompt processing progress, n_tokens = 18423, batch.n_tokens = 2048, progress = 0.476083
slot update_slots: id  2 | task 3311 | n_tokens = 18423, memory_seq_rm [18423, end)
slot update_slots: id  2 | task 3311 | prompt processing progress, n_tokens = 20470, batch.n_tokens = 2048, progress = 0.528982
slot update_slots: id  2 | task 3311 | n_tokens = 20470, memory_seq_rm [20470, end)
slot update_slots: id  2 | task 3311 | prompt processing progress, n_tokens = 22517, batch.n_tokens = 2048, progress = 0.581880
slot update_slots: id  2 | task 3311 | n_tokens = 22517, memory_seq_rm [22517, end)
slot update_slots: id  2 | task 3311 | prompt processing progress, n_tokens = 24564, batch.n_tokens = 2048, progress = 0.634778
slot update_slots: id  2 | task 3311 | n_tokens = 24564, memory_seq_rm [24564, end)
slot update_slots: id  2 | task 3311 | prompt processing progress, n_tokens = 26611, batch.n_tokens = 2048, progress = 0.687676
slot update_slots: id  2 | task 3311 | n_tokens = 26611, memory_seq_rm [26611, end)
slot update_slots: id  2 | task 3311 | prompt processing progress, n_tokens = 28658, batch.n_tokens = 2048, progress = 0.740574
slot update_slots: id  2 | task 3311 | n_tokens = 28658, memory_seq_rm [28658, end)
slot update_slots: id  2 | task 3311 | prompt processing progress, n_tokens = 30705, batch.n_tokens = 2048, progress = 0.793472
slot update_slots: id  2 | task 3311 | n_tokens = 30705, memory_seq_rm [30705, end)
slot update_slots: id  2 | task 3311 | prompt processing progress, n_tokens = 32752, batch.n_tokens = 2048, progress = 0.846371
slot update_slots: id  2 | task 3311 | n_tokens = 32752, memory_seq_rm [32752, end)
slot update_slots: id  2 | task 3311 | prompt processing progress, n_tokens = 34799, batch.n_tokens = 2048, progress = 0.899269
slot update_slots: id  2 | task 3311 | n_tokens = 34799, memory_seq_rm [34799, end)
slot update_slots: id  2 | task 3311 | prompt processing progress, n_tokens = 36846, batch.n_tokens = 2048, progress = 0.952167
slot update_slots: id  2 | task 3311 | n_tokens = 36846, memory_seq_rm [36846, end)
slot update_slots: id  2 | task 3311 | prompt processing progress, n_tokens = 38185, batch.n_tokens = 1340, progress = 0.986769
slot update_slots: id  2 | task 3311 | n_tokens = 38185, memory_seq_rm [38185, end)
slot update_slots: id  2 | task 3311 | prompt processing progress, n_tokens = 38697, batch.n_tokens = 513, progress = 1.000000
slot update_slots: id  2 | task 3311 | prompt done, n_tokens = 38697, batch.n_tokens = 513
slot init_sampler: id  2 | task 3311 | init sampler, took 2.92 ms, tokens: text = 38697, total = 38697
slot update_slots: id  2 | task 3311 | created context checkpoint 1 of 8 (pos_min = 38184, pos_max = 38184, size = 75.376 MiB)
slot print_timing: id  3 | task 3309 | 
prompt eval time =     195.44 ms /   331 tokens (    0.59 ms per token,  1693.58 tokens per second)
       eval time =   18491.30 ms /    23 tokens (  803.97 ms per token,     1.24 tokens per second)
      total time =   18686.75 ms /   354 tokens
slot      release: id  3 | task 3309 | stop processing: n_tokens = 353, truncated = 0
srv  log_server_r: done request: POST /v1/messages 127.0.0.1 200
slot print_timing: id  2 | task 3311 | 
prompt eval time =   18202.47 ms / 38697 tokens (    0.47 ms per token,  2125.92 tokens per second)
       eval time =    1987.26 ms /   144 tokens (   13.80 ms per token,    72.46 tokens per second)
      total time =   20189.73 ms / 38841 tokens
slot      release: id  2 | task 3311 | stop processing: n_tokens = 38840, truncated = 0
srv  update_slots: all slots are idle
srv  log_server_r: done request: POST /v1/messages 127.0.0.1 200
srv  params_from_: Chat format: Qwen3 Coder
slot get_availabl: id  1 | task -1 | selected slot by LRU, t_last = 7311574177
srv  get_availabl: updating prompt cache
srv   prompt_save:  - saving prompt with length 826, total state size = 94.745 MiB
srv          load:  - looking for better prompt, base f_keep = 0.024, sim = 0.047
srv        update:  - cache size limit reached, removing oldest entry (size = 170.191 MiB)
srv        update:  - cache state: 14 prompts, 8167.334 MiB (limits: 8192.000 MiB, 262144 tokens, 268750 est)
srv        update:    - prompt 0x5d5930c4c360:     813 tokens, checkpoints:  1,   169.816 MiB
srv        update:    - prompt 0x5d5930f58140:     853 tokens, checkpoints:  1,   170.754 MiB
srv        update:    - prompt 0x5d5930c4c2c0:   37159 tokens, checkpoints:  1,  1022.091 MiB
srv        update:    - prompt 0x5d5929e37990:   37246 tokens, checkpoints:  1,  1024.131 MiB
srv        update:    - prompt 0x5d5929e4f380:     352 tokens, checkpoints:  0,    83.630 MiB
srv        update:    - prompt 0x5d592f5595f0:   37609 tokens, checkpoints:  1,  1032.643 MiB
srv        update:    - prompt 0x5d592f50e240:     590 tokens, checkpoints:  0,    89.211 MiB
srv        update:    - prompt 0x5d592b18c750:     458 tokens, checkpoints:  0,    86.116 MiB
srv        update:    - prompt 0x5d59311339d0:   37698 tokens, checkpoints:  1,  1034.730 MiB
srv        update:    - prompt 0x5d592aae79a0:   37941 tokens, checkpoints:  1,  1040.428 MiB
srv        update:    - prompt 0x5d592f520910:   38222 tokens, checkpoints:  1,  1047.018 MiB
srv        update:    - prompt 0x5d59311db1b0:     158 tokens, checkpoints:  1,   154.457 MiB
srv        update:    - prompt 0x5d592b17c210:   38016 tokens, checkpoints:  1,  1042.187 MiB
srv        update:    - prompt 0x5d592f7f5a40:     826 tokens, checkpoints:  1,   170.121 MiB
srv  get_availabl: prompt cache update took 47.30 ms
slot launch_slot_: id  1 | task -1 | sampler chain: logits -> ?penalties -> ?dry -> ?top-n-sigma -> top-k -> ?typical -> top-p -> min-p -> ?xtc -> ?temp-ext -> dist 
slot launch_slot_: id  1 | task 3475 | processing task, is_child = 0
slot update_slots: id  1 | task 3475 | new prompt, n_ctx_slot = 262144, n_keep = 0, task.n_tokens = 424
slot update_slots: id  1 | task 3475 | n_past = 20, slot.prompt.tokens.size() = 826, seq_id = 1, pos_min = 825, n_swa = 1
slot update_slots: id  1 | task 3475 | forcing full prompt re-processing due to lack of cache data (likely due to SWA or hybrid/recurrent memory, see https://github.com/ggml-org/llama.cpp/pull/13194#issuecomment-2868343055)
slot update_slots: id  1 | task 3475 | erased invalidated context checkpoint (pos_min = 291, pos_max = 291, n_swa = 1, size = 75.376 MiB)
slot update_slots: id  1 | task 3475 | n_tokens = 0, memory_seq_rm [0, end)
slot update_slots: id  1 | task 3475 | prompt processing progress, n_tokens = 424, batch.n_tokens = 424, progress = 1.000000
slot update_slots: id  1 | task 3475 | prompt done, n_tokens = 424, batch.n_tokens = 424
slot init_sampler: id  1 | task 3475 | init sampler, took 0.03 ms, tokens: text = 424, total = 424
srv  params_from_: Chat format: Qwen3 Coder
slot get_availabl: id  0 | task -1 | selected slot by LRU, t_last = 7313780577
srv  get_availabl: updating prompt cache
srv   prompt_save:  - saving prompt with length 38684, total state size = 982.475 MiB
srv          load:  - looking for better prompt, base f_keep = 0.001, sim = 0.001
srv        update:  - cache size limit reached, removing oldest entry (size = 169.816 MiB)
srv        update:  - cache size limit reached, removing oldest entry (size = 170.754 MiB)
srv        update:  - cache size limit reached, removing oldest entry (size = 1022.091 MiB)
srv        update:  - cache state: 12 prompts, 7862.523 MiB (limits: 8192.000 MiB, 262144 tokens, 279022 est)
srv        update:    - prompt 0x5d5929e37990:   37246 tokens, checkpoints:  1,  1024.131 MiB
srv        update:    - prompt 0x5d5929e4f380:     352 tokens, checkpoints:  0,    83.630 MiB
srv        update:    - prompt 0x5d592f5595f0:   37609 tokens, checkpoints:  1,  1032.643 MiB
srv        update:    - prompt 0x5d592f50e240:     590 tokens, checkpoints:  0,    89.211 MiB
srv        update:    - prompt 0x5d592b18c750:     458 tokens, checkpoints:  0,    86.116 MiB
srv        update:    - prompt 0x5d59311339d0:   37698 tokens, checkpoints:  1,  1034.730 MiB
srv        update:    - prompt 0x5d592aae79a0:   37941 tokens, checkpoints:  1,  1040.428 MiB
srv        update:    - prompt 0x5d592f520910:   38222 tokens, checkpoints:  1,  1047.018 MiB
srv        update:    - prompt 0x5d59311db1b0:     158 tokens, checkpoints:  1,   154.457 MiB
srv        update:    - prompt 0x5d592b17c210:   38016 tokens, checkpoints:  1,  1042.187 MiB
srv        update:    - prompt 0x5d592f7f5a40:     826 tokens, checkpoints:  1,   170.121 MiB
srv        update:    - prompt 0x5d592d0d0900:   38684 tokens, checkpoints:  1,  1057.851 MiB
srv  get_availabl: prompt cache update took 262.88 ms
slot launch_slot_: id  0 | task -1 | sampler chain: logits -> ?penalties -> ?dry -> ?top-n-sigma -> top-k -> ?typical -> top-p -> min-p -> ?xtc -> ?temp-ext -> dist 
slot launch_slot_: id  0 | task 3477 | processing task, is_child = 0
slot update_slots: id  0 | task 3477 | new prompt, n_ctx_slot = 262144, n_keep = 0, task.n_tokens = 38853
slot update_slots: id  0 | task 3477 | n_past = 33, slot.prompt.tokens.size() = 38684, seq_id = 0, pos_min = 38683, n_swa = 1
slot update_slots: id  0 | task 3477 | forcing full prompt re-processing due to lack of cache data (likely due to SWA or hybrid/recurrent memory, see https://github.com/ggml-org/llama.cpp/pull/13194#issuecomment-2868343055)
slot update_slots: id  0 | task 3477 | erased invalidated context checkpoint (pos_min = 37990, pos_max = 37990, n_swa = 1, size = 75.376 MiB)
slot update_slots: id  0 | task 3477 | n_tokens = 0, memory_seq_rm [0, end)
slot update_slots: id  0 | task 3477 | prompt processing progress, n_tokens = 2047, batch.n_tokens = 2048, progress = 0.052686
slot update_slots: id  0 | task 3477 | n_tokens = 2047, memory_seq_rm [2047, end)
slot update_slots: id  0 | task 3477 | prompt processing progress, n_tokens = 4094, batch.n_tokens = 2048, progress = 0.105372
slot update_slots: id  0 | task 3477 | n_tokens = 4094, memory_seq_rm [4094, end)
slot update_slots: id  0 | task 3477 | prompt processing progress, n_tokens = 6141, batch.n_tokens = 2048, progress = 0.158057
slot update_slots: id  0 | task 3477 | n_tokens = 6141, memory_seq_rm [6141, end)
slot update_slots: id  0 | task 3477 | prompt processing progress, n_tokens = 8188, batch.n_tokens = 2048, progress = 0.210743
slot update_slots: id  0 | task 3477 | n_tokens = 8188, memory_seq_rm [8188, end)
slot update_slots: id  0 | task 3477 | prompt processing progress, n_tokens = 10235, batch.n_tokens = 2048, progress = 0.263429
slot update_slots: id  0 | task 3477 | n_tokens = 10235, memory_seq_rm [10235, end)
slot update_slots: id  0 | task 3477 | prompt processing progress, n_tokens = 12282, batch.n_tokens = 2048, progress = 0.316115
slot update_slots: id  0 | task 3477 | n_tokens = 12282, memory_seq_rm [12282, end)
slot update_slots: id  0 | task 3477 | prompt processing progress, n_tokens = 14329, batch.n_tokens = 2048, progress = 0.368800
slot update_slots: id  0 | task 3477 | n_tokens = 14329, memory_seq_rm [14329, end)
slot update_slots: id  0 | task 3477 | prompt processing progress, n_tokens = 16376, batch.n_tokens = 2048, progress = 0.421486
slot update_slots: id  0 | task 3477 | n_tokens = 16376, memory_seq_rm [16376, end)
slot update_slots: id  0 | task 3477 | prompt processing progress, n_tokens = 18423, batch.n_tokens = 2048, progress = 0.474172
slot update_slots: id  0 | task 3477 | n_tokens = 18423, memory_seq_rm [18423, end)
slot update_slots: id  0 | task 3477 | prompt processing progress, n_tokens = 20470, batch.n_tokens = 2048, progress = 0.526858
slot update_slots: id  0 | task 3477 | n_tokens = 20470, memory_seq_rm [20470, end)
slot update_slots: id  0 | task 3477 | prompt processing progress, n_tokens = 22517, batch.n_tokens = 2048, progress = 0.579543
slot update_slots: id  0 | task 3477 | n_tokens = 22517, memory_seq_rm [22517, end)
slot update_slots: id  0 | task 3477 | prompt processing progress, n_tokens = 24564, batch.n_tokens = 2048, progress = 0.632229
slot update_slots: id  0 | task 3477 | n_tokens = 24564, memory_seq_rm [24564, end)
slot update_slots: id  0 | task 3477 | prompt processing progress, n_tokens = 26611, batch.n_tokens = 2048, progress = 0.684915
slot update_slots: id  0 | task 3477 | n_tokens = 26611, memory_seq_rm [26611, end)
slot update_slots: id  0 | task 3477 | prompt processing progress, n_tokens = 28658, batch.n_tokens = 2048, progress = 0.737601
slot update_slots: id  0 | task 3477 | n_tokens = 28658, memory_seq_rm [28658, end)
slot update_slots: id  0 | task 3477 | prompt processing progress, n_tokens = 30705, batch.n_tokens = 2048, progress = 0.790286
slot update_slots: id  0 | task 3477 | n_tokens = 30705, memory_seq_rm [30705, end)
slot update_slots: id  0 | task 3477 | prompt processing progress, n_tokens = 32752, batch.n_tokens = 2048, progress = 0.842972
slot update_slots: id  0 | task 3477 | n_tokens = 32752, memory_seq_rm [32752, end)
slot update_slots: id  0 | task 3477 | prompt processing progress, n_tokens = 34799, batch.n_tokens = 2048, progress = 0.895658
slot update_slots: id  0 | task 3477 | n_tokens = 34799, memory_seq_rm [34799, end)
slot update_slots: id  0 | task 3477 | prompt processing progress, n_tokens = 36846, batch.n_tokens = 2048, progress = 0.948344
slot update_slots: id  0 | task 3477 | n_tokens = 36846, memory_seq_rm [36846, end)
slot update_slots: id  0 | task 3477 | prompt processing progress, n_tokens = 38341, batch.n_tokens = 1496, progress = 0.986822
slot update_slots: id  0 | task 3477 | n_tokens = 38341, memory_seq_rm [38341, end)
slot update_slots: id  0 | task 3477 | prompt processing progress, n_tokens = 38853, batch.n_tokens = 513, progress = 1.000000
slot update_slots: id  0 | task 3477 | prompt done, n_tokens = 38853, batch.n_tokens = 513
slot init_sampler: id  0 | task 3477 | init sampler, took 2.93 ms, tokens: text = 38853, total = 38853
slot update_slots: id  0 | task 3477 | created context checkpoint 1 of 8 (pos_min = 38340, pos_max = 38340, size = 75.376 MiB)
slot print_timing: id  1 | task 3475 | 
prompt eval time =     232.08 ms /   424 tokens (    0.55 ms per token,  1826.97 tokens per second)
       eval time =   16411.24 ms /    23 tokens (  713.53 ms per token,     1.40 tokens per second)
      total time =   16643.32 ms /   447 tokens
slot      release: id  1 | task 3475 | stop processing: n_tokens = 446, truncated = 0
srv  log_server_r: done request: POST /v1/messages 127.0.0.1 200
slot print_timing: id  0 | task 3477 | 
prompt eval time =   16110.91 ms / 38853 tokens (    0.41 ms per token,  2411.60 tokens per second)
       eval time =    1912.99 ms /   144 tokens (   13.28 ms per token,    75.27 tokens per second)
      total time =   18023.90 ms / 38997 tokens
slot      release: id  0 | task 3477 | stop processing: n_tokens = 38996, truncated = 0
srv  update_slots: all slots are idle
srv  log_server_r: done request: POST /v1/messages 127.0.0.1 200
srv  params_from_: Chat format: Qwen3 Coder
slot get_availabl: id  3 | task -1 | selected slot by LRU, t_last = 7343863092
srv  get_availabl: updating prompt cache
srv   prompt_save:  - saving prompt with length 353, total state size = 83.654 MiB
srv          load:  - looking for better prompt, base f_keep = 0.057, sim = 0.047
srv        update:  - cache state: 13 prompts, 7946.177 MiB (limits: 8192.000 MiB, 262144 tokens, 276448 est)
srv        update:    - prompt 0x5d5929e37990:   37246 tokens, checkpoints:  1,  1024.131 MiB
srv        update:    - prompt 0x5d5929e4f380:     352 tokens, checkpoints:  0,    83.630 MiB
srv        update:    - prompt 0x5d592f5595f0:   37609 tokens, checkpoints:  1,  1032.643 MiB
srv        update:    - prompt 0x5d592f50e240:     590 tokens, checkpoints:  0,    89.211 MiB
srv        update:    - prompt 0x5d592b18c750:     458 tokens, checkpoints:  0,    86.116 MiB
srv        update:    - prompt 0x5d59311339d0:   37698 tokens, checkpoints:  1,  1034.730 MiB
srv        update:    - prompt 0x5d592aae79a0:   37941 tokens, checkpoints:  1,  1040.428 MiB
srv        update:    - prompt 0x5d592f520910:   38222 tokens, checkpoints:  1,  1047.018 MiB
srv        update:    - prompt 0x5d59311db1b0:     158 tokens, checkpoints:  1,   154.457 MiB
srv        update:    - prompt 0x5d592b17c210:   38016 tokens, checkpoints:  1,  1042.187 MiB
srv        update:    - prompt 0x5d592f7f5a40:     826 tokens, checkpoints:  1,   170.121 MiB
srv        update:    - prompt 0x5d592d0d0900:   38684 tokens, checkpoints:  1,  1057.851 MiB
srv        update:    - prompt 0x5d592b10b2e0:     353 tokens, checkpoints:  0,    83.654 MiB
srv  get_availabl: prompt cache update took 47.38 ms
slot launch_slot_: id  3 | task -1 | sampler chain: logits -> ?penalties -> ?dry -> ?top-n-sigma -> top-k -> ?typical -> top-p -> min-p -> ?xtc -> ?temp-ext -> dist 
slot launch_slot_: id  3 | task 3641 | processing task, is_child = 0
slot update_slots: id  3 | task 3641 | new prompt, n_ctx_slot = 262144, n_keep = 0, task.n_tokens = 424
slot update_slots: id  3 | task 3641 | n_past = 20, slot.prompt.tokens.size() = 353, seq_id = 3, pos_min = 352, n_swa = 1
slot update_slots: id  3 | task 3641 | forcing full prompt re-processing due to lack of cache data (likely due to SWA or hybrid/recurrent memory, see https://github.com/ggml-org/llama.cpp/pull/13194#issuecomment-2868343055)
slot update_slots: id  3 | task 3641 | n_tokens = 0, memory_seq_rm [0, end)
slot update_slots: id  3 | task 3641 | prompt processing progress, n_tokens = 424, batch.n_tokens = 424, progress = 1.000000
slot update_slots: id  3 | task 3641 | prompt done, n_tokens = 424, batch.n_tokens = 424
slot init_sampler: id  3 | task 3641 | init sampler, took 0.04 ms, tokens: text = 424, total = 424
srv  params_from_: Chat format: Qwen3 Coder
slot get_availabl: id  2 | task -1 | selected slot by LRU, t_last = 7345813103
srv  get_availabl: updating prompt cache
srv   prompt_save:  - saving prompt with length 38840, total state size = 986.133 MiB
srv          load:  - looking for better prompt, base f_keep = 0.001, sim = 0.001
srv        update:  - cache size limit reached, removing oldest entry (size = 1024.131 MiB)
srv        update:  - cache state: 13 prompts, 7983.555 MiB (limits: 8192.000 MiB, 262144 tokens, 276789 est)
srv        update:    - prompt 0x5d5929e4f380:     352 tokens, checkpoints:  0,    83.630 MiB
srv        update:    - prompt 0x5d592f5595f0:   37609 tokens, checkpoints:  1,  1032.643 MiB
srv        update:    - prompt 0x5d592f50e240:     590 tokens, checkpoints:  0,    89.211 MiB
srv        update:    - prompt 0x5d592b18c750:     458 tokens, checkpoints:  0,    86.116 MiB
srv        update:    - prompt 0x5d59311339d0:   37698 tokens, checkpoints:  1,  1034.730 MiB
srv        update:    - prompt 0x5d592aae79a0:   37941 tokens, checkpoints:  1,  1040.428 MiB
srv        update:    - prompt 0x5d592f520910:   38222 tokens, checkpoints:  1,  1047.018 MiB
srv        update:    - prompt 0x5d59311db1b0:     158 tokens, checkpoints:  1,   154.457 MiB
srv        update:    - prompt 0x5d592b17c210:   38016 tokens, checkpoints:  1,  1042.187 MiB
srv        update:    - prompt 0x5d592f7f5a40:     826 tokens, checkpoints:  1,   170.121 MiB
srv        update:    - prompt 0x5d592d0d0900:   38684 tokens, checkpoints:  1,  1057.851 MiB
srv        update:    - prompt 0x5d592b10b2e0:     353 tokens, checkpoints:  0,    83.654 MiB
srv        update:    - prompt 0x5d593101e530:   38840 tokens, checkpoints:  1,  1061.509 MiB
srv  get_availabl: prompt cache update took 268.24 ms
slot launch_slot_: id  2 | task -1 | sampler chain: logits -> ?penalties -> ?dry -> ?top-n-sigma -> top-k -> ?typical -> top-p -> min-p -> ?xtc -> ?temp-ext -> dist 
slot launch_slot_: id  2 | task 3643 | processing task, is_child = 0
slot update_slots: id  2 | task 3643 | new prompt, n_ctx_slot = 262144, n_keep = 0, task.n_tokens = 39008
slot update_slots: id  2 | task 3643 | n_past = 32, slot.prompt.tokens.size() = 38840, seq_id = 2, pos_min = 38839, n_swa = 1
slot update_slots: id  2 | task 3643 | forcing full prompt re-processing due to lack of cache data (likely due to SWA or hybrid/recurrent memory, see https://github.com/ggml-org/llama.cpp/pull/13194#issuecomment-2868343055)
slot update_slots: id  2 | task 3643 | erased invalidated context checkpoint (pos_min = 38184, pos_max = 38184, n_swa = 1, size = 75.376 MiB)
slot update_slots: id  2 | task 3643 | n_tokens = 0, memory_seq_rm [0, end)
slot update_slots: id  2 | task 3643 | prompt processing progress, n_tokens = 2047, batch.n_tokens = 2048, progress = 0.052476
slot update_slots: id  2 | task 3643 | n_tokens = 2047, memory_seq_rm [2047, end)
slot update_slots: id  2 | task 3643 | prompt processing progress, n_tokens = 4094, batch.n_tokens = 2048, progress = 0.104953
slot update_slots: id  2 | task 3643 | n_tokens = 4094, memory_seq_rm [4094, end)
slot update_slots: id  2 | task 3643 | prompt processing progress, n_tokens = 6141, batch.n_tokens = 2048, progress = 0.157429
slot update_slots: id  2 | task 3643 | n_tokens = 6141, memory_seq_rm [6141, end)
slot update_slots: id  2 | task 3643 | prompt processing progress, n_tokens = 8188, batch.n_tokens = 2048, progress = 0.209906
slot update_slots: id  2 | task 3643 | n_tokens = 8188, memory_seq_rm [8188, end)
slot update_slots: id  2 | task 3643 | prompt processing progress, n_tokens = 10235, batch.n_tokens = 2048, progress = 0.262382
slot update_slots: id  2 | task 3643 | n_tokens = 10235, memory_seq_rm [10235, end)
slot update_slots: id  2 | task 3643 | prompt processing progress, n_tokens = 12282, batch.n_tokens = 2048, progress = 0.314858
slot update_slots: id  2 | task 3643 | n_tokens = 12282, memory_seq_rm [12282, end)
slot update_slots: id  2 | task 3643 | prompt processing progress, n_tokens = 14329, batch.n_tokens = 2048, progress = 0.367335
slot update_slots: id  2 | task 3643 | n_tokens = 14329, memory_seq_rm [14329, end)
slot update_slots: id  2 | task 3643 | prompt processing progress, n_tokens = 16376, batch.n_tokens = 2048, progress = 0.419811
slot update_slots: id  2 | task 3643 | n_tokens = 16376, memory_seq_rm [16376, end)
slot update_slots: id  2 | task 3643 | prompt processing progress, n_tokens = 18423, batch.n_tokens = 2048, progress = 0.472288
slot update_slots: id  2 | task 3643 | n_tokens = 18423, memory_seq_rm [18423, end)
slot update_slots: id  2 | task 3643 | prompt processing progress, n_tokens = 20470, batch.n_tokens = 2048, progress = 0.524764
slot update_slots: id  2 | task 3643 | n_tokens = 20470, memory_seq_rm [20470, end)
slot update_slots: id  2 | task 3643 | prompt processing progress, n_tokens = 22517, batch.n_tokens = 2048, progress = 0.577241
slot update_slots: id  2 | task 3643 | n_tokens = 22517, memory_seq_rm [22517, end)
slot update_slots: id  2 | task 3643 | prompt processing progress, n_tokens = 24564, batch.n_tokens = 2048, progress = 0.629717
slot update_slots: id  2 | task 3643 | n_tokens = 24564, memory_seq_rm [24564, end)
slot update_slots: id  2 | task 3643 | prompt processing progress, n_tokens = 26611, batch.n_tokens = 2048, progress = 0.682193
slot update_slots: id  2 | task 3643 | n_tokens = 26611, memory_seq_rm [26611, end)
slot update_slots: id  2 | task 3643 | prompt processing progress, n_tokens = 28658, batch.n_tokens = 2048, progress = 0.734670
slot update_slots: id  2 | task 3643 | n_tokens = 28658, memory_seq_rm [28658, end)
slot update_slots: id  2 | task 3643 | prompt processing progress, n_tokens = 30705, batch.n_tokens = 2048, progress = 0.787146
slot update_slots: id  2 | task 3643 | n_tokens = 30705, memory_seq_rm [30705, end)
slot update_slots: id  2 | task 3643 | prompt processing progress, n_tokens = 32752, batch.n_tokens = 2048, progress = 0.839623
slot update_slots: id  2 | task 3643 | n_tokens = 32752, memory_seq_rm [32752, end)
slot update_slots: id  2 | task 3643 | prompt processing progress, n_tokens = 34799, batch.n_tokens = 2048, progress = 0.892099
slot update_slots: id  2 | task 3643 | n_tokens = 34799, memory_seq_rm [34799, end)
slot update_slots: id  2 | task 3643 | prompt processing progress, n_tokens = 36846, batch.n_tokens = 2048, progress = 0.944575
slot update_slots: id  2 | task 3643 | n_tokens = 36846, memory_seq_rm [36846, end)
slot update_slots: id  2 | task 3643 | prompt processing progress, n_tokens = 38496, batch.n_tokens = 1651, progress = 0.986874
slot update_slots: id  2 | task 3643 | n_tokens = 38496, memory_seq_rm [38496, end)
slot update_slots: id  2 | task 3643 | prompt processing progress, n_tokens = 39008, batch.n_tokens = 513, progress = 1.000000
slot update_slots: id  2 | task 3643 | prompt done, n_tokens = 39008, batch.n_tokens = 513
slot init_sampler: id  2 | task 3643 | init sampler, took 2.94 ms, tokens: text = 39008, total = 39008
slot update_slots: id  2 | task 3643 | created context checkpoint 1 of 8 (pos_min = 38495, pos_max = 38495, size = 75.376 MiB)
slot print_timing: id  3 | task 3641 | 
prompt eval time =     204.11 ms /   424 tokens (    0.48 ms per token,  2077.33 tokens per second)
       eval time =   17187.81 ms /    23 tokens (  747.30 ms per token,     1.34 tokens per second)
      total time =   17391.92 ms /   447 tokens
slot      release: id  3 | task 3641 | stop processing: n_tokens = 446, truncated = 0
srv  log_server_r: done request: POST /v1/messages 127.0.0.1 200
slot print_timing: id  2 | task 3643 | 
prompt eval time =   16882.67 ms / 39008 tokens (    0.43 ms per token,  2310.53 tokens per second)
       eval time =     633.14 ms /    48 tokens (   13.19 ms per token,    75.81 tokens per second)
      total time =   17515.81 ms / 39056 tokens
slot      release: id  2 | task 3643 | stop processing: n_tokens = 39055, truncated = 0
srv  update_slots: all slots are idle
srv  log_server_r: done request: POST /v1/messages 127.0.0.1 200
srv  params_from_: Chat format: Qwen3 Coder
slot get_availabl: id  1 | task -1 | selected slot by LRU, t_last = 7378559897
srv  get_availabl: updating prompt cache
srv   prompt_save:  - saving prompt with length 446, total state size = 85.834 MiB
srv          load:  - looking for better prompt, base f_keep = 0.045, sim = 0.033
srv        update:  - cache state: 14 prompts, 8069.389 MiB (limits: 8192.000 MiB, 262144 tokens, 274298 est)
srv        update:    - prompt 0x5d5929e4f380:     352 tokens, checkpoints:  0,    83.630 MiB
srv        update:    - prompt 0x5d592f5595f0:   37609 tokens, checkpoints:  1,  1032.643 MiB
srv        update:    - prompt 0x5d592f50e240:     590 tokens, checkpoints:  0,    89.211 MiB
srv        update:    - prompt 0x5d592b18c750:     458 tokens, checkpoints:  0,    86.116 MiB
srv        update:    - prompt 0x5d59311339d0:   37698 tokens, checkpoints:  1,  1034.730 MiB
srv        update:    - prompt 0x5d592aae79a0:   37941 tokens, checkpoints:  1,  1040.428 MiB
srv        update:    - prompt 0x5d592f520910:   38222 tokens, checkpoints:  1,  1047.018 MiB
srv        update:    - prompt 0x5d59311db1b0:     158 tokens, checkpoints:  1,   154.457 MiB
srv        update:    - prompt 0x5d592b17c210:   38016 tokens, checkpoints:  1,  1042.187 MiB
srv        update:    - prompt 0x5d592f7f5a40:     826 tokens, checkpoints:  1,   170.121 MiB
srv        update:    - prompt 0x5d592d0d0900:   38684 tokens, checkpoints:  1,  1057.851 MiB
srv        update:    - prompt 0x5d592b10b2e0:     353 tokens, checkpoints:  0,    83.654 MiB
srv        update:    - prompt 0x5d593101e530:   38840 tokens, checkpoints:  1,  1061.509 MiB
srv        update:    - prompt 0x5d592f7998a0:     446 tokens, checkpoints:  0,    85.834 MiB
srv  get_availabl: prompt cache update took 25.91 ms
slot launch_slot_: id  1 | task -1 | sampler chain: logits -> ?penalties -> ?dry -> ?top-n-sigma -> top-k -> ?typical -> top-p -> min-p -> ?xtc -> ?temp-ext -> dist 
slot launch_slot_: id  1 | task 3711 | processing task, is_child = 0
slot update_slots: id  1 | task 3711 | new prompt, n_ctx_slot = 262144, n_keep = 0, task.n_tokens = 603
slot update_slots: id  1 | task 3711 | n_past = 20, slot.prompt.tokens.size() = 446, seq_id = 1, pos_min = 445, n_swa = 1
slot update_slots: id  1 | task 3711 | forcing full prompt re-processing due to lack of cache data (likely due to SWA or hybrid/recurrent memory, see https://github.com/ggml-org/llama.cpp/pull/13194#issuecomment-2868343055)
slot update_slots: id  1 | task 3711 | n_tokens = 0, memory_seq_rm [0, end)
slot update_slots: id  1 | task 3711 | prompt processing progress, n_tokens = 91, batch.n_tokens = 91, progress = 0.150912
slot update_slots: id  1 | task 3711 | n_tokens = 91, memory_seq_rm [91, end)
slot update_slots: id  1 | task 3711 | prompt processing progress, n_tokens = 603, batch.n_tokens = 512, progress = 1.000000
slot update_slots: id  1 | task 3711 | prompt done, n_tokens = 603, batch.n_tokens = 512
slot init_sampler: id  1 | task 3711 | init sampler, took 0.05 ms, tokens: text = 603, total = 603
srv  params_from_: Chat format: Qwen3 Coder
slot update_slots: id  1 | task 3711 | created context checkpoint 1 of 8 (pos_min = 90, pos_max = 90, size = 75.376 MiB)
slot get_availabl: id  0 | task -1 | selected slot by LRU, t_last = 7380436676
srv  get_availabl: updating prompt cache
srv   prompt_save:  - saving prompt with length 38996, total state size = 989.791 MiB
srv          load:  - looking for better prompt, base f_keep = 0.001, sim = 0.001
srv        update:  - cache size limit reached, removing oldest entry (size = 83.630 MiB)
srv        update:  - cache size limit reached, removing oldest entry (size = 1032.643 MiB)
srv        update:  - cache state: 13 prompts, 8018.283 MiB (limits: 8192.000 MiB, 262144 tokens, 277104 est)
srv        update:    - prompt 0x5d592f50e240:     590 tokens, checkpoints:  0,    89.211 MiB
srv        update:    - prompt 0x5d592b18c750:     458 tokens, checkpoints:  0,    86.116 MiB
srv        update:    - prompt 0x5d59311339d0:   37698 tokens, checkpoints:  1,  1034.730 MiB
srv        update:    - prompt 0x5d592aae79a0:   37941 tokens, checkpoints:  1,  1040.428 MiB
srv        update:    - prompt 0x5d592f520910:   38222 tokens, checkpoints:  1,  1047.018 MiB
srv        update:    - prompt 0x5d59311db1b0:     158 tokens, checkpoints:  1,   154.457 MiB
srv        update:    - prompt 0x5d592b17c210:   38016 tokens, checkpoints:  1,  1042.187 MiB
srv        update:    - prompt 0x5d592f7f5a40:     826 tokens, checkpoints:  1,   170.121 MiB
srv        update:    - prompt 0x5d592d0d0900:   38684 tokens, checkpoints:  1,  1057.851 MiB
srv        update:    - prompt 0x5d592b10b2e0:     353 tokens, checkpoints:  0,    83.654 MiB
srv        update:    - prompt 0x5d593101e530:   38840 tokens, checkpoints:  1,  1061.509 MiB
srv        update:    - prompt 0x5d592f7998a0:     446 tokens, checkpoints:  0,    85.834 MiB
srv        update:    - prompt 0x5d5931387d30:   38996 tokens, checkpoints:  1,  1065.167 MiB
srv  get_availabl: prompt cache update took 269.25 ms
slot launch_slot_: id  0 | task -1 | sampler chain: logits -> ?penalties -> ?dry -> ?top-n-sigma -> top-k -> ?typical -> top-p -> min-p -> ?xtc -> ?temp-ext -> dist 
slot launch_slot_: id  0 | task 3714 | processing task, is_child = 0
slot update_slots: id  0 | task 3714 | new prompt, n_ctx_slot = 262144, n_keep = 0, task.n_tokens = 39342
slot update_slots: id  0 | task 3714 | n_past = 32, slot.prompt.tokens.size() = 38996, seq_id = 0, pos_min = 38995, n_swa = 1
slot update_slots: id  0 | task 3714 | forcing full prompt re-processing due to lack of cache data (likely due to SWA or hybrid/recurrent memory, see https://github.com/ggml-org/llama.cpp/pull/13194#issuecomment-2868343055)
slot update_slots: id  0 | task 3714 | erased invalidated context checkpoint (pos_min = 38340, pos_max = 38340, n_swa = 1, size = 75.376 MiB)
slot update_slots: id  0 | task 3714 | n_tokens = 0, memory_seq_rm [0, end)
slot update_slots: id  0 | task 3714 | prompt processing progress, n_tokens = 2047, batch.n_tokens = 2048, progress = 0.052031
slot update_slots: id  0 | task 3714 | n_tokens = 2047, memory_seq_rm [2047, end)
slot update_slots: id  0 | task 3714 | prompt processing progress, n_tokens = 4094, batch.n_tokens = 2048, progress = 0.104062
slot update_slots: id  0 | task 3714 | n_tokens = 4094, memory_seq_rm [4094, end)
slot update_slots: id  0 | task 3714 | prompt processing progress, n_tokens = 6141, batch.n_tokens = 2048, progress = 0.156093
slot update_slots: id  0 | task 3714 | n_tokens = 6141, memory_seq_rm [6141, end)
slot update_slots: id  0 | task 3714 | prompt processing progress, n_tokens = 8188, batch.n_tokens = 2048, progress = 0.208124
slot update_slots: id  0 | task 3714 | n_tokens = 8188, memory_seq_rm [8188, end)
slot update_slots: id  0 | task 3714 | prompt processing progress, n_tokens = 10235, batch.n_tokens = 2048, progress = 0.260155
slot update_slots: id  0 | task 3714 | n_tokens = 10235, memory_seq_rm [10235, end)
slot update_slots: id  0 | task 3714 | prompt processing progress, n_tokens = 12282, batch.n_tokens = 2048, progress = 0.312185
slot update_slots: id  0 | task 3714 | n_tokens = 12282, memory_seq_rm [12282, end)
slot update_slots: id  0 | task 3714 | prompt processing progress, n_tokens = 14329, batch.n_tokens = 2048, progress = 0.364216
slot update_slots: id  0 | task 3714 | n_tokens = 14329, memory_seq_rm [14329, end)
slot update_slots: id  0 | task 3714 | prompt processing progress, n_tokens = 16376, batch.n_tokens = 2048, progress = 0.416247
slot update_slots: id  0 | task 3714 | n_tokens = 16376, memory_seq_rm [16376, end)
slot update_slots: id  0 | task 3714 | prompt processing progress, n_tokens = 18423, batch.n_tokens = 2048, progress = 0.468278
slot update_slots: id  0 | task 3714 | n_tokens = 18423, memory_seq_rm [18423, end)
slot update_slots: id  0 | task 3714 | prompt processing progress, n_tokens = 20470, batch.n_tokens = 2048, progress = 0.520309
slot update_slots: id  0 | task 3714 | n_tokens = 20470, memory_seq_rm [20470, end)
slot update_slots: id  0 | task 3714 | prompt processing progress, n_tokens = 22517, batch.n_tokens = 2048, progress = 0.572340
slot update_slots: id  0 | task 3714 | n_tokens = 22517, memory_seq_rm [22517, end)
slot update_slots: id  0 | task 3714 | prompt processing progress, n_tokens = 24564, batch.n_tokens = 2048, progress = 0.624371
slot update_slots: id  0 | task 3714 | n_tokens = 24564, memory_seq_rm [24564, end)
slot update_slots: id  0 | task 3714 | prompt processing progress, n_tokens = 26611, batch.n_tokens = 2048, progress = 0.676402
slot update_slots: id  0 | task 3714 | n_tokens = 26611, memory_seq_rm [26611, end)
slot update_slots: id  0 | task 3714 | prompt processing progress, n_tokens = 28658, batch.n_tokens = 2048, progress = 0.728433
slot update_slots: id  0 | task 3714 | n_tokens = 28658, memory_seq_rm [28658, end)
slot update_slots: id  0 | task 3714 | prompt processing progress, n_tokens = 30705, batch.n_tokens = 2048, progress = 0.780464
slot update_slots: id  0 | task 3714 | n_tokens = 30705, memory_seq_rm [30705, end)
slot update_slots: id  0 | task 3714 | prompt processing progress, n_tokens = 32752, batch.n_tokens = 2048, progress = 0.832495
slot update_slots: id  0 | task 3714 | n_tokens = 32752, memory_seq_rm [32752, end)
slot update_slots: id  0 | task 3714 | prompt processing progress, n_tokens = 34799, batch.n_tokens = 2048, progress = 0.884525
slot update_slots: id  0 | task 3714 | n_tokens = 34799, memory_seq_rm [34799, end)
slot update_slots: id  0 | task 3714 | prompt processing progress, n_tokens = 36846, batch.n_tokens = 2048, progress = 0.936556
slot update_slots: id  0 | task 3714 | n_tokens = 36846, memory_seq_rm [36846, end)
slot update_slots: id  0 | task 3714 | prompt processing progress, n_tokens = 38830, batch.n_tokens = 1985, progress = 0.986986
slot update_slots: id  0 | task 3714 | n_tokens = 38830, memory_seq_rm [38830, end)
slot update_slots: id  0 | task 3714 | prompt processing progress, n_tokens = 39342, batch.n_tokens = 513, progress = 1.000000
slot update_slots: id  0 | task 3714 | prompt done, n_tokens = 39342, batch.n_tokens = 513
slot init_sampler: id  0 | task 3714 | init sampler, took 2.96 ms, tokens: text = 39342, total = 39342
slot update_slots: id  0 | task 3714 | created context checkpoint 1 of 8 (pos_min = 38829, pos_max = 38829, size = 75.376 MiB)
slot print_timing: id  1 | task 3711 | 
prompt eval time =     319.25 ms /   603 tokens (    0.53 ms per token,  1888.81 tokens per second)
       eval time =   17327.30 ms /    23 tokens (  753.36 ms per token,     1.33 tokens per second)
      total time =   17646.54 ms /   626 tokens
slot      release: id  1 | task 3711 | stop processing: n_tokens = 625, truncated = 0
srv  log_server_r: done request: POST /v1/messages 127.0.0.1 200
slot print_timing: id  0 | task 3714 | 
prompt eval time =   17020.10 ms / 39342 tokens (    0.43 ms per token,  2311.50 tokens per second)
       eval time =     807.00 ms /    61 tokens (   13.23 ms per token,    75.59 tokens per second)
      total time =   17827.11 ms / 39403 tokens
slot      release: id  0 | task 3714 | stop processing: n_tokens = 39402, truncated = 0
srv  update_slots: all slots are idle
srv  log_server_r: done request: POST /v1/messages 127.0.0.1 200
srv  params_from_: Chat format: Qwen3 Coder
slot get_availabl: id  3 | task -1 | selected slot by LRU, t_last = 7422262927
srv  get_availabl: updating prompt cache
srv   prompt_save:  - saving prompt with length 446, total state size = 85.834 MiB
srv          load:  - looking for better prompt, base f_keep = 0.045, sim = 0.024
srv        update:  - cache state: 14 prompts, 8104.117 MiB (limits: 8192.000 MiB, 262144 tokens, 274620 est)
srv        update:    - prompt 0x5d592f50e240:     590 tokens, checkpoints:  0,    89.211 MiB
srv        update:    - prompt 0x5d592b18c750:     458 tokens, checkpoints:  0,    86.116 MiB
srv        update:    - prompt 0x5d59311339d0:   37698 tokens, checkpoints:  1,  1034.730 MiB
srv        update:    - prompt 0x5d592aae79a0:   37941 tokens, checkpoints:  1,  1040.428 MiB
srv        update:    - prompt 0x5d592f520910:   38222 tokens, checkpoints:  1,  1047.018 MiB
srv        update:    - prompt 0x5d59311db1b0:     158 tokens, checkpoints:  1,   154.457 MiB
srv        update:    - prompt 0x5d592b17c210:   38016 tokens, checkpoints:  1,  1042.187 MiB
srv        update:    - prompt 0x5d592f7f5a40:     826 tokens, checkpoints:  1,   170.121 MiB
srv        update:    - prompt 0x5d592d0d0900:   38684 tokens, checkpoints:  1,  1057.851 MiB
srv        update:    - prompt 0x5d592b10b2e0:     353 tokens, checkpoints:  0,    83.654 MiB
srv        update:    - prompt 0x5d593101e530:   38840 tokens, checkpoints:  1,  1061.509 MiB
srv        update:    - prompt 0x5d592f7998a0:     446 tokens, checkpoints:  0,    85.834 MiB
srv        update:    - prompt 0x5d5931387d30:   38996 tokens, checkpoints:  1,  1065.167 MiB
srv        update:    - prompt 0x5d5929e4e7e0:     446 tokens, checkpoints:  0,    85.834 MiB
srv  get_availabl: prompt cache update took 27.48 ms
slot launch_slot_: id  3 | task -1 | sampler chain: logits -> ?penalties -> ?dry -> ?top-n-sigma -> top-k -> ?typical -> top-p -> min-p -> ?xtc -> ?temp-ext -> dist 
slot launch_slot_: id  3 | task 3795 | processing task, is_child = 0
slot update_slots: id  3 | task 3795 | new prompt, n_ctx_slot = 262144, n_keep = 0, task.n_tokens = 824
slot update_slots: id  3 | task 3795 | n_past = 20, slot.prompt.tokens.size() = 446, seq_id = 3, pos_min = 445, n_swa = 1
slot update_slots: id  3 | task 3795 | forcing full prompt re-processing due to lack of cache data (likely due to SWA or hybrid/recurrent memory, see https://github.com/ggml-org/llama.cpp/pull/13194#issuecomment-2868343055)
slot update_slots: id  3 | task 3795 | n_tokens = 0, memory_seq_rm [0, end)
slot update_slots: id  3 | task 3795 | prompt processing progress, n_tokens = 312, batch.n_tokens = 312, progress = 0.378641
slot update_slots: id  3 | task 3795 | n_tokens = 312, memory_seq_rm [312, end)
slot update_slots: id  3 | task 3795 | prompt processing progress, n_tokens = 824, batch.n_tokens = 512, progress = 1.000000
slot update_slots: id  3 | task 3795 | prompt done, n_tokens = 824, batch.n_tokens = 512
slot init_sampler: id  3 | task 3795 | init sampler, took 0.06 ms, tokens: text = 824, total = 824
slot update_slots: id  3 | task 3795 | created context checkpoint 1 of 8 (pos_min = 311, pos_max = 311, size = 75.376 MiB)
slot print_timing: id  3 | task 3795 | 
prompt eval time =     411.28 ms /   824 tokens (    0.50 ms per token,  2003.52 tokens per second)
       eval time =      15.13 ms /     2 tokens (    7.57 ms per token,   132.17 tokens per second)
      total time =     426.41 ms /   826 tokens
slot      release: id  3 | task 3795 | stop processing: n_tokens = 825, truncated = 0
srv  update_slots: all slots are idle
srv  log_server_r: done request: POST /v1/messages 127.0.0.1 200
srv  params_from_: Chat format: Qwen3 Coder
slot get_availabl: id  2 | task -1 | selected slot by LRU, t_last = 7422860408
srv  get_availabl: updating prompt cache
srv   prompt_save:  - saving prompt with length 39055, total state size = 991.175 MiB
srv  params_from_: Chat format: Qwen3 Coder
srv          load:  - looking for better prompt, base f_keep = 0.001, sim = 0.043
srv        update:  - cache size limit reached, removing oldest entry (size = 89.211 MiB)
srv        update:  - cache size limit reached, removing oldest entry (size = 86.116 MiB)
srv        update:  - cache size limit reached, removing oldest entry (size = 1034.730 MiB)
srv        update:  - cache state: 12 prompts, 7960.610 MiB (limits: 8192.000 MiB, 262144 tokens, 279888 est)
srv        update:    - prompt 0x5d592aae79a0:   37941 tokens, checkpoints:  1,  1040.428 MiB
srv        update:    - prompt 0x5d592f520910:   38222 tokens, checkpoints:  1,  1047.018 MiB
srv        update:    - prompt 0x5d59311db1b0:     158 tokens, checkpoints:  1,   154.457 MiB
srv        update:    - prompt 0x5d592b17c210:   38016 tokens, checkpoints:  1,  1042.187 MiB
srv        update:    - prompt 0x5d592f7f5a40:     826 tokens, checkpoints:  1,   170.121 MiB
srv        update:    - prompt 0x5d592d0d0900:   38684 tokens, checkpoints:  1,  1057.851 MiB
srv        update:    - prompt 0x5d592b10b2e0:     353 tokens, checkpoints:  0,    83.654 MiB
srv        update:    - prompt 0x5d593101e530:   38840 tokens, checkpoints:  1,  1061.509 MiB
srv        update:    - prompt 0x5d592f7998a0:     446 tokens, checkpoints:  0,    85.834 MiB
srv        update:    - prompt 0x5d5931387d30:   38996 tokens, checkpoints:  1,  1065.167 MiB
srv        update:    - prompt 0x5d5929e4e7e0:     446 tokens, checkpoints:  0,    85.834 MiB
srv        update:    - prompt 0x5d5931d489a0:   39055 tokens, checkpoints:  1,  1066.550 MiB
srv  get_availabl: prompt cache update took 278.68 ms
slot launch_slot_: id  2 | task -1 | sampler chain: logits -> ?penalties -> ?dry -> ?top-n-sigma -> top-k -> ?typical -> top-p -> min-p -> ?xtc -> ?temp-ext -> dist 
slot launch_slot_: id  2 | task 3799 | processing task, is_child = 0
slot get_availabl: id  1 | task -1 | selected slot by LRU, t_last = 7440553370
srv  get_availabl: updating prompt cache
srv   prompt_save:  - saving prompt with length 625, total state size = 90.032 MiB
srv          load:  - looking for better prompt, base f_keep = 0.032, sim = 0.001
srv        update:  - cache state: 13 prompts, 8126.018 MiB (limits: 8192.000 MiB, 262144 tokens, 274821 est)
srv        update:    - prompt 0x5d592aae79a0:   37941 tokens, checkpoints:  1,  1040.428 MiB
srv        update:    - prompt 0x5d592f520910:   38222 tokens, checkpoints:  1,  1047.018 MiB
srv        update:    - prompt 0x5d59311db1b0:     158 tokens, checkpoints:  1,   154.457 MiB
srv        update:    - prompt 0x5d592b17c210:   38016 tokens, checkpoints:  1,  1042.187 MiB
srv        update:    - prompt 0x5d592f7f5a40:     826 tokens, checkpoints:  1,   170.121 MiB
srv        update:    - prompt 0x5d592d0d0900:   38684 tokens, checkpoints:  1,  1057.851 MiB
srv        update:    - prompt 0x5d592b10b2e0:     353 tokens, checkpoints:  0,    83.654 MiB
srv        update:    - prompt 0x5d593101e530:   38840 tokens, checkpoints:  1,  1061.509 MiB
srv        update:    - prompt 0x5d592f7998a0:     446 tokens, checkpoints:  0,    85.834 MiB
srv        update:    - prompt 0x5d5931387d30:   38996 tokens, checkpoints:  1,  1065.167 MiB
srv        update:    - prompt 0x5d5929e4e7e0:     446 tokens, checkpoints:  0,    85.834 MiB
srv        update:    - prompt 0x5d5931d489a0:   39055 tokens, checkpoints:  1,  1066.550 MiB
srv        update:    - prompt 0x5d592b18c750:     625 tokens, checkpoints:  1,   165.408 MiB
srv  get_availabl: prompt cache update took 41.67 ms
slot launch_slot_: id  1 | task -1 | sampler chain: logits -> ?penalties -> ?dry -> ?top-n-sigma -> top-k -> ?typical -> top-p -> min-p -> ?xtc -> ?temp-ext -> dist 
slot launch_slot_: id  1 | task 3800 | processing task, is_child = 0
slot update_slots: id  1 | task 3800 | new prompt, n_ctx_slot = 262144, n_keep = 0, task.n_tokens = 39660
slot update_slots: id  1 | task 3800 | n_past = 20, slot.prompt.tokens.size() = 625, seq_id = 1, pos_min = 624, n_swa = 1
slot update_slots: id  1 | task 3800 | forcing full prompt re-processing due to lack of cache data (likely due to SWA or hybrid/recurrent memory, see https://github.com/ggml-org/llama.cpp/pull/13194#issuecomment-2868343055)
slot update_slots: id  1 | task 3800 | erased invalidated context checkpoint (pos_min = 90, pos_max = 90, n_swa = 1, size = 75.376 MiB)
slot update_slots: id  1 | task 3800 | n_tokens = 0, memory_seq_rm [0, end)
slot update_slots: id  1 | task 3800 | prompt processing progress, n_tokens = 2048, batch.n_tokens = 2048, progress = 0.051639
slot update_slots: id  1 | task 3800 | n_tokens = 2048, memory_seq_rm [2048, end)
slot update_slots: id  1 | task 3800 | prompt processing progress, n_tokens = 4096, batch.n_tokens = 2048, progress = 0.103278
slot update_slots: id  1 | task 3800 | n_tokens = 4096, memory_seq_rm [4096, end)
slot update_slots: id  1 | task 3800 | prompt processing progress, n_tokens = 6144, batch.n_tokens = 2048, progress = 0.154917
slot update_slots: id  1 | task 3800 | n_tokens = 6144, memory_seq_rm [6144, end)
slot update_slots: id  1 | task 3800 | prompt processing progress, n_tokens = 8192, batch.n_tokens = 2048, progress = 0.206556
slot update_slots: id  1 | task 3800 | n_tokens = 8192, memory_seq_rm [8192, end)
slot update_slots: id  1 | task 3800 | prompt processing progress, n_tokens = 10240, batch.n_tokens = 2048, progress = 0.258195
slot update_slots: id  1 | task 3800 | n_tokens = 10240, memory_seq_rm [10240, end)
slot update_slots: id  1 | task 3800 | prompt processing progress, n_tokens = 12288, batch.n_tokens = 2048, progress = 0.309834
slot update_slots: id  1 | task 3800 | n_tokens = 12288, memory_seq_rm [12288, end)
slot update_slots: id  1 | task 3800 | prompt processing progress, n_tokens = 14336, batch.n_tokens = 2048, progress = 0.361473
slot update_slots: id  1 | task 3800 | n_tokens = 14336, memory_seq_rm [14336, end)
slot update_slots: id  1 | task 3800 | prompt processing progress, n_tokens = 16384, batch.n_tokens = 2048, progress = 0.413111
slot update_slots: id  1 | task 3800 | n_tokens = 16384, memory_seq_rm [16384, end)
slot update_slots: id  1 | task 3800 | prompt processing progress, n_tokens = 18432, batch.n_tokens = 2048, progress = 0.464750
slot update_slots: id  1 | task 3800 | n_tokens = 18432, memory_seq_rm [18432, end)
slot update_slots: id  1 | task 3800 | prompt processing progress, n_tokens = 20480, batch.n_tokens = 2048, progress = 0.516389
slot update_slots: id  1 | task 3800 | n_tokens = 20480, memory_seq_rm [20480, end)
slot update_slots: id  1 | task 3800 | prompt processing progress, n_tokens = 22528, batch.n_tokens = 2048, progress = 0.568028
slot update_slots: id  1 | task 3800 | n_tokens = 22528, memory_seq_rm [22528, end)
slot update_slots: id  1 | task 3800 | prompt processing progress, n_tokens = 24576, batch.n_tokens = 2048, progress = 0.619667
slot update_slots: id  1 | task 3800 | n_tokens = 24576, memory_seq_rm [24576, end)
slot update_slots: id  1 | task 3800 | prompt processing progress, n_tokens = 26624, batch.n_tokens = 2048, progress = 0.671306
slot update_slots: id  1 | task 3800 | n_tokens = 26624, memory_seq_rm [26624, end)
slot update_slots: id  1 | task 3800 | prompt processing progress, n_tokens = 28672, batch.n_tokens = 2048, progress = 0.722945
slot update_slots: id  1 | task 3800 | n_tokens = 28672, memory_seq_rm [28672, end)
slot update_slots: id  1 | task 3800 | prompt processing progress, n_tokens = 30720, batch.n_tokens = 2048, progress = 0.774584
slot update_slots: id  1 | task 3800 | n_tokens = 30720, memory_seq_rm [30720, end)
slot update_slots: id  1 | task 3800 | prompt processing progress, n_tokens = 32768, batch.n_tokens = 2048, progress = 0.826223
slot update_slots: id  1 | task 3800 | n_tokens = 32768, memory_seq_rm [32768, end)
slot update_slots: id  1 | task 3800 | prompt processing progress, n_tokens = 34816, batch.n_tokens = 2048, progress = 0.877862
slot update_slots: id  1 | task 3800 | n_tokens = 34816, memory_seq_rm [34816, end)
slot update_slots: id  1 | task 3800 | prompt processing progress, n_tokens = 36864, batch.n_tokens = 2048, progress = 0.929501
slot update_slots: id  1 | task 3800 | n_tokens = 36864, memory_seq_rm [36864, end)
slot update_slots: id  1 | task 3800 | prompt processing progress, n_tokens = 38912, batch.n_tokens = 2048, progress = 0.981140
slot update_slots: id  1 | task 3800 | n_tokens = 38912, memory_seq_rm [38912, end)
slot update_slots: id  1 | task 3800 | prompt processing progress, n_tokens = 39148, batch.n_tokens = 236, progress = 0.987090
slot update_slots: id  2 | task 3799 | new prompt, n_ctx_slot = 262144, n_keep = 0, task.n_tokens = 469
slot update_slots: id  2 | task 3799 | n_past = 20, slot.prompt.tokens.size() = 39055, seq_id = 2, pos_min = 39054, n_swa = 1
slot update_slots: id  2 | task 3799 | forcing full prompt re-processing due to lack of cache data (likely due to SWA or hybrid/recurrent memory, see https://github.com/ggml-org/llama.cpp/pull/13194#issuecomment-2868343055)
slot update_slots: id  2 | task 3799 | erased invalidated context checkpoint (pos_min = 38495, pos_max = 38495, n_swa = 1, size = 75.376 MiB)
slot update_slots: id  2 | task 3799 | n_tokens = 0, memory_seq_rm [0, end)
slot update_slots: id  2 | task 3799 | prompt processing progress, n_tokens = 469, batch.n_tokens = 705, progress = 1.000000
slot update_slots: id  2 | task 3799 | prompt done, n_tokens = 469, batch.n_tokens = 705
slot init_sampler: id  2 | task 3799 | init sampler, took 0.04 ms, tokens: text = 469, total = 469
slot update_slots: id  1 | task 3800 | n_tokens = 39148, memory_seq_rm [39148, end)
slot update_slots: id  1 | task 3800 | prompt processing progress, n_tokens = 39660, batch.n_tokens = 513, progress = 1.000000
slot update_slots: id  1 | task 3800 | prompt done, n_tokens = 39660, batch.n_tokens = 513
slot init_sampler: id  1 | task 3800 | init sampler, took 3.00 ms, tokens: text = 39660, total = 39660
slot update_slots: id  1 | task 3800 | created context checkpoint 1 of 8 (pos_min = 39147, pos_max = 39147, size = 75.376 MiB)
slot print_timing: id  2 | task 3799 | 
prompt eval time =     409.03 ms /   469 tokens (    0.87 ms per token,  1146.60 tokens per second)
       eval time =     661.01 ms /    23 tokens (   28.74 ms per token,    34.80 tokens per second)
      total time =    1070.04 ms /   492 tokens
slot      release: id  2 | task 3799 | stop processing: n_tokens = 491, truncated = 0
srv  log_server_r: done request: POST /v1/messages 127.0.0.1 200
slot print_timing: id  1 | task 3800 | 
prompt eval time =   18278.28 ms / 39660 tokens (    0.46 ms per token,  2169.79 tokens per second)
       eval time =    1333.42 ms /    90 tokens (   14.82 ms per token,    67.50 tokens per second)
      total time =   19611.70 ms / 39750 tokens
slot      release: id  1 | task 3800 | stop processing: n_tokens = 39749, truncated = 0
srv  update_slots: all slots are idle
srv  log_server_r: done request: POST /v1/messages 127.0.0.1 200
srv  params_from_: Chat format: Qwen3 Coder
slot get_availabl: id  0 | task -1 | selected slot by LRU, t_last = 7441323625
srv  get_availabl: updating prompt cache
srv   prompt_save:  - saving prompt with length 39402, total state size = 999.311 MiB
srv  params_from_: Chat format: Qwen3 Coder
srv          load:  - looking for better prompt, base f_keep = 0.001, sim = 0.012
srv        update:  - cache size limit reached, removing oldest entry (size = 1040.428 MiB)
srv        update:  - cache state: 13 prompts, 8160.277 MiB (limits: 8192.000 MiB, 262144 tokens, 275134 est)
srv        update:    - prompt 0x5d592f520910:   38222 tokens, checkpoints:  1,  1047.018 MiB
srv        update:    - prompt 0x5d59311db1b0:     158 tokens, checkpoints:  1,   154.457 MiB
srv        update:    - prompt 0x5d592b17c210:   38016 tokens, checkpoints:  1,  1042.187 MiB
srv        update:    - prompt 0x5d592f7f5a40:     826 tokens, checkpoints:  1,   170.121 MiB
srv        update:    - prompt 0x5d592d0d0900:   38684 tokens, checkpoints:  1,  1057.851 MiB
srv        update:    - prompt 0x5d592b10b2e0:     353 tokens, checkpoints:  0,    83.654 MiB
srv        update:    - prompt 0x5d593101e530:   38840 tokens, checkpoints:  1,  1061.509 MiB
srv        update:    - prompt 0x5d592f7998a0:     446 tokens, checkpoints:  0,    85.834 MiB
srv        update:    - prompt 0x5d5931387d30:   38996 tokens, checkpoints:  1,  1065.167 MiB
srv        update:    - prompt 0x5d5929e4e7e0:     446 tokens, checkpoints:  0,    85.834 MiB
srv        update:    - prompt 0x5d5931d489a0:   39055 tokens, checkpoints:  1,  1066.550 MiB
srv        update:    - prompt 0x5d592b18c750:     625 tokens, checkpoints:  1,   165.408 MiB
srv        update:    - prompt 0x5d59313871b0:   39402 tokens, checkpoints:  1,  1074.687 MiB
srv  get_availabl: prompt cache update took 271.45 ms
slot launch_slot_: id  0 | task -1 | sampler chain: logits -> ?penalties -> ?dry -> ?top-n-sigma -> top-k -> ?typical -> top-p -> min-p -> ?xtc -> ?temp-ext -> dist 
slot launch_slot_: id  0 | task 3911 | processing task, is_child = 0
slot get_availabl: id  3 | task -1 | selected slot by LRU, t_last = 7441786598
srv  get_availabl: updating prompt cache
srv   prompt_save:  - saving prompt with length 825, total state size = 94.722 MiB
srv          load:  - looking for better prompt, base f_keep = 0.024, sim = 0.000
srv        update:  - cache size limit reached, removing oldest entry (size = 1047.018 MiB)
srv        update:  - cache state: 13 prompts, 7283.357 MiB (limits: 8192.000 MiB, 262144 tokens, 266198 est)
srv        update:    - prompt 0x5d59311db1b0:     158 tokens, checkpoints:  1,   154.457 MiB
srv        update:    - prompt 0x5d592b17c210:   38016 tokens, checkpoints:  1,  1042.187 MiB
srv        update:    - prompt 0x5d592f7f5a40:     826 tokens, checkpoints:  1,   170.121 MiB
srv        update:    - prompt 0x5d592d0d0900:   38684 tokens, checkpoints:  1,  1057.851 MiB
srv        update:    - prompt 0x5d592b10b2e0:     353 tokens, checkpoints:  0,    83.654 MiB
srv        update:    - prompt 0x5d593101e530:   38840 tokens, checkpoints:  1,  1061.509 MiB
srv        update:    - prompt 0x5d592f7998a0:     446 tokens, checkpoints:  0,    85.834 MiB
srv        update:    - prompt 0x5d5931387d30:   38996 tokens, checkpoints:  1,  1065.167 MiB
srv        update:    - prompt 0x5d5929e4e7e0:     446 tokens, checkpoints:  0,    85.834 MiB
srv        update:    - prompt 0x5d5931d489a0:   39055 tokens, checkpoints:  1,  1066.550 MiB
srv        update:    - prompt 0x5d592b18c750:     625 tokens, checkpoints:  1,   165.408 MiB
srv        update:    - prompt 0x5d59313871b0:   39402 tokens, checkpoints:  1,  1074.687 MiB
srv        update:    - prompt 0x5d592aae79a0:     825 tokens, checkpoints:  1,   170.097 MiB
srv  get_availabl: prompt cache update took 57.22 ms
slot launch_slot_: id  3 | task -1 | sampler chain: logits -> ?penalties -> ?dry -> ?top-n-sigma -> top-k -> ?typical -> top-p -> min-p -> ?xtc -> ?temp-ext -> dist 
slot launch_slot_: id  3 | task 3912 | processing task, is_child = 0
slot update_slots: id  0 | task 3911 | new prompt, n_ctx_slot = 262144, n_keep = 0, task.n_tokens = 1619
slot update_slots: id  0 | task 3911 | n_past = 20, slot.prompt.tokens.size() = 39402, seq_id = 0, pos_min = 39401, n_swa = 1
slot update_slots: id  0 | task 3911 | forcing full prompt re-processing due to lack of cache data (likely due to SWA or hybrid/recurrent memory, see https://github.com/ggml-org/llama.cpp/pull/13194#issuecomment-2868343055)
slot update_slots: id  0 | task 3911 | erased invalidated context checkpoint (pos_min = 38829, pos_max = 38829, n_swa = 1, size = 75.376 MiB)
slot update_slots: id  0 | task 3911 | n_tokens = 0, memory_seq_rm [0, end)
slot update_slots: id  0 | task 3911 | prompt processing progress, n_tokens = 1107, batch.n_tokens = 1107, progress = 0.683755
slot update_slots: id  3 | task 3912 | new prompt, n_ctx_slot = 262144, n_keep = 0, task.n_tokens = 41044
slot update_slots: id  3 | task 3912 | n_past = 20, slot.prompt.tokens.size() = 825, seq_id = 3, pos_min = 824, n_swa = 1
slot update_slots: id  3 | task 3912 | forcing full prompt re-processing due to lack of cache data (likely due to SWA or hybrid/recurrent memory, see https://github.com/ggml-org/llama.cpp/pull/13194#issuecomment-2868343055)
slot update_slots: id  3 | task 3912 | erased invalidated context checkpoint (pos_min = 311, pos_max = 311, n_swa = 1, size = 75.376 MiB)
slot update_slots: id  3 | task 3912 | n_tokens = 0, memory_seq_rm [0, end)
slot update_slots: id  3 | task 3912 | prompt processing progress, n_tokens = 941, batch.n_tokens = 2048, progress = 0.022927
slot update_slots: id  0 | task 3911 | n_tokens = 1107, memory_seq_rm [1107, end)
slot update_slots: id  0 | task 3911 | prompt processing progress, n_tokens = 1619, batch.n_tokens = 512, progress = 1.000000
slot update_slots: id  0 | task 3911 | prompt done, n_tokens = 1619, batch.n_tokens = 512
slot init_sampler: id  0 | task 3911 | init sampler, took 0.12 ms, tokens: text = 1619, total = 1619
slot update_slots: id  0 | task 3911 | created context checkpoint 1 of 8 (pos_min = 1106, pos_max = 1106, size = 75.376 MiB)
slot update_slots: id  3 | task 3912 | n_tokens = 941, memory_seq_rm [941, end)
slot update_slots: id  3 | task 3912 | prompt processing progress, n_tokens = 2477, batch.n_tokens = 2048, progress = 0.060350
slot update_slots: id  3 | task 3912 | n_tokens = 2477, memory_seq_rm [2477, end)
slot update_slots: id  3 | task 3912 | prompt processing progress, n_tokens = 4524, batch.n_tokens = 2048, progress = 0.110223
slot update_slots: id  3 | task 3912 | n_tokens = 4524, memory_seq_rm [4524, end)
slot update_slots: id  3 | task 3912 | prompt processing progress, n_tokens = 6571, batch.n_tokens = 2048, progress = 0.160096
slot update_slots: id  3 | task 3912 | n_tokens = 6571, memory_seq_rm [6571, end)
slot update_slots: id  3 | task 3912 | prompt processing progress, n_tokens = 8618, batch.n_tokens = 2048, progress = 0.209970
slot update_slots: id  3 | task 3912 | n_tokens = 8618, memory_seq_rm [8618, end)
slot update_slots: id  3 | task 3912 | prompt processing progress, n_tokens = 10665, batch.n_tokens = 2048, progress = 0.259843
slot update_slots: id  3 | task 3912 | n_tokens = 10665, memory_seq_rm [10665, end)
slot update_slots: id  3 | task 3912 | prompt processing progress, n_tokens = 12712, batch.n_tokens = 2048, progress = 0.309716
slot update_slots: id  3 | task 3912 | n_tokens = 12712, memory_seq_rm [12712, end)
slot update_slots: id  3 | task 3912 | prompt processing progress, n_tokens = 14759, batch.n_tokens = 2048, progress = 0.359590
slot update_slots: id  3 | task 3912 | n_tokens = 14759, memory_seq_rm [14759, end)
slot update_slots: id  3 | task 3912 | prompt processing progress, n_tokens = 16806, batch.n_tokens = 2048, progress = 0.409463
slot update_slots: id  3 | task 3912 | n_tokens = 16806, memory_seq_rm [16806, end)
slot update_slots: id  3 | task 3912 | prompt processing progress, n_tokens = 18853, batch.n_tokens = 2048, progress = 0.459336
slot update_slots: id  3 | task 3912 | n_tokens = 18853, memory_seq_rm [18853, end)
slot update_slots: id  3 | task 3912 | prompt processing progress, n_tokens = 20900, batch.n_tokens = 2048, progress = 0.509210
slot update_slots: id  3 | task 3912 | n_tokens = 20900, memory_seq_rm [20900, end)
slot update_slots: id  3 | task 3912 | prompt processing progress, n_tokens = 22947, batch.n_tokens = 2048, progress = 0.559083
slot update_slots: id  3 | task 3912 | n_tokens = 22947, memory_seq_rm [22947, end)
slot update_slots: id  3 | task 3912 | prompt processing progress, n_tokens = 24994, batch.n_tokens = 2048, progress = 0.608956
slot update_slots: id  3 | task 3912 | n_tokens = 24994, memory_seq_rm [24994, end)
slot update_slots: id  3 | task 3912 | prompt processing progress, n_tokens = 27041, batch.n_tokens = 2048, progress = 0.658830
slot update_slots: id  3 | task 3912 | n_tokens = 27041, memory_seq_rm [27041, end)
slot update_slots: id  3 | task 3912 | prompt processing progress, n_tokens = 29088, batch.n_tokens = 2048, progress = 0.708703
slot update_slots: id  3 | task 3912 | n_tokens = 29088, memory_seq_rm [29088, end)
slot update_slots: id  3 | task 3912 | prompt processing progress, n_tokens = 31135, batch.n_tokens = 2048, progress = 0.758576
slot update_slots: id  3 | task 3912 | n_tokens = 31135, memory_seq_rm [31135, end)
slot update_slots: id  3 | task 3912 | prompt processing progress, n_tokens = 33182, batch.n_tokens = 2048, progress = 0.808449
slot update_slots: id  3 | task 3912 | n_tokens = 33182, memory_seq_rm [33182, end)
slot update_slots: id  3 | task 3912 | prompt processing progress, n_tokens = 35229, batch.n_tokens = 2048, progress = 0.858323
slot update_slots: id  3 | task 3912 | n_tokens = 35229, memory_seq_rm [35229, end)
slot update_slots: id  3 | task 3912 | prompt processing progress, n_tokens = 37276, batch.n_tokens = 2048, progress = 0.908196
slot update_slots: id  3 | task 3912 | n_tokens = 37276, memory_seq_rm [37276, end)
slot update_slots: id  3 | task 3912 | prompt processing progress, n_tokens = 39323, batch.n_tokens = 2048, progress = 0.958069
slot update_slots: id  3 | task 3912 | n_tokens = 39323, memory_seq_rm [39323, end)
slot update_slots: id  3 | task 3912 | prompt processing progress, n_tokens = 40532, batch.n_tokens = 1210, progress = 0.987526
slot update_slots: id  3 | task 3912 | n_tokens = 40532, memory_seq_rm [40532, end)
slot update_slots: id  3 | task 3912 | prompt processing progress, n_tokens = 41044, batch.n_tokens = 513, progress = 1.000000
slot update_slots: id  3 | task 3912 | prompt done, n_tokens = 41044, batch.n_tokens = 513
slot init_sampler: id  3 | task 3912 | init sampler, took 3.10 ms, tokens: text = 41044, total = 41044
slot update_slots: id  3 | task 3912 | created context checkpoint 1 of 8 (pos_min = 40531, pos_max = 40531, size = 75.376 MiB)
slot print_timing: id  0 | task 3911 | 
prompt eval time =    1980.31 ms /  1619 tokens (    1.22 ms per token,   817.55 tokens per second)
       eval time =   18369.08 ms /    23 tokens (  798.66 ms per token,     1.25 tokens per second)
      total time =   20349.39 ms /  1642 tokens
slot      release: id  0 | task 3911 | stop processing: n_tokens = 1641, truncated = 0
srv  log_server_r: done request: POST /v1/messages 127.0.0.1 200
slot print_timing: id  3 | task 3912 | 
prompt eval time =   20294.52 ms / 41044 tokens (    0.49 ms per token,  2022.42 tokens per second)
       eval time =    1571.96 ms /   113 tokens (   13.91 ms per token,    71.88 tokens per second)
      total time =   21866.49 ms / 41157 tokens
slot      release: id  3 | task 3912 | stop processing: n_tokens = 41156, truncated = 0
srv  update_slots: all slots are idle
srv  log_server_r: done request: POST /v1/messages 127.0.0.1 200
srv  params_from_: Chat format: Qwen3 Coder
slot get_availabl: id  2 | task -1 | selected slot by LRU, t_last = 7473922308
srv  get_availabl: updating prompt cache
srv   prompt_save:  - saving prompt with length 491, total state size = 86.890 MiB
srv          load:  - looking for better prompt, base f_keep = 0.043, sim = 0.026
srv        update:  - cache state: 14 prompts, 7370.246 MiB (limits: 8192.000 MiB, 262144 tokens, 263605 est)
srv        update:    - prompt 0x5d59311db1b0:     158 tokens, checkpoints:  1,   154.457 MiB
srv        update:    - prompt 0x5d592b17c210:   38016 tokens, checkpoints:  1,  1042.187 MiB
srv        update:    - prompt 0x5d592f7f5a40:     826 tokens, checkpoints:  1,   170.121 MiB
srv        update:    - prompt 0x5d592d0d0900:   38684 tokens, checkpoints:  1,  1057.851 MiB
srv        update:    - prompt 0x5d592b10b2e0:     353 tokens, checkpoints:  0,    83.654 MiB
srv        update:    - prompt 0x5d593101e530:   38840 tokens, checkpoints:  1,  1061.509 MiB
srv        update:    - prompt 0x5d592f7998a0:     446 tokens, checkpoints:  0,    85.834 MiB
srv        update:    - prompt 0x5d5931387d30:   38996 tokens, checkpoints:  1,  1065.167 MiB
srv        update:    - prompt 0x5d5929e4e7e0:     446 tokens, checkpoints:  0,    85.834 MiB
srv        update:    - prompt 0x5d5931d489a0:   39055 tokens, checkpoints:  1,  1066.550 MiB
srv        update:    - prompt 0x5d592b18c750:     625 tokens, checkpoints:  1,   165.408 MiB
srv        update:    - prompt 0x5d59313871b0:   39402 tokens, checkpoints:  1,  1074.687 MiB
srv        update:    - prompt 0x5d592aae79a0:     825 tokens, checkpoints:  1,   170.097 MiB
srv        update:    - prompt 0x5d5922ad2030:     491 tokens, checkpoints:  0,    86.890 MiB
srv  get_availabl: prompt cache update took 24.86 ms
slot launch_slot_: id  2 | task -1 | sampler chain: logits -> ?penalties -> ?dry -> ?top-n-sigma -> top-k -> ?typical -> top-p -> min-p -> ?xtc -> ?temp-ext -> dist 
slot launch_slot_: id  2 | task 4047 | processing task, is_child = 0
slot update_slots: id  2 | task 4047 | new prompt, n_ctx_slot = 262144, n_keep = 0, task.n_tokens = 793
slot update_slots: id  2 | task 4047 | n_past = 21, slot.prompt.tokens.size() = 491, seq_id = 2, pos_min = 490, n_swa = 1
slot update_slots: id  2 | task 4047 | forcing full prompt re-processing due to lack of cache data (likely due to SWA or hybrid/recurrent memory, see https://github.com/ggml-org/llama.cpp/pull/13194#issuecomment-2868343055)
slot update_slots: id  2 | task 4047 | n_tokens = 0, memory_seq_rm [0, end)
slot update_slots: id  2 | task 4047 | prompt processing progress, n_tokens = 281, batch.n_tokens = 281, progress = 0.354351
srv  params_from_: Chat format: Qwen3 Coder
slot get_availabl: id  1 | task -1 | selected slot by LRU, t_last = 7474876349
srv  get_availabl: updating prompt cache
srv   prompt_save:  - saving prompt with length 39749, total state size = 1007.448 MiB
srv          load:  - looking for better prompt, base f_keep = 0.001, sim = 0.001
srv        update:  - cache size limit reached, removing oldest entry (size = 154.457 MiB)
srv        update:  - cache size limit reached, removing oldest entry (size = 1042.187 MiB)
srv        update:  - cache state: 13 prompts, 7256.426 MiB (limits: 8192.000 MiB, 262144 tokens, 269518 est)
srv        update:    - prompt 0x5d592f7f5a40:     826 tokens, checkpoints:  1,   170.121 MiB
srv        update:    - prompt 0x5d592d0d0900:   38684 tokens, checkpoints:  1,  1057.851 MiB
srv        update:    - prompt 0x5d592b10b2e0:     353 tokens, checkpoints:  0,    83.654 MiB
srv        update:    - prompt 0x5d593101e530:   38840 tokens, checkpoints:  1,  1061.509 MiB
srv        update:    - prompt 0x5d592f7998a0:     446 tokens, checkpoints:  0,    85.834 MiB
srv        update:    - prompt 0x5d5931387d30:   38996 tokens, checkpoints:  1,  1065.167 MiB
srv        update:    - prompt 0x5d5929e4e7e0:     446 tokens, checkpoints:  0,    85.834 MiB
srv        update:    - prompt 0x5d5931d489a0:   39055 tokens, checkpoints:  1,  1066.550 MiB
srv        update:    - prompt 0x5d592b18c750:     625 tokens, checkpoints:  1,   165.408 MiB
srv        update:    - prompt 0x5d59313871b0:   39402 tokens, checkpoints:  1,  1074.687 MiB
srv        update:    - prompt 0x5d592aae79a0:     825 tokens, checkpoints:  1,   170.097 MiB
srv        update:    - prompt 0x5d5922ad2030:     491 tokens, checkpoints:  0,    86.890 MiB
srv        update:    - prompt 0x5d5930f176d0:   39749 tokens, checkpoints:  1,  1082.824 MiB
srv  get_availabl: prompt cache update took 257.21 ms
slot launch_slot_: id  1 | task -1 | sampler chain: logits -> ?penalties -> ?dry -> ?top-n-sigma -> top-k -> ?typical -> top-p -> min-p -> ?xtc -> ?temp-ext -> dist 
slot launch_slot_: id  1 | task 4049 | processing task, is_child = 0
slot update_slots: id  1 | task 4049 | new prompt, n_ctx_slot = 262144, n_keep = 0, task.n_tokens = 41615
slot update_slots: id  1 | task 4049 | n_past = 32, slot.prompt.tokens.size() = 39749, seq_id = 1, pos_min = 39748, n_swa = 1
slot update_slots: id  1 | task 4049 | forcing full prompt re-processing due to lack of cache data (likely due to SWA or hybrid/recurrent memory, see https://github.com/ggml-org/llama.cpp/pull/13194#issuecomment-2868343055)
slot update_slots: id  1 | task 4049 | erased invalidated context checkpoint (pos_min = 39147, pos_max = 39147, n_swa = 1, size = 75.376 MiB)
slot update_slots: id  1 | task 4049 | n_tokens = 0, memory_seq_rm [0, end)
slot update_slots: id  1 | task 4049 | prompt processing progress, n_tokens = 2048, batch.n_tokens = 2048, progress = 0.049213
slot update_slots: id  1 | task 4049 | n_tokens = 2048, memory_seq_rm [2048, end)
slot update_slots: id  1 | task 4049 | prompt processing progress, n_tokens = 4096, batch.n_tokens = 2048, progress = 0.098426
slot update_slots: id  1 | task 4049 | n_tokens = 4096, memory_seq_rm [4096, end)
slot update_slots: id  1 | task 4049 | prompt processing progress, n_tokens = 6144, batch.n_tokens = 2048, progress = 0.147639
slot update_slots: id  1 | task 4049 | n_tokens = 6144, memory_seq_rm [6144, end)
slot update_slots: id  1 | task 4049 | prompt processing progress, n_tokens = 8192, batch.n_tokens = 2048, progress = 0.196852
slot update_slots: id  1 | task 4049 | n_tokens = 8192, memory_seq_rm [8192, end)
slot update_slots: id  1 | task 4049 | prompt processing progress, n_tokens = 10240, batch.n_tokens = 2048, progress = 0.246065
slot update_slots: id  1 | task 4049 | n_tokens = 10240, memory_seq_rm [10240, end)
slot update_slots: id  1 | task 4049 | prompt processing progress, n_tokens = 12288, batch.n_tokens = 2048, progress = 0.295278
slot update_slots: id  1 | task 4049 | n_tokens = 12288, memory_seq_rm [12288, end)
slot update_slots: id  1 | task 4049 | prompt processing progress, n_tokens = 14336, batch.n_tokens = 2048, progress = 0.344491
slot update_slots: id  1 | task 4049 | n_tokens = 14336, memory_seq_rm [14336, end)
slot update_slots: id  1 | task 4049 | prompt processing progress, n_tokens = 16384, batch.n_tokens = 2048, progress = 0.393704
slot update_slots: id  1 | task 4049 | n_tokens = 16384, memory_seq_rm [16384, end)
slot update_slots: id  1 | task 4049 | prompt processing progress, n_tokens = 18432, batch.n_tokens = 2048, progress = 0.442917
slot update_slots: id  1 | task 4049 | n_tokens = 18432, memory_seq_rm [18432, end)
slot update_slots: id  1 | task 4049 | prompt processing progress, n_tokens = 20480, batch.n_tokens = 2048, progress = 0.492130
slot update_slots: id  1 | task 4049 | n_tokens = 20480, memory_seq_rm [20480, end)
slot update_slots: id  1 | task 4049 | prompt processing progress, n_tokens = 22528, batch.n_tokens = 2048, progress = 0.541343
slot update_slots: id  1 | task 4049 | n_tokens = 22528, memory_seq_rm [22528, end)
slot update_slots: id  1 | task 4049 | prompt processing progress, n_tokens = 24576, batch.n_tokens = 2048, progress = 0.590556
slot update_slots: id  1 | task 4049 | n_tokens = 24576, memory_seq_rm [24576, end)
slot update_slots: id  1 | task 4049 | prompt processing progress, n_tokens = 26624, batch.n_tokens = 2048, progress = 0.639769
slot update_slots: id  1 | task 4049 | n_tokens = 26624, memory_seq_rm [26624, end)
slot update_slots: id  1 | task 4049 | prompt processing progress, n_tokens = 28672, batch.n_tokens = 2048, progress = 0.688982
slot update_slots: id  1 | task 4049 | n_tokens = 28672, memory_seq_rm [28672, end)
slot update_slots: id  1 | task 4049 | prompt processing progress, n_tokens = 30720, batch.n_tokens = 2048, progress = 0.738195
slot update_slots: id  1 | task 4049 | n_tokens = 30720, memory_seq_rm [30720, end)
slot update_slots: id  1 | task 4049 | prompt processing progress, n_tokens = 32768, batch.n_tokens = 2048, progress = 0.787408
slot update_slots: id  1 | task 4049 | n_tokens = 32768, memory_seq_rm [32768, end)
slot update_slots: id  1 | task 4049 | prompt processing progress, n_tokens = 34816, batch.n_tokens = 2048, progress = 0.836621
slot update_slots: id  1 | task 4049 | n_tokens = 34816, memory_seq_rm [34816, end)
slot update_slots: id  1 | task 4049 | prompt processing progress, n_tokens = 36864, batch.n_tokens = 2048, progress = 0.885834
slot update_slots: id  1 | task 4049 | n_tokens = 36864, memory_seq_rm [36864, end)
slot update_slots: id  1 | task 4049 | prompt processing progress, n_tokens = 38912, batch.n_tokens = 2048, progress = 0.935047
slot update_slots: id  1 | task 4049 | n_tokens = 38912, memory_seq_rm [38912, end)
slot update_slots: id  1 | task 4049 | prompt processing progress, n_tokens = 40960, batch.n_tokens = 2048, progress = 0.984260
slot update_slots: id  1 | task 4049 | n_tokens = 40960, memory_seq_rm [40960, end)
slot update_slots: id  1 | task 4049 | prompt processing progress, n_tokens = 41103, batch.n_tokens = 143, progress = 0.987697
slot update_slots: id  2 | task 4047 | n_tokens = 281, memory_seq_rm [281, end)
slot update_slots: id  2 | task 4047 | prompt processing progress, n_tokens = 793, batch.n_tokens = 655, progress = 1.000000
slot update_slots: id  2 | task 4047 | prompt done, n_tokens = 793, batch.n_tokens = 655
slot init_sampler: id  2 | task 4047 | init sampler, took 0.06 ms, tokens: text = 793, total = 793
slot update_slots: id  2 | task 4047 | created context checkpoint 1 of 8 (pos_min = 280, pos_max = 280, size = 75.376 MiB)
slot update_slots: id  1 | task 4049 | n_tokens = 41103, memory_seq_rm [41103, end)
slot update_slots: id  1 | task 4049 | prompt processing progress, n_tokens = 41615, batch.n_tokens = 513, progress = 1.000000
slot update_slots: id  1 | task 4049 | prompt done, n_tokens = 41615, batch.n_tokens = 513
slot init_sampler: id  1 | task 4049 | init sampler, took 3.14 ms, tokens: text = 41615, total = 41615
slot update_slots: id  1 | task 4049 | created context checkpoint 1 of 8 (pos_min = 41102, pos_max = 41102, size = 75.376 MiB)
slot print_timing: id  2 | task 4047 | 
prompt eval time =   17624.79 ms /   793 tokens (   22.23 ms per token,    44.99 tokens per second)
       eval time =     628.13 ms /    23 tokens (   27.31 ms per token,    36.62 tokens per second)
      total time =   18252.92 ms /   816 tokens
slot      release: id  2 | task 4047 | stop processing: n_tokens = 815, truncated = 0
srv  log_server_r: done request: POST /v1/messages 127.0.0.1 200
slot print_timing: id  1 | task 4049 | 
prompt eval time =   17459.38 ms / 41615 tokens (    0.42 ms per token,  2383.53 tokens per second)
       eval time =     956.82 ms /    65 tokens (   14.72 ms per token,    67.93 tokens per second)
      total time =   18416.20 ms / 41680 tokens
slot      release: id  1 | task 4049 | stop processing: n_tokens = 41679, truncated = 0
srv  update_slots: all slots are idle
srv  log_server_r: done request: POST /v1/messages 127.0.0.1 200
srv  params_from_: Chat format: Qwen3 Coder
slot get_availabl: id  0 | task -1 | selected slot by LRU, t_last = 7495581483
srv  get_availabl: updating prompt cache
srv   prompt_save:  - saving prompt with length 1641, total state size = 113.856 MiB
srv          load:  - looking for better prompt, base f_keep = 0.013, sim = 0.060
srv        update:  - cache state: 14 prompts, 7445.658 MiB (limits: 8192.000 MiB, 262144 tokens, 264474 est)
srv        update:    - prompt 0x5d592f7f5a40:     826 tokens, checkpoints:  1,   170.121 MiB
srv        update:    - prompt 0x5d592d0d0900:   38684 tokens, checkpoints:  1,  1057.851 MiB
srv        update:    - prompt 0x5d592b10b2e0:     353 tokens, checkpoints:  0,    83.654 MiB
srv        update:    - prompt 0x5d593101e530:   38840 tokens, checkpoints:  1,  1061.509 MiB
srv        update:    - prompt 0x5d592f7998a0:     446 tokens, checkpoints:  0,    85.834 MiB
srv        update:    - prompt 0x5d5931387d30:   38996 tokens, checkpoints:  1,  1065.167 MiB
srv        update:    - prompt 0x5d5929e4e7e0:     446 tokens, checkpoints:  0,    85.834 MiB
srv        update:    - prompt 0x5d5931d489a0:   39055 tokens, checkpoints:  1,  1066.550 MiB
srv        update:    - prompt 0x5d592b18c750:     625 tokens, checkpoints:  1,   165.408 MiB
srv        update:    - prompt 0x5d59313871b0:   39402 tokens, checkpoints:  1,  1074.687 MiB
srv        update:    - prompt 0x5d592aae79a0:     825 tokens, checkpoints:  1,   170.097 MiB
srv        update:    - prompt 0x5d5922ad2030:     491 tokens, checkpoints:  0,    86.890 MiB
srv        update:    - prompt 0x5d5930f176d0:   39749 tokens, checkpoints:  1,  1082.824 MiB
srv        update:    - prompt 0x5d592d53b5a0:    1641 tokens, checkpoints:  1,   189.232 MiB
srv  get_availabl: prompt cache update took 46.16 ms
slot launch_slot_: id  0 | task -1 | sampler chain: logits -> ?penalties -> ?dry -> ?top-n-sigma -> top-k -> ?typical -> top-p -> min-p -> ?xtc -> ?temp-ext -> dist 
slot launch_slot_: id  0 | task 4136 | processing task, is_child = 0
slot update_slots: id  0 | task 4136 | new prompt, n_ctx_slot = 262144, n_keep = 0, task.n_tokens = 350
slot update_slots: id  0 | task 4136 | n_past = 21, slot.prompt.tokens.size() = 1641, seq_id = 0, pos_min = 1640, n_swa = 1
slot update_slots: id  0 | task 4136 | forcing full prompt re-processing due to lack of cache data (likely due to SWA or hybrid/recurrent memory, see https://github.com/ggml-org/llama.cpp/pull/13194#issuecomment-2868343055)
slot update_slots: id  0 | task 4136 | erased invalidated context checkpoint (pos_min = 1106, pos_max = 1106, n_swa = 1, size = 75.376 MiB)
slot update_slots: id  0 | task 4136 | n_tokens = 0, memory_seq_rm [0, end)
slot update_slots: id  0 | task 4136 | prompt processing progress, n_tokens = 350, batch.n_tokens = 350, progress = 1.000000
slot update_slots: id  0 | task 4136 | prompt done, n_tokens = 350, batch.n_tokens = 350
slot init_sampler: id  0 | task 4136 | init sampler, took 0.03 ms, tokens: text = 350, total = 350
srv  params_from_: Chat format: Qwen3 Coder
slot get_availabl: id  3 | task -1 | selected slot by LRU, t_last = 7497104450
srv  get_availabl: updating prompt cache
srv   prompt_save:  - saving prompt with length 41156, total state size = 1040.441 MiB
srv          load:  - looking for better prompt, base f_keep = 0.001, sim = 0.001
srv        update:  - cache size limit reached, removing oldest entry (size = 170.121 MiB)
srv        update:  - cache size limit reached, removing oldest entry (size = 1057.851 MiB)
srv        update:  - cache state: 13 prompts, 7333.503 MiB (limits: 8192.000 MiB, 262144 tokens, 270357 est)
srv        update:    - prompt 0x5d592b10b2e0:     353 tokens, checkpoints:  0,    83.654 MiB
srv        update:    - prompt 0x5d593101e530:   38840 tokens, checkpoints:  1,  1061.509 MiB
srv        update:    - prompt 0x5d592f7998a0:     446 tokens, checkpoints:  0,    85.834 MiB
srv        update:    - prompt 0x5d5931387d30:   38996 tokens, checkpoints:  1,  1065.167 MiB
srv        update:    - prompt 0x5d5929e4e7e0:     446 tokens, checkpoints:  0,    85.834 MiB
srv        update:    - prompt 0x5d5931d489a0:   39055 tokens, checkpoints:  1,  1066.550 MiB
srv        update:    - prompt 0x5d592b18c750:     625 tokens, checkpoints:  1,   165.408 MiB
srv        update:    - prompt 0x5d59313871b0:   39402 tokens, checkpoints:  1,  1074.687 MiB
srv        update:    - prompt 0x5d592aae79a0:     825 tokens, checkpoints:  1,   170.097 MiB
srv        update:    - prompt 0x5d5922ad2030:     491 tokens, checkpoints:  0,    86.890 MiB
srv        update:    - prompt 0x5d5930f176d0:   39749 tokens, checkpoints:  1,  1082.824 MiB
srv        update:    - prompt 0x5d592d53b5a0:    1641 tokens, checkpoints:  1,   189.232 MiB
srv        update:    - prompt 0x5d5930cbf370:   41156 tokens, checkpoints:  1,  1115.817 MiB
srv  get_availabl: prompt cache update took 269.42 ms
slot launch_slot_: id  3 | task -1 | sampler chain: logits -> ?penalties -> ?dry -> ?top-n-sigma -> top-k -> ?typical -> top-p -> min-p -> ?xtc -> ?temp-ext -> dist 
slot launch_slot_: id  3 | task 4138 | processing task, is_child = 0
slot update_slots: id  3 | task 4138 | new prompt, n_ctx_slot = 262144, n_keep = 0, task.n_tokens = 41698
slot update_slots: id  3 | task 4138 | n_past = 33, slot.prompt.tokens.size() = 41156, seq_id = 3, pos_min = 41155, n_swa = 1
slot update_slots: id  3 | task 4138 | forcing full prompt re-processing due to lack of cache data (likely due to SWA or hybrid/recurrent memory, see https://github.com/ggml-org/llama.cpp/pull/13194#issuecomment-2868343055)
slot update_slots: id  3 | task 4138 | erased invalidated context checkpoint (pos_min = 40531, pos_max = 40531, n_swa = 1, size = 75.376 MiB)
slot update_slots: id  3 | task 4138 | n_tokens = 0, memory_seq_rm [0, end)
slot update_slots: id  3 | task 4138 | prompt processing progress, n_tokens = 2047, batch.n_tokens = 2048, progress = 0.049091
slot update_slots: id  3 | task 4138 | n_tokens = 2047, memory_seq_rm [2047, end)
slot update_slots: id  3 | task 4138 | prompt processing progress, n_tokens = 4094, batch.n_tokens = 2048, progress = 0.098182
slot update_slots: id  3 | task 4138 | n_tokens = 4094, memory_seq_rm [4094, end)
slot update_slots: id  3 | task 4138 | prompt processing progress, n_tokens = 6141, batch.n_tokens = 2048, progress = 0.147273
slot update_slots: id  3 | task 4138 | n_tokens = 6141, memory_seq_rm [6141, end)
slot update_slots: id  3 | task 4138 | prompt processing progress, n_tokens = 8188, batch.n_tokens = 2048, progress = 0.196364
slot update_slots: id  3 | task 4138 | n_tokens = 8188, memory_seq_rm [8188, end)
slot update_slots: id  3 | task 4138 | prompt processing progress, n_tokens = 10235, batch.n_tokens = 2048, progress = 0.245455
slot update_slots: id  3 | task 4138 | n_tokens = 10235, memory_seq_rm [10235, end)
slot update_slots: id  3 | task 4138 | prompt processing progress, n_tokens = 12282, batch.n_tokens = 2048, progress = 0.294547
slot update_slots: id  3 | task 4138 | n_tokens = 12282, memory_seq_rm [12282, end)
slot update_slots: id  3 | task 4138 | prompt processing progress, n_tokens = 14329, batch.n_tokens = 2048, progress = 0.343638
slot update_slots: id  3 | task 4138 | n_tokens = 14329, memory_seq_rm [14329, end)
slot update_slots: id  3 | task 4138 | prompt processing progress, n_tokens = 16376, batch.n_tokens = 2048, progress = 0.392729
slot update_slots: id  3 | task 4138 | n_tokens = 16376, memory_seq_rm [16376, end)
slot update_slots: id  3 | task 4138 | prompt processing progress, n_tokens = 18423, batch.n_tokens = 2048, progress = 0.441820
slot update_slots: id  3 | task 4138 | n_tokens = 18423, memory_seq_rm [18423, end)
slot update_slots: id  3 | task 4138 | prompt processing progress, n_tokens = 20470, batch.n_tokens = 2048, progress = 0.490911
slot update_slots: id  3 | task 4138 | n_tokens = 20470, memory_seq_rm [20470, end)
slot update_slots: id  3 | task 4138 | prompt processing progress, n_tokens = 22517, batch.n_tokens = 2048, progress = 0.540002
slot update_slots: id  3 | task 4138 | n_tokens = 22517, memory_seq_rm [22517, end)
slot update_slots: id  3 | task 4138 | prompt processing progress, n_tokens = 24564, batch.n_tokens = 2048, progress = 0.589093
slot update_slots: id  3 | task 4138 | n_tokens = 24564, memory_seq_rm [24564, end)
slot update_slots: id  3 | task 4138 | prompt processing progress, n_tokens = 26611, batch.n_tokens = 2048, progress = 0.638184
slot update_slots: id  3 | task 4138 | n_tokens = 26611, memory_seq_rm [26611, end)
slot update_slots: id  3 | task 4138 | prompt processing progress, n_tokens = 28658, batch.n_tokens = 2048, progress = 0.687275
slot update_slots: id  3 | task 4138 | n_tokens = 28658, memory_seq_rm [28658, end)
slot update_slots: id  3 | task 4138 | prompt processing progress, n_tokens = 30705, batch.n_tokens = 2048, progress = 0.736366
slot update_slots: id  3 | task 4138 | n_tokens = 30705, memory_seq_rm [30705, end)
slot update_slots: id  3 | task 4138 | prompt processing progress, n_tokens = 32752, batch.n_tokens = 2048, progress = 0.785457
slot update_slots: id  3 | task 4138 | n_tokens = 32752, memory_seq_rm [32752, end)
slot update_slots: id  3 | task 4138 | prompt processing progress, n_tokens = 34799, batch.n_tokens = 2048, progress = 0.834548
slot update_slots: id  3 | task 4138 | n_tokens = 34799, memory_seq_rm [34799, end)
slot update_slots: id  3 | task 4138 | prompt processing progress, n_tokens = 36846, batch.n_tokens = 2048, progress = 0.883640
slot update_slots: id  3 | task 4138 | n_tokens = 36846, memory_seq_rm [36846, end)
slot update_slots: id  3 | task 4138 | prompt processing progress, n_tokens = 38893, batch.n_tokens = 2048, progress = 0.932731
slot update_slots: id  3 | task 4138 | n_tokens = 38893, memory_seq_rm [38893, end)
slot update_slots: id  3 | task 4138 | prompt processing progress, n_tokens = 40940, batch.n_tokens = 2048, progress = 0.981822
slot update_slots: id  3 | task 4138 | n_tokens = 40940, memory_seq_rm [40940, end)
slot update_slots: id  3 | task 4138 | prompt processing progress, n_tokens = 41186, batch.n_tokens = 247, progress = 0.987721
slot update_slots: id  3 | task 4138 | n_tokens = 41186, memory_seq_rm [41186, end)
slot update_slots: id  3 | task 4138 | prompt processing progress, n_tokens = 41698, batch.n_tokens = 513, progress = 1.000000
slot update_slots: id  3 | task 4138 | prompt done, n_tokens = 41698, batch.n_tokens = 513
slot init_sampler: id  3 | task 4138 | init sampler, took 3.19 ms, tokens: text = 41698, total = 41698
slot update_slots: id  3 | task 4138 | created context checkpoint 1 of 8 (pos_min = 41185, pos_max = 41185, size = 75.376 MiB)
slot print_timing: id  0 | task 4136 | 
prompt eval time =     186.94 ms /   350 tokens (    0.53 ms per token,  1872.30 tokens per second)
       eval time =   18648.58 ms /    23 tokens (  810.81 ms per token,     1.23 tokens per second)
      total time =   18835.52 ms /   373 tokens
slot      release: id  0 | task 4136 | stop processing: n_tokens = 372, truncated = 0
srv  log_server_r: done request: POST /v1/messages 127.0.0.1 200
slot print_timing: id  3 | task 4138 | 
prompt eval time =   18388.48 ms / 41698 tokens (    0.44 ms per token,  2267.62 tokens per second)
       eval time =    1339.75 ms /   101 tokens (   13.26 ms per token,    75.39 tokens per second)
      total time =   19728.24 ms / 41799 tokens
slot      release: id  3 | task 4138 | stop processing: n_tokens = 41798, truncated = 0
srv  update_slots: all slots are idle
srv  log_server_r: done request: POST /v1/messages 127.0.0.1 200
srv  params_from_: Chat format: Qwen3 Coder
slot get_availabl: id  2 | task -1 | selected slot by LRU, t_last = 7515405058
srv  get_availabl: updating prompt cache
srv   prompt_save:  - saving prompt with length 815, total state size = 94.487 MiB
srv          load:  - looking for better prompt, base f_keep = 0.026, sim = 0.006
srv        update:  - cache state: 14 prompts, 7503.366 MiB (limits: 8192.000 MiB, 262144 tokens, 265127 est)
srv        update:    - prompt 0x5d592b10b2e0:     353 tokens, checkpoints:  0,    83.654 MiB
srv        update:    - prompt 0x5d593101e530:   38840 tokens, checkpoints:  1,  1061.509 MiB
srv        update:    - prompt 0x5d592f7998a0:     446 tokens, checkpoints:  0,    85.834 MiB
srv        update:    - prompt 0x5d5931387d30:   38996 tokens, checkpoints:  1,  1065.167 MiB
srv        update:    - prompt 0x5d5929e4e7e0:     446 tokens, checkpoints:  0,    85.834 MiB
srv        update:    - prompt 0x5d5931d489a0:   39055 tokens, checkpoints:  1,  1066.550 MiB
srv        update:    - prompt 0x5d592b18c750:     625 tokens, checkpoints:  1,   165.408 MiB
srv        update:    - prompt 0x5d59313871b0:   39402 tokens, checkpoints:  1,  1074.687 MiB
srv        update:    - prompt 0x5d592aae79a0:     825 tokens, checkpoints:  1,   170.097 MiB
srv        update:    - prompt 0x5d5922ad2030:     491 tokens, checkpoints:  0,    86.890 MiB
srv        update:    - prompt 0x5d5930f176d0:   39749 tokens, checkpoints:  1,  1082.824 MiB
srv        update:    - prompt 0x5d592d53b5a0:    1641 tokens, checkpoints:  1,   189.232 MiB
srv        update:    - prompt 0x5d5930cbf370:   41156 tokens, checkpoints:  1,  1115.817 MiB
srv        update:    - prompt 0x5d592c011510:     815 tokens, checkpoints:  1,   169.863 MiB
srv  get_availabl: prompt cache update took 42.02 ms
slot launch_slot_: id  2 | task -1 | sampler chain: logits -> ?penalties -> ?dry -> ?top-n-sigma -> top-k -> ?typical -> top-p -> min-p -> ?xtc -> ?temp-ext -> dist 
slot launch_slot_: id  2 | task 4261 | processing task, is_child = 0
slot update_slots: id  2 | task 4261 | new prompt, n_ctx_slot = 262144, n_keep = 0, task.n_tokens = 3363
slot update_slots: id  2 | task 4261 | n_past = 21, slot.prompt.tokens.size() = 815, seq_id = 2, pos_min = 814, n_swa = 1
slot update_slots: id  2 | task 4261 | forcing full prompt re-processing due to lack of cache data (likely due to SWA or hybrid/recurrent memory, see https://github.com/ggml-org/llama.cpp/pull/13194#issuecomment-2868343055)
slot update_slots: id  2 | task 4261 | erased invalidated context checkpoint (pos_min = 280, pos_max = 280, n_swa = 1, size = 75.376 MiB)
slot update_slots: id  2 | task 4261 | n_tokens = 0, memory_seq_rm [0, end)
slot update_slots: id  2 | task 4261 | prompt processing progress, n_tokens = 2048, batch.n_tokens = 2048, progress = 0.608980
srv  params_from_: Chat format: Qwen3 Coder
slot get_availabl: id  1 | task -1 | selected slot by LRU, t_last = 7515991626
srv  get_availabl: updating prompt cache
srv   prompt_save:  - saving prompt with length 41679, total state size = 1052.705 MiB
srv          load:  - looking for better prompt, base f_keep = 0.001, sim = 0.001
srv        update:  - cache size limit reached, removing oldest entry (size = 83.654 MiB)
srv        update:  - cache size limit reached, removing oldest entry (size = 1061.509 MiB)
srv        update:  - cache state: 13 prompts, 7486.284 MiB (limits: 8192.000 MiB, 262144 tokens, 268452 est)
srv        update:    - prompt 0x5d592f7998a0:     446 tokens, checkpoints:  0,    85.834 MiB
srv        update:    - prompt 0x5d5931387d30:   38996 tokens, checkpoints:  1,  1065.167 MiB
srv        update:    - prompt 0x5d5929e4e7e0:     446 tokens, checkpoints:  0,    85.834 MiB
srv        update:    - prompt 0x5d5931d489a0:   39055 tokens, checkpoints:  1,  1066.550 MiB
srv        update:    - prompt 0x5d592b18c750:     625 tokens, checkpoints:  1,   165.408 MiB
srv        update:    - prompt 0x5d59313871b0:   39402 tokens, checkpoints:  1,  1074.687 MiB
srv        update:    - prompt 0x5d592aae79a0:     825 tokens, checkpoints:  1,   170.097 MiB
srv        update:    - prompt 0x5d5922ad2030:     491 tokens, checkpoints:  0,    86.890 MiB
srv        update:    - prompt 0x5d5930f176d0:   39749 tokens, checkpoints:  1,  1082.824 MiB
srv        update:    - prompt 0x5d592d53b5a0:    1641 tokens, checkpoints:  1,   189.232 MiB
srv        update:    - prompt 0x5d5930cbf370:   41156 tokens, checkpoints:  1,  1115.817 MiB
srv        update:    - prompt 0x5d592c011510:     815 tokens, checkpoints:  1,   169.863 MiB
srv        update:    - prompt 0x5d5930d10aa0:   41679 tokens, checkpoints:  1,  1128.081 MiB
srv  get_availabl: prompt cache update took 256.68 ms
slot launch_slot_: id  1 | task -1 | sampler chain: logits -> ?penalties -> ?dry -> ?top-n-sigma -> top-k -> ?typical -> top-p -> min-p -> ?xtc -> ?temp-ext -> dist 
slot launch_slot_: id  1 | task 4263 | processing task, is_child = 0
slot update_slots: id  1 | task 4263 | new prompt, n_ctx_slot = 262144, n_keep = 0, task.n_tokens = 44791
slot update_slots: id  1 | task 4263 | n_past = 32, slot.prompt.tokens.size() = 41679, seq_id = 1, pos_min = 41678, n_swa = 1
slot update_slots: id  1 | task 4263 | forcing full prompt re-processing due to lack of cache data (likely due to SWA or hybrid/recurrent memory, see https://github.com/ggml-org/llama.cpp/pull/13194#issuecomment-2868343055)
slot update_slots: id  1 | task 4263 | erased invalidated context checkpoint (pos_min = 41102, pos_max = 41102, n_swa = 1, size = 75.376 MiB)
slot update_slots: id  1 | task 4263 | n_tokens = 0, memory_seq_rm [0, end)
slot update_slots: id  1 | task 4263 | prompt processing progress, n_tokens = 2048, batch.n_tokens = 2048, progress = 0.045723
slot update_slots: id  1 | task 4263 | n_tokens = 2048, memory_seq_rm [2048, end)
slot update_slots: id  1 | task 4263 | prompt processing progress, n_tokens = 4096, batch.n_tokens = 2048, progress = 0.091447
slot update_slots: id  1 | task 4263 | n_tokens = 4096, memory_seq_rm [4096, end)
slot update_slots: id  1 | task 4263 | prompt processing progress, n_tokens = 6144, batch.n_tokens = 2048, progress = 0.137170
slot update_slots: id  1 | task 4263 | n_tokens = 6144, memory_seq_rm [6144, end)
slot update_slots: id  1 | task 4263 | prompt processing progress, n_tokens = 8192, batch.n_tokens = 2048, progress = 0.182894
slot update_slots: id  1 | task 4263 | n_tokens = 8192, memory_seq_rm [8192, end)
slot update_slots: id  1 | task 4263 | prompt processing progress, n_tokens = 10240, batch.n_tokens = 2048, progress = 0.228617
slot update_slots: id  1 | task 4263 | n_tokens = 10240, memory_seq_rm [10240, end)
slot update_slots: id  1 | task 4263 | prompt processing progress, n_tokens = 12288, batch.n_tokens = 2048, progress = 0.274341
slot update_slots: id  1 | task 4263 | n_tokens = 12288, memory_seq_rm [12288, end)
slot update_slots: id  1 | task 4263 | prompt processing progress, n_tokens = 14336, batch.n_tokens = 2048, progress = 0.320064
slot update_slots: id  1 | task 4263 | n_tokens = 14336, memory_seq_rm [14336, end)
slot update_slots: id  1 | task 4263 | prompt processing progress, n_tokens = 16384, batch.n_tokens = 2048, progress = 0.365788
slot update_slots: id  1 | task 4263 | n_tokens = 16384, memory_seq_rm [16384, end)
slot update_slots: id  1 | task 4263 | prompt processing progress, n_tokens = 18432, batch.n_tokens = 2048, progress = 0.411511
slot update_slots: id  1 | task 4263 | n_tokens = 18432, memory_seq_rm [18432, end)
slot update_slots: id  1 | task 4263 | prompt processing progress, n_tokens = 20480, batch.n_tokens = 2048, progress = 0.457235
slot update_slots: id  1 | task 4263 | n_tokens = 20480, memory_seq_rm [20480, end)
slot update_slots: id  1 | task 4263 | prompt processing progress, n_tokens = 22528, batch.n_tokens = 2048, progress = 0.502958
slot update_slots: id  1 | task 4263 | n_tokens = 22528, memory_seq_rm [22528, end)
slot update_slots: id  1 | task 4263 | prompt processing progress, n_tokens = 24576, batch.n_tokens = 2048, progress = 0.548682
slot update_slots: id  1 | task 4263 | n_tokens = 24576, memory_seq_rm [24576, end)
slot update_slots: id  1 | task 4263 | prompt processing progress, n_tokens = 26624, batch.n_tokens = 2048, progress = 0.594405
slot update_slots: id  1 | task 4263 | n_tokens = 26624, memory_seq_rm [26624, end)
slot update_slots: id  1 | task 4263 | prompt processing progress, n_tokens = 28672, batch.n_tokens = 2048, progress = 0.640129
slot update_slots: id  1 | task 4263 | n_tokens = 28672, memory_seq_rm [28672, end)
slot update_slots: id  1 | task 4263 | prompt processing progress, n_tokens = 30720, batch.n_tokens = 2048, progress = 0.685852
slot update_slots: id  1 | task 4263 | n_tokens = 30720, memory_seq_rm [30720, end)
slot update_slots: id  1 | task 4263 | prompt processing progress, n_tokens = 32768, batch.n_tokens = 2048, progress = 0.731576
slot update_slots: id  1 | task 4263 | n_tokens = 32768, memory_seq_rm [32768, end)
slot update_slots: id  1 | task 4263 | prompt processing progress, n_tokens = 34816, batch.n_tokens = 2048, progress = 0.777299
slot update_slots: id  1 | task 4263 | n_tokens = 34816, memory_seq_rm [34816, end)
slot update_slots: id  1 | task 4263 | prompt processing progress, n_tokens = 36864, batch.n_tokens = 2048, progress = 0.823022
slot update_slots: id  1 | task 4263 | n_tokens = 36864, memory_seq_rm [36864, end)
slot update_slots: id  1 | task 4263 | prompt processing progress, n_tokens = 38912, batch.n_tokens = 2048, progress = 0.868746
slot update_slots: id  1 | task 4263 | n_tokens = 38912, memory_seq_rm [38912, end)
slot update_slots: id  1 | task 4263 | prompt processing progress, n_tokens = 40960, batch.n_tokens = 2048, progress = 0.914469
slot update_slots: id  1 | task 4263 | n_tokens = 40960, memory_seq_rm [40960, end)
slot update_slots: id  1 | task 4263 | prompt processing progress, n_tokens = 43008, batch.n_tokens = 2048, progress = 0.960193
slot update_slots: id  1 | task 4263 | n_tokens = 43008, memory_seq_rm [43008, end)
slot update_slots: id  1 | task 4263 | prompt processing progress, n_tokens = 44279, batch.n_tokens = 1271, progress = 0.988569
slot update_slots: id  2 | task 4261 | n_tokens = 2048, memory_seq_rm [2048, end)
slot update_slots: id  2 | task 4261 | prompt processing progress, n_tokens = 2825, batch.n_tokens = 2048, progress = 0.840024
slot update_slots: id  1 | task 4263 | n_tokens = 44279, memory_seq_rm [44279, end)
slot update_slots: id  1 | task 4263 | prompt processing progress, n_tokens = 44791, batch.n_tokens = 512, progress = 1.000000
slot update_slots: id  1 | task 4263 | prompt done, n_tokens = 44791, batch.n_tokens = 512
slot init_sampler: id  1 | task 4263 | init sampler, took 3.36 ms, tokens: text = 44791, total = 44791
slot update_slots: id  1 | task 4263 | created context checkpoint 1 of 8 (pos_min = 44278, pos_max = 44278, size = 75.376 MiB)
slot update_slots: id  2 | task 4261 | n_tokens = 2825, memory_seq_rm [2825, end)
slot update_slots: id  2 | task 4261 | prompt processing progress, n_tokens = 2851, batch.n_tokens = 538, progress = 0.847755
slot update_slots: id  2 | task 4261 | n_tokens = 2851, memory_seq_rm [2851, end)
slot update_slots: id  2 | task 4261 | prompt processing progress, n_tokens = 3363, batch.n_tokens = 513, progress = 1.000000
slot update_slots: id  2 | task 4261 | prompt done, n_tokens = 3363, batch.n_tokens = 513
slot init_sampler: id  2 | task 4261 | init sampler, took 0.29 ms, tokens: text = 3363, total = 3363
slot update_slots: id  2 | task 4261 | created context checkpoint 1 of 8 (pos_min = 2850, pos_max = 2850, size = 75.376 MiB)
slot print_timing: id  2 | task 4261 | 
prompt eval time =   21092.67 ms /  3363 tokens (    6.27 ms per token,   159.44 tokens per second)
       eval time =     399.05 ms /    23 tokens (   17.35 ms per token,    57.64 tokens per second)
      total time =   21491.71 ms /  3386 tokens
slot      release: id  2 | task 4261 | stop processing: n_tokens = 3385, truncated = 0
srv  log_server_r: done request: POST /v1/messages 127.0.0.1 200
slot print_timing: id  1 | task 4263 | 
prompt eval time =   19670.01 ms / 44791 tokens (    0.44 ms per token,  2277.12 tokens per second)
       eval time =    2229.12 ms /   139 tokens (   16.04 ms per token,    62.36 tokens per second)
      total time =   21899.13 ms / 44930 tokens
slot      release: id  1 | task 4263 | stop processing: n_tokens = 44929, truncated = 0
srv  update_slots: all slots are idle
srv  log_server_r: done request: POST /v1/messages 127.0.0.1 200
srv  params_from_: Chat format: Qwen3 Coder
slot get_availabl: id  0 | task -1 | selected slot by LRU, t_last = 7534910534
srv  get_availabl: updating prompt cache
srv   prompt_save:  - saving prompt with length 372, total state size = 84.099 MiB
srv          load:  - looking for better prompt, base f_keep = 0.056, sim = 0.007
srv        update:  - cache state: 14 prompts, 7570.383 MiB (limits: 8192.000 MiB, 262144 tokens, 265872 est)
srv        update:    - prompt 0x5d592f7998a0:     446 tokens, checkpoints:  0,    85.834 MiB
srv        update:    - prompt 0x5d5931387d30:   38996 tokens, checkpoints:  1,  1065.167 MiB
srv        update:    - prompt 0x5d5929e4e7e0:     446 tokens, checkpoints:  0,    85.834 MiB
srv        update:    - prompt 0x5d5931d489a0:   39055 tokens, checkpoints:  1,  1066.550 MiB
srv        update:    - prompt 0x5d592b18c750:     625 tokens, checkpoints:  1,   165.408 MiB
srv        update:    - prompt 0x5d59313871b0:   39402 tokens, checkpoints:  1,  1074.687 MiB
srv        update:    - prompt 0x5d592aae79a0:     825 tokens, checkpoints:  1,   170.097 MiB
srv        update:    - prompt 0x5d5922ad2030:     491 tokens, checkpoints:  0,    86.890 MiB
srv        update:    - prompt 0x5d5930f176d0:   39749 tokens, checkpoints:  1,  1082.824 MiB
srv        update:    - prompt 0x5d592d53b5a0:    1641 tokens, checkpoints:  1,   189.232 MiB
srv        update:    - prompt 0x5d5930cbf370:   41156 tokens, checkpoints:  1,  1115.817 MiB
srv        update:    - prompt 0x5d592c011510:     815 tokens, checkpoints:  1,   169.863 MiB
srv        update:    - prompt 0x5d5930d10aa0:   41679 tokens, checkpoints:  1,  1128.081 MiB
srv        update:    - prompt 0x5d592f7f5a40:     372 tokens, checkpoints:  0,    84.099 MiB
srv  get_availabl: prompt cache update took 23.39 ms
slot launch_slot_: id  0 | task -1 | sampler chain: logits -> ?penalties -> ?dry -> ?top-n-sigma -> top-k -> ?typical -> top-p -> min-p -> ?xtc -> ?temp-ext -> dist 
slot launch_slot_: id  0 | task 4425 | processing task, is_child = 0
slot update_slots: id  0 | task 4425 | new prompt, n_ctx_slot = 262144, n_keep = 0, task.n_tokens = 2918
slot update_slots: id  0 | task 4425 | n_past = 21, slot.prompt.tokens.size() = 372, seq_id = 0, pos_min = 371, n_swa = 1
slot update_slots: id  0 | task 4425 | forcing full prompt re-processing due to lack of cache data (likely due to SWA or hybrid/recurrent memory, see https://github.com/ggml-org/llama.cpp/pull/13194#issuecomment-2868343055)
slot update_slots: id  0 | task 4425 | n_tokens = 0, memory_seq_rm [0, end)
slot update_slots: id  0 | task 4425 | prompt processing progress, n_tokens = 2048, batch.n_tokens = 2048, progress = 0.701851
srv  params_from_: Chat format: Qwen3 Coder
slot get_availabl: id  3 | task -1 | selected slot by LRU, t_last = 7536251354
srv  get_availabl: updating prompt cache
srv   prompt_save:  - saving prompt with length 41798, total state size = 1055.495 MiB
srv          load:  - looking for better prompt, base f_keep = 0.001, sim = 0.001
srv        update:  - cache size limit reached, removing oldest entry (size = 85.834 MiB)
srv        update:  - cache size limit reached, removing oldest entry (size = 1065.167 MiB)
srv        update:  - cache state: 13 prompts, 7550.253 MiB (limits: 8192.000 MiB, 262144 tokens, 269137 est)
srv        update:    - prompt 0x5d5929e4e7e0:     446 tokens, checkpoints:  0,    85.834 MiB
srv        update:    - prompt 0x5d5931d489a0:   39055 tokens, checkpoints:  1,  1066.550 MiB
srv        update:    - prompt 0x5d592b18c750:     625 tokens, checkpoints:  1,   165.408 MiB
srv        update:    - prompt 0x5d59313871b0:   39402 tokens, checkpoints:  1,  1074.687 MiB
srv        update:    - prompt 0x5d592aae79a0:     825 tokens, checkpoints:  1,   170.097 MiB
srv        update:    - prompt 0x5d5922ad2030:     491 tokens, checkpoints:  0,    86.890 MiB
srv        update:    - prompt 0x5d5930f176d0:   39749 tokens, checkpoints:  1,  1082.824 MiB
srv        update:    - prompt 0x5d592d53b5a0:    1641 tokens, checkpoints:  1,   189.232 MiB
srv        update:    - prompt 0x5d5930cbf370:   41156 tokens, checkpoints:  1,  1115.817 MiB
srv        update:    - prompt 0x5d592c011510:     815 tokens, checkpoints:  1,   169.863 MiB
srv        update:    - prompt 0x5d5930d10aa0:   41679 tokens, checkpoints:  1,  1128.081 MiB
srv        update:    - prompt 0x5d592f7f5a40:     372 tokens, checkpoints:  0,    84.099 MiB
srv        update:    - prompt 0x5d593123a9b0:   41798 tokens, checkpoints:  1,  1130.871 MiB
srv  get_availabl: prompt cache update took 271.58 ms
slot launch_slot_: id  3 | task -1 | sampler chain: logits -> ?penalties -> ?dry -> ?top-n-sigma -> top-k -> ?typical -> top-p -> min-p -> ?xtc -> ?temp-ext -> dist 
slot launch_slot_: id  3 | task 4427 | processing task, is_child = 0
slot update_slots: id  0 | task 4425 | n_tokens = 2048, memory_seq_rm [2048, end)
slot update_slots: id  0 | task 4425 | prompt processing progress, n_tokens = 2406, batch.n_tokens = 358, progress = 0.824537
slot update_slots: id  3 | task 4427 | new prompt, n_ctx_slot = 262144, n_keep = 0, task.n_tokens = 47497
slot update_slots: id  3 | task 4427 | n_past = 32, slot.prompt.tokens.size() = 41798, seq_id = 3, pos_min = 41797, n_swa = 1
slot update_slots: id  3 | task 4427 | forcing full prompt re-processing due to lack of cache data (likely due to SWA or hybrid/recurrent memory, see https://github.com/ggml-org/llama.cpp/pull/13194#issuecomment-2868343055)
slot update_slots: id  3 | task 4427 | erased invalidated context checkpoint (pos_min = 41185, pos_max = 41185, n_swa = 1, size = 75.376 MiB)
slot update_slots: id  3 | task 4427 | n_tokens = 0, memory_seq_rm [0, end)
slot update_slots: id  3 | task 4427 | prompt processing progress, n_tokens = 1690, batch.n_tokens = 2048, progress = 0.035581
slot update_slots: id  0 | task 4425 | n_tokens = 2406, memory_seq_rm [2406, end)
slot update_slots: id  0 | task 4425 | prompt processing progress, n_tokens = 2918, batch.n_tokens = 512, progress = 1.000000
slot update_slots: id  0 | task 4425 | prompt done, n_tokens = 2918, batch.n_tokens = 512
slot init_sampler: id  0 | task 4425 | init sampler, took 0.22 ms, tokens: text = 2918, total = 2918
slot update_slots: id  0 | task 4425 | created context checkpoint 1 of 8 (pos_min = 2405, pos_max = 2405, size = 75.376 MiB)
slot update_slots: id  3 | task 4427 | n_tokens = 1690, memory_seq_rm [1690, end)
slot update_slots: id  3 | task 4427 | prompt processing progress, n_tokens = 3226, batch.n_tokens = 2048, progress = 0.067920
slot update_slots: id  3 | task 4427 | n_tokens = 3226, memory_seq_rm [3226, end)
slot update_slots: id  3 | task 4427 | prompt processing progress, n_tokens = 5273, batch.n_tokens = 2048, progress = 0.111018
slot update_slots: id  3 | task 4427 | n_tokens = 5273, memory_seq_rm [5273, end)
slot update_slots: id  3 | task 4427 | prompt processing progress, n_tokens = 7320, batch.n_tokens = 2048, progress = 0.154115
slot update_slots: id  3 | task 4427 | n_tokens = 7320, memory_seq_rm [7320, end)
slot update_slots: id  3 | task 4427 | prompt processing progress, n_tokens = 9367, batch.n_tokens = 2048, progress = 0.197212
slot update_slots: id  3 | task 4427 | n_tokens = 9367, memory_seq_rm [9367, end)
slot update_slots: id  3 | task 4427 | prompt processing progress, n_tokens = 11414, batch.n_tokens = 2048, progress = 0.240310
slot update_slots: id  3 | task 4427 | n_tokens = 11414, memory_seq_rm [11414, end)
slot update_slots: id  3 | task 4427 | prompt processing progress, n_tokens = 13461, batch.n_tokens = 2048, progress = 0.283407
slot update_slots: id  3 | task 4427 | n_tokens = 13461, memory_seq_rm [13461, end)
slot update_slots: id  3 | task 4427 | prompt processing progress, n_tokens = 15508, batch.n_tokens = 2048, progress = 0.326505
slot update_slots: id  3 | task 4427 | n_tokens = 15508, memory_seq_rm [15508, end)
slot update_slots: id  3 | task 4427 | prompt processing progress, n_tokens = 17555, batch.n_tokens = 2048, progress = 0.369602
slot update_slots: id  3 | task 4427 | n_tokens = 17555, memory_seq_rm [17555, end)
slot update_slots: id  3 | task 4427 | prompt processing progress, n_tokens = 19602, batch.n_tokens = 2048, progress = 0.412700
slot update_slots: id  3 | task 4427 | n_tokens = 19602, memory_seq_rm [19602, end)
slot update_slots: id  3 | task 4427 | prompt processing progress, n_tokens = 21649, batch.n_tokens = 2048, progress = 0.455797
slot update_slots: id  3 | task 4427 | n_tokens = 21649, memory_seq_rm [21649, end)
slot update_slots: id  3 | task 4427 | prompt processing progress, n_tokens = 23696, batch.n_tokens = 2048, progress = 0.498895
slot update_slots: id  3 | task 4427 | n_tokens = 23696, memory_seq_rm [23696, end)
slot update_slots: id  3 | task 4427 | prompt processing progress, n_tokens = 25743, batch.n_tokens = 2048, progress = 0.541992
slot update_slots: id  3 | task 4427 | n_tokens = 25743, memory_seq_rm [25743, end)
slot update_slots: id  3 | task 4427 | prompt processing progress, n_tokens = 27790, batch.n_tokens = 2048, progress = 0.585090
slot update_slots: id  3 | task 4427 | n_tokens = 27790, memory_seq_rm [27790, end)
slot update_slots: id  3 | task 4427 | prompt processing progress, n_tokens = 29837, batch.n_tokens = 2048, progress = 0.628187
slot update_slots: id  3 | task 4427 | n_tokens = 29837, memory_seq_rm [29837, end)
slot update_slots: id  3 | task 4427 | prompt processing progress, n_tokens = 31884, batch.n_tokens = 2048, progress = 0.671284
slot update_slots: id  3 | task 4427 | n_tokens = 31884, memory_seq_rm [31884, end)
slot update_slots: id  3 | task 4427 | prompt processing progress, n_tokens = 33931, batch.n_tokens = 2048, progress = 0.714382
slot update_slots: id  3 | task 4427 | n_tokens = 33931, memory_seq_rm [33931, end)
slot update_slots: id  3 | task 4427 | prompt processing progress, n_tokens = 35978, batch.n_tokens = 2048, progress = 0.757479
slot update_slots: id  3 | task 4427 | n_tokens = 35978, memory_seq_rm [35978, end)
slot update_slots: id  3 | task 4427 | prompt processing progress, n_tokens = 38025, batch.n_tokens = 2048, progress = 0.800577
slot update_slots: id  3 | task 4427 | n_tokens = 38025, memory_seq_rm [38025, end)
slot update_slots: id  3 | task 4427 | prompt processing progress, n_tokens = 40072, batch.n_tokens = 2048, progress = 0.843674
slot update_slots: id  3 | task 4427 | n_tokens = 40072, memory_seq_rm [40072, end)
slot update_slots: id  3 | task 4427 | prompt processing progress, n_tokens = 42119, batch.n_tokens = 2048, progress = 0.886772
slot update_slots: id  3 | task 4427 | n_tokens = 42119, memory_seq_rm [42119, end)
slot update_slots: id  3 | task 4427 | prompt processing progress, n_tokens = 44166, batch.n_tokens = 2048, progress = 0.929869
slot update_slots: id  3 | task 4427 | n_tokens = 44166, memory_seq_rm [44166, end)
slot update_slots: id  3 | task 4427 | prompt processing progress, n_tokens = 46213, batch.n_tokens = 2048, progress = 0.972967
slot update_slots: id  3 | task 4427 | n_tokens = 46213, memory_seq_rm [46213, end)
slot update_slots: id  3 | task 4427 | prompt processing progress, n_tokens = 46985, batch.n_tokens = 773, progress = 0.989220
slot print_timing: id  0 | task 4425 | 
prompt eval time =    3037.16 ms /  2918 tokens (    1.04 ms per token,   960.77 tokens per second)
       eval time =   19606.16 ms /    23 tokens (  852.44 ms per token,     1.17 tokens per second)
      total time =   22643.31 ms /  2941 tokens
slot      release: id  0 | task 4425 | stop processing: n_tokens = 2940, truncated = 0
slot update_slots: id  3 | task 4427 | n_tokens = 46985, memory_seq_rm [46985, end)
srv  log_server_r: done request: POST /v1/messages 127.0.0.1 200
slot update_slots: id  3 | task 4427 | prompt processing progress, n_tokens = 47497, batch.n_tokens = 512, progress = 1.000000
slot update_slots: id  3 | task 4427 | prompt done, n_tokens = 47497, batch.n_tokens = 512
slot init_sampler: id  3 | task 4427 | init sampler, took 3.60 ms, tokens: text = 47497, total = 47497
slot update_slots: id  3 | task 4427 | created context checkpoint 1 of 8 (pos_min = 46984, pos_max = 46984, size = 75.376 MiB)
slot print_timing: id  3 | task 4427 | 
prompt eval time =   21738.15 ms / 47497 tokens (    0.46 ms per token,  2184.96 tokens per second)
       eval time =    1403.01 ms /   104 tokens (   13.49 ms per token,    74.13 tokens per second)
      total time =   23141.16 ms / 47601 tokens
slot      release: id  3 | task 4427 | stop processing: n_tokens = 47600, truncated = 0
srv  update_slots: all slots are idle
srv  log_server_r: done request: POST /v1/messages 127.0.0.1 200
srv  params_from_: Chat format: Qwen3 Coder
slot get_availabl: id  2 | task -1 | selected slot by LRU, t_last = 7557823900
srv  get_availabl: updating prompt cache
srv   prompt_save:  - saving prompt with length 3385, total state size = 154.751 MiB
srv          load:  - looking for better prompt, base f_keep = 0.010, sim = 0.020
srv        update:  - cache state: 14 prompts, 7780.379 MiB (limits: 8192.000 MiB, 262144 tokens, 264741 est)
srv        update:    - prompt 0x5d5929e4e7e0:     446 tokens, checkpoints:  0,    85.834 MiB
srv        update:    - prompt 0x5d5931d489a0:   39055 tokens, checkpoints:  1,  1066.550 MiB
srv        update:    - prompt 0x5d592b18c750:     625 tokens, checkpoints:  1,   165.408 MiB
srv        update:    - prompt 0x5d59313871b0:   39402 tokens, checkpoints:  1,  1074.687 MiB
srv        update:    - prompt 0x5d592aae79a0:     825 tokens, checkpoints:  1,   170.097 MiB
srv        update:    - prompt 0x5d5922ad2030:     491 tokens, checkpoints:  0,    86.890 MiB
srv        update:    - prompt 0x5d5930f176d0:   39749 tokens, checkpoints:  1,  1082.824 MiB
srv        update:    - prompt 0x5d592d53b5a0:    1641 tokens, checkpoints:  1,   189.232 MiB
srv        update:    - prompt 0x5d5930cbf370:   41156 tokens, checkpoints:  1,  1115.817 MiB
srv        update:    - prompt 0x5d592c011510:     815 tokens, checkpoints:  1,   169.863 MiB
srv        update:    - prompt 0x5d5930d10aa0:   41679 tokens, checkpoints:  1,  1128.081 MiB
srv        update:    - prompt 0x5d592f7f5a40:     372 tokens, checkpoints:  0,    84.099 MiB
srv        update:    - prompt 0x5d593123a9b0:   41798 tokens, checkpoints:  1,  1130.871 MiB
srv        update:    - prompt 0x5d592f520910:    3385 tokens, checkpoints:  1,   230.127 MiB
srv  get_availabl: prompt cache update took 58.91 ms
slot launch_slot_: id  2 | task -1 | sampler chain: logits -> ?penalties -> ?dry -> ?top-n-sigma -> top-k -> ?typical -> top-p -> min-p -> ?xtc -> ?temp-ext -> dist 
slot launch_slot_: id  2 | task 4556 | processing task, is_child = 0
slot update_slots: id  2 | task 4556 | new prompt, n_ctx_slot = 262144, n_keep = 0, task.n_tokens = 1625
slot update_slots: id  2 | task 4556 | n_past = 33, slot.prompt.tokens.size() = 3385, seq_id = 2, pos_min = 3384, n_swa = 1
slot update_slots: id  2 | task 4556 | forcing full prompt re-processing due to lack of cache data (likely due to SWA or hybrid/recurrent memory, see https://github.com/ggml-org/llama.cpp/pull/13194#issuecomment-2868343055)
slot update_slots: id  2 | task 4556 | erased invalidated context checkpoint (pos_min = 2850, pos_max = 2850, n_swa = 1, size = 75.376 MiB)
slot update_slots: id  2 | task 4556 | n_tokens = 0, memory_seq_rm [0, end)
slot update_slots: id  2 | task 4556 | prompt processing progress, n_tokens = 1113, batch.n_tokens = 1113, progress = 0.684923
srv  params_from_: Chat format: Qwen3 Coder
slot get_availabl: id  1 | task -1 | selected slot by LRU, t_last = 7559378675
srv  get_availabl: updating prompt cache
srv   prompt_save:  - saving prompt with length 44929, total state size = 1128.914 MiB
srv          load:  - looking for better prompt, base f_keep = 0.001, sim = 0.001
srv        update:  - cache size limit reached, removing oldest entry (size = 85.834 MiB)
srv        update:  - cache size limit reached, removing oldest entry (size = 1066.550 MiB)
srv        update:  - cache state: 13 prompts, 7832.284 MiB (limits: 8192.000 MiB, 262144 tokens, 268664 est)
srv        update:    - prompt 0x5d592b18c750:     625 tokens, checkpoints:  1,   165.408 MiB
srv        update:    - prompt 0x5d59313871b0:   39402 tokens, checkpoints:  1,  1074.687 MiB
srv        update:    - prompt 0x5d592aae79a0:     825 tokens, checkpoints:  1,   170.097 MiB
srv        update:    - prompt 0x5d5922ad2030:     491 tokens, checkpoints:  0,    86.890 MiB
srv        update:    - prompt 0x5d5930f176d0:   39749 tokens, checkpoints:  1,  1082.824 MiB
srv        update:    - prompt 0x5d592d53b5a0:    1641 tokens, checkpoints:  1,   189.232 MiB
srv        update:    - prompt 0x5d5930cbf370:   41156 tokens, checkpoints:  1,  1115.817 MiB
srv        update:    - prompt 0x5d592c011510:     815 tokens, checkpoints:  1,   169.863 MiB
srv        update:    - prompt 0x5d5930d10aa0:   41679 tokens, checkpoints:  1,  1128.081 MiB
srv        update:    - prompt 0x5d592f7f5a40:     372 tokens, checkpoints:  0,    84.099 MiB
srv        update:    - prompt 0x5d593123a9b0:   41798 tokens, checkpoints:  1,  1130.871 MiB
srv        update:    - prompt 0x5d592f520910:    3385 tokens, checkpoints:  1,   230.127 MiB
srv        update:    - prompt 0x5d592a6f1cb0:   44929 tokens, checkpoints:  1,  1204.290 MiB
srv  get_availabl: prompt cache update took 280.38 ms
slot launch_slot_: id  1 | task -1 | sampler chain: logits -> ?penalties -> ?dry -> ?top-n-sigma -> top-k -> ?typical -> top-p -> min-p -> ?xtc -> ?temp-ext -> dist 
slot launch_slot_: id  1 | task 4558 | processing task, is_child = 0
slot update_slots: id  1 | task 4558 | new prompt, n_ctx_slot = 262144, n_keep = 0, task.n_tokens = 49003
slot update_slots: id  1 | task 4558 | n_past = 33, slot.prompt.tokens.size() = 44929, seq_id = 1, pos_min = 44928, n_swa = 1
slot update_slots: id  1 | task 4558 | forcing full prompt re-processing due to lack of cache data (likely due to SWA or hybrid/recurrent memory, see https://github.com/ggml-org/llama.cpp/pull/13194#issuecomment-2868343055)
slot update_slots: id  1 | task 4558 | erased invalidated context checkpoint (pos_min = 44278, pos_max = 44278, n_swa = 1, size = 75.376 MiB)
slot update_slots: id  1 | task 4558 | n_tokens = 0, memory_seq_rm [0, end)
slot update_slots: id  1 | task 4558 | prompt processing progress, n_tokens = 2048, batch.n_tokens = 2048, progress = 0.041793
slot update_slots: id  1 | task 4558 | n_tokens = 2048, memory_seq_rm [2048, end)
slot update_slots: id  1 | task 4558 | prompt processing progress, n_tokens = 4096, batch.n_tokens = 2048, progress = 0.083587
slot update_slots: id  1 | task 4558 | n_tokens = 4096, memory_seq_rm [4096, end)
slot update_slots: id  1 | task 4558 | prompt processing progress, n_tokens = 6144, batch.n_tokens = 2048, progress = 0.125380
slot update_slots: id  1 | task 4558 | n_tokens = 6144, memory_seq_rm [6144, end)
slot update_slots: id  1 | task 4558 | prompt processing progress, n_tokens = 8192, batch.n_tokens = 2048, progress = 0.167173
slot update_slots: id  1 | task 4558 | n_tokens = 8192, memory_seq_rm [8192, end)
slot update_slots: id  1 | task 4558 | prompt processing progress, n_tokens = 10240, batch.n_tokens = 2048, progress = 0.208967
slot update_slots: id  1 | task 4558 | n_tokens = 10240, memory_seq_rm [10240, end)
slot update_slots: id  1 | task 4558 | prompt processing progress, n_tokens = 12288, batch.n_tokens = 2048, progress = 0.250760
slot update_slots: id  1 | task 4558 | n_tokens = 12288, memory_seq_rm [12288, end)
slot update_slots: id  1 | task 4558 | prompt processing progress, n_tokens = 14336, batch.n_tokens = 2048, progress = 0.292554
slot update_slots: id  1 | task 4558 | n_tokens = 14336, memory_seq_rm [14336, end)
slot update_slots: id  1 | task 4558 | prompt processing progress, n_tokens = 16384, batch.n_tokens = 2048, progress = 0.334347
slot update_slots: id  1 | task 4558 | n_tokens = 16384, memory_seq_rm [16384, end)
slot update_slots: id  1 | task 4558 | prompt processing progress, n_tokens = 18432, batch.n_tokens = 2048, progress = 0.376140
slot update_slots: id  1 | task 4558 | n_tokens = 18432, memory_seq_rm [18432, end)
slot update_slots: id  1 | task 4558 | prompt processing progress, n_tokens = 20480, batch.n_tokens = 2048, progress = 0.417934
slot update_slots: id  1 | task 4558 | n_tokens = 20480, memory_seq_rm [20480, end)
slot update_slots: id  1 | task 4558 | prompt processing progress, n_tokens = 22528, batch.n_tokens = 2048, progress = 0.459727
slot update_slots: id  1 | task 4558 | n_tokens = 22528, memory_seq_rm [22528, end)
slot update_slots: id  1 | task 4558 | prompt processing progress, n_tokens = 24576, batch.n_tokens = 2048, progress = 0.501520
slot update_slots: id  1 | task 4558 | n_tokens = 24576, memory_seq_rm [24576, end)
slot update_slots: id  1 | task 4558 | prompt processing progress, n_tokens = 26624, batch.n_tokens = 2048, progress = 0.543314
slot update_slots: id  1 | task 4558 | n_tokens = 26624, memory_seq_rm [26624, end)
slot update_slots: id  1 | task 4558 | prompt processing progress, n_tokens = 28672, batch.n_tokens = 2048, progress = 0.585107
slot update_slots: id  1 | task 4558 | n_tokens = 28672, memory_seq_rm [28672, end)
slot update_slots: id  1 | task 4558 | prompt processing progress, n_tokens = 30720, batch.n_tokens = 2048, progress = 0.626900
slot update_slots: id  1 | task 4558 | n_tokens = 30720, memory_seq_rm [30720, end)
slot update_slots: id  1 | task 4558 | prompt processing progress, n_tokens = 32768, batch.n_tokens = 2048, progress = 0.668694
slot update_slots: id  1 | task 4558 | n_tokens = 32768, memory_seq_rm [32768, end)
slot update_slots: id  1 | task 4558 | prompt processing progress, n_tokens = 34816, batch.n_tokens = 2048, progress = 0.710487
slot update_slots: id  1 | task 4558 | n_tokens = 34816, memory_seq_rm [34816, end)
slot update_slots: id  1 | task 4558 | prompt processing progress, n_tokens = 36864, batch.n_tokens = 2048, progress = 0.752280
slot update_slots: id  1 | task 4558 | n_tokens = 36864, memory_seq_rm [36864, end)
slot update_slots: id  1 | task 4558 | prompt processing progress, n_tokens = 38912, batch.n_tokens = 2048, progress = 0.794074
slot update_slots: id  1 | task 4558 | n_tokens = 38912, memory_seq_rm [38912, end)
slot update_slots: id  1 | task 4558 | prompt processing progress, n_tokens = 40960, batch.n_tokens = 2048, progress = 0.835867
slot update_slots: id  1 | task 4558 | n_tokens = 40960, memory_seq_rm [40960, end)
slot update_slots: id  1 | task 4558 | prompt processing progress, n_tokens = 43008, batch.n_tokens = 2048, progress = 0.877661
slot update_slots: id  1 | task 4558 | n_tokens = 43008, memory_seq_rm [43008, end)
slot update_slots: id  1 | task 4558 | prompt processing progress, n_tokens = 45056, batch.n_tokens = 2048, progress = 0.919454
slot update_slots: id  1 | task 4558 | n_tokens = 45056, memory_seq_rm [45056, end)
slot update_slots: id  1 | task 4558 | prompt processing progress, n_tokens = 47104, batch.n_tokens = 2048, progress = 0.961247
slot update_slots: id  1 | task 4558 | n_tokens = 47104, memory_seq_rm [47104, end)
slot update_slots: id  1 | task 4558 | prompt processing progress, n_tokens = 48491, batch.n_tokens = 1387, progress = 0.989552
slot update_slots: id  2 | task 4556 | n_tokens = 1113, memory_seq_rm [1113, end)
slot update_slots: id  2 | task 4556 | prompt processing progress, n_tokens = 1625, batch.n_tokens = 1899, progress = 1.000000
slot update_slots: id  2 | task 4556 | prompt done, n_tokens = 1625, batch.n_tokens = 1899
slot init_sampler: id  2 | task 4556 | init sampler, took 0.12 ms, tokens: text = 1625, total = 1625
slot update_slots: id  2 | task 4556 | created context checkpoint 1 of 8 (pos_min = 1112, pos_max = 1112, size = 75.376 MiB)
slot update_slots: id  1 | task 4558 | n_tokens = 48491, memory_seq_rm [48491, end)
slot update_slots: id  1 | task 4558 | prompt processing progress, n_tokens = 49003, batch.n_tokens = 513, progress = 1.000000
slot update_slots: id  1 | task 4558 | prompt done, n_tokens = 49003, batch.n_tokens = 513
slot init_sampler: id  1 | task 4558 | init sampler, took 3.69 ms, tokens: text = 49003, total = 49003
slot update_slots: id  1 | task 4558 | created context checkpoint 1 of 8 (pos_min = 48490, pos_max = 48490, size = 75.376 MiB)
slot print_timing: id  2 | task 4556 | 
prompt eval time =   22447.61 ms /  1625 tokens (   13.81 ms per token,    72.39 tokens per second)
       eval time =     642.01 ms /    23 tokens (   27.91 ms per token,    35.83 tokens per second)
      total time =   23089.62 ms /  1648 tokens
slot      release: id  2 | task 4556 | stop processing: n_tokens = 1647, truncated = 0
srv  log_server_r: done request: POST /v1/messages 127.0.0.1 200
slot print_timing: id  1 | task 4558 | 
prompt eval time =   21901.06 ms / 49003 tokens (    0.45 ms per token,  2237.47 tokens per second)
       eval time =    2819.58 ms /   203 tokens (   13.89 ms per token,    72.00 tokens per second)
      total time =   24720.64 ms / 49206 tokens
slot      release: id  1 | task 4558 | stop processing: n_tokens = 49205, truncated = 0
srv  update_slots: all slots are idle
srv  log_server_r: done request: POST /v1/messages 127.0.0.1 200
srv  params_from_: Chat format: Qwen3 Coder
slot get_availabl: id  0 | task -1 | selected slot by LRU, t_last = 7582092244
srv  get_availabl: updating prompt cache
srv   prompt_save:  - saving prompt with length 2940, total state size = 144.316 MiB
srv          load:  - looking for better prompt, base f_keep = 0.007, sim = 0.026
srv        update:  - cache state: 14 prompts, 8051.976 MiB (limits: 8192.000 MiB, 262144 tokens, 264325 est)
srv        update:    - prompt 0x5d592b18c750:     625 tokens, checkpoints:  1,   165.408 MiB
srv        update:    - prompt 0x5d59313871b0:   39402 tokens, checkpoints:  1,  1074.687 MiB
srv        update:    - prompt 0x5d592aae79a0:     825 tokens, checkpoints:  1,   170.097 MiB
srv        update:    - prompt 0x5d5922ad2030:     491 tokens, checkpoints:  0,    86.890 MiB
srv        update:    - prompt 0x5d5930f176d0:   39749 tokens, checkpoints:  1,  1082.824 MiB
srv        update:    - prompt 0x5d592d53b5a0:    1641 tokens, checkpoints:  1,   189.232 MiB
srv        update:    - prompt 0x5d5930cbf370:   41156 tokens, checkpoints:  1,  1115.817 MiB
srv        update:    - prompt 0x5d592c011510:     815 tokens, checkpoints:  1,   169.863 MiB
srv        update:    - prompt 0x5d5930d10aa0:   41679 tokens, checkpoints:  1,  1128.081 MiB
srv        update:    - prompt 0x5d592f7f5a40:     372 tokens, checkpoints:  0,    84.099 MiB
srv        update:    - prompt 0x5d593123a9b0:   41798 tokens, checkpoints:  1,  1130.871 MiB
srv        update:    - prompt 0x5d592f520910:    3385 tokens, checkpoints:  1,   230.127 MiB
srv        update:    - prompt 0x5d592a6f1cb0:   44929 tokens, checkpoints:  1,  1204.290 MiB
srv        update:    - prompt 0x5d5931239e30:    2940 tokens, checkpoints:  1,   219.692 MiB
srv  get_availabl: prompt cache update took 54.97 ms
slot launch_slot_: id  0 | task -1 | sampler chain: logits -> ?penalties -> ?dry -> ?top-n-sigma -> top-k -> ?typical -> top-p -> min-p -> ?xtc -> ?temp-ext -> dist 
slot launch_slot_: id  0 | task 4786 | processing task, is_child = 0
slot update_slots: id  0 | task 4786 | new prompt, n_ctx_slot = 262144, n_keep = 0, task.n_tokens = 757
slot update_slots: id  0 | task 4786 | n_past = 20, slot.prompt.tokens.size() = 2940, seq_id = 0, pos_min = 2939, n_swa = 1
slot update_slots: id  0 | task 4786 | forcing full prompt re-processing due to lack of cache data (likely due to SWA or hybrid/recurrent memory, see https://github.com/ggml-org/llama.cpp/pull/13194#issuecomment-2868343055)
slot update_slots: id  0 | task 4786 | erased invalidated context checkpoint (pos_min = 2405, pos_max = 2405, n_swa = 1, size = 75.376 MiB)
slot update_slots: id  0 | task 4786 | n_tokens = 0, memory_seq_rm [0, end)
slot update_slots: id  0 | task 4786 | prompt processing progress, n_tokens = 245, batch.n_tokens = 245, progress = 0.323646
srv  params_from_: Chat format: Qwen3 Coder
slot get_availabl: id  3 | task -1 | selected slot by LRU, t_last = 7583749455
srv  get_availabl: updating prompt cache
srv   prompt_save:  - saving prompt with length 47600, total state size = 1191.546 MiB
srv          load:  - looking for better prompt, base f_keep = 0.001, sim = 0.001
srv        update:  - cache size limit reached, removing oldest entry (size = 165.408 MiB)
srv        update:  - cache size limit reached, removing oldest entry (size = 1074.687 MiB)
srv        update:  - cache state: 13 prompts, 8078.803 MiB (limits: 8192.000 MiB, 262144 tokens, 271126 est)
srv        update:    - prompt 0x5d592aae79a0:     825 tokens, checkpoints:  1,   170.097 MiB
srv        update:    - prompt 0x5d5922ad2030:     491 tokens, checkpoints:  0,    86.890 MiB
srv        update:    - prompt 0x5d5930f176d0:   39749 tokens, checkpoints:  1,  1082.824 MiB
srv        update:    - prompt 0x5d592d53b5a0:    1641 tokens, checkpoints:  1,   189.232 MiB
srv        update:    - prompt 0x5d5930cbf370:   41156 tokens, checkpoints:  1,  1115.817 MiB
srv        update:    - prompt 0x5d592c011510:     815 tokens, checkpoints:  1,   169.863 MiB
srv        update:    - prompt 0x5d5930d10aa0:   41679 tokens, checkpoints:  1,  1128.081 MiB
srv        update:    - prompt 0x5d592f7f5a40:     372 tokens, checkpoints:  0,    84.099 MiB
srv        update:    - prompt 0x5d593123a9b0:   41798 tokens, checkpoints:  1,  1130.871 MiB
srv        update:    - prompt 0x5d592f520910:    3385 tokens, checkpoints:  1,   230.127 MiB
srv        update:    - prompt 0x5d592a6f1cb0:   44929 tokens, checkpoints:  1,  1204.290 MiB
srv        update:    - prompt 0x5d5931239e30:    2940 tokens, checkpoints:  1,   219.692 MiB
srv        update:    - prompt 0x5d5930d00bb0:   47600 tokens, checkpoints:  1,  1266.922 MiB
srv  get_availabl: prompt cache update took 309.44 ms
slot launch_slot_: id  3 | task -1 | sampler chain: logits -> ?penalties -> ?dry -> ?top-n-sigma -> top-k -> ?typical -> top-p -> min-p -> ?xtc -> ?temp-ext -> dist 
slot launch_slot_: id  3 | task 4788 | processing task, is_child = 0
slot update_slots: id  0 | task 4786 | n_tokens = 245, memory_seq_rm [245, end)
slot update_slots: id  0 | task 4786 | prompt processing progress, n_tokens = 757, batch.n_tokens = 512, progress = 1.000000
slot update_slots: id  0 | task 4786 | prompt done, n_tokens = 757, batch.n_tokens = 512
slot init_sampler: id  0 | task 4786 | init sampler, took 0.06 ms, tokens: text = 757, total = 757
slot update_slots: id  0 | task 4786 | created context checkpoint 1 of 8 (pos_min = 244, pos_max = 244, size = 75.376 MiB)
slot update_slots: id  3 | task 4788 | new prompt, n_ctx_slot = 262144, n_keep = 0, task.n_tokens = 49635
slot update_slots: id  3 | task 4788 | n_past = 32, slot.prompt.tokens.size() = 47600, seq_id = 3, pos_min = 47599, n_swa = 1
slot update_slots: id  3 | task 4788 | forcing full prompt re-processing due to lack of cache data (likely due to SWA or hybrid/recurrent memory, see https://github.com/ggml-org/llama.cpp/pull/13194#issuecomment-2868343055)
slot update_slots: id  3 | task 4788 | erased invalidated context checkpoint (pos_min = 46984, pos_max = 46984, n_swa = 1, size = 75.376 MiB)
slot update_slots: id  3 | task 4788 | n_tokens = 0, memory_seq_rm [0, end)
slot update_slots: id  3 | task 4788 | prompt processing progress, n_tokens = 1536, batch.n_tokens = 2048, progress = 0.030946
slot update_slots: id  3 | task 4788 | n_tokens = 1536, memory_seq_rm [1536, end)
slot update_slots: id  3 | task 4788 | prompt processing progress, n_tokens = 3583, batch.n_tokens = 2048, progress = 0.072187
slot update_slots: id  3 | task 4788 | n_tokens = 3583, memory_seq_rm [3583, end)
slot update_slots: id  3 | task 4788 | prompt processing progress, n_tokens = 5630, batch.n_tokens = 2048, progress = 0.113428
slot update_slots: id  3 | task 4788 | n_tokens = 5630, memory_seq_rm [5630, end)
slot update_slots: id  3 | task 4788 | prompt processing progress, n_tokens = 7677, batch.n_tokens = 2048, progress = 0.154669
slot update_slots: id  3 | task 4788 | n_tokens = 7677, memory_seq_rm [7677, end)
slot update_slots: id  3 | task 4788 | prompt processing progress, n_tokens = 9724, batch.n_tokens = 2048, progress = 0.195910
slot update_slots: id  3 | task 4788 | n_tokens = 9724, memory_seq_rm [9724, end)
slot update_slots: id  3 | task 4788 | prompt processing progress, n_tokens = 11771, batch.n_tokens = 2048, progress = 0.237151
slot update_slots: id  3 | task 4788 | n_tokens = 11771, memory_seq_rm [11771, end)
slot update_slots: id  3 | task 4788 | prompt processing progress, n_tokens = 13818, batch.n_tokens = 2048, progress = 0.278392
slot update_slots: id  3 | task 4788 | n_tokens = 13818, memory_seq_rm [13818, end)
slot update_slots: id  3 | task 4788 | prompt processing progress, n_tokens = 15865, batch.n_tokens = 2048, progress = 0.319633
slot update_slots: id  3 | task 4788 | n_tokens = 15865, memory_seq_rm [15865, end)
slot update_slots: id  3 | task 4788 | prompt processing progress, n_tokens = 17912, batch.n_tokens = 2048, progress = 0.360874
slot update_slots: id  3 | task 4788 | n_tokens = 17912, memory_seq_rm [17912, end)
slot update_slots: id  3 | task 4788 | prompt processing progress, n_tokens = 19959, batch.n_tokens = 2048, progress = 0.402115
slot update_slots: id  3 | task 4788 | n_tokens = 19959, memory_seq_rm [19959, end)
slot update_slots: id  3 | task 4788 | prompt processing progress, n_tokens = 22006, batch.n_tokens = 2048, progress = 0.443357
slot update_slots: id  3 | task 4788 | n_tokens = 22006, memory_seq_rm [22006, end)
slot update_slots: id  3 | task 4788 | prompt processing progress, n_tokens = 24053, batch.n_tokens = 2048, progress = 0.484598
slot update_slots: id  3 | task 4788 | n_tokens = 24053, memory_seq_rm [24053, end)
slot update_slots: id  3 | task 4788 | prompt processing progress, n_tokens = 26100, batch.n_tokens = 2048, progress = 0.525839
slot update_slots: id  3 | task 4788 | n_tokens = 26100, memory_seq_rm [26100, end)
slot update_slots: id  3 | task 4788 | prompt processing progress, n_tokens = 28147, batch.n_tokens = 2048, progress = 0.567080
slot update_slots: id  3 | task 4788 | n_tokens = 28147, memory_seq_rm [28147, end)
slot update_slots: id  3 | task 4788 | prompt processing progress, n_tokens = 30194, batch.n_tokens = 2048, progress = 0.608321
slot update_slots: id  3 | task 4788 | n_tokens = 30194, memory_seq_rm [30194, end)
slot update_slots: id  3 | task 4788 | prompt processing progress, n_tokens = 32241, batch.n_tokens = 2048, progress = 0.649562
slot update_slots: id  3 | task 4788 | n_tokens = 32241, memory_seq_rm [32241, end)
slot update_slots: id  3 | task 4788 | prompt processing progress, n_tokens = 34288, batch.n_tokens = 2048, progress = 0.690803
slot update_slots: id  3 | task 4788 | n_tokens = 34288, memory_seq_rm [34288, end)
slot update_slots: id  3 | task 4788 | prompt processing progress, n_tokens = 36335, batch.n_tokens = 2048, progress = 0.732044
slot update_slots: id  3 | task 4788 | n_tokens = 36335, memory_seq_rm [36335, end)
slot update_slots: id  3 | task 4788 | prompt processing progress, n_tokens = 38382, batch.n_tokens = 2048, progress = 0.773285
slot update_slots: id  3 | task 4788 | n_tokens = 38382, memory_seq_rm [38382, end)
slot update_slots: id  3 | task 4788 | prompt processing progress, n_tokens = 40429, batch.n_tokens = 2048, progress = 0.814526
slot update_slots: id  3 | task 4788 | n_tokens = 40429, memory_seq_rm [40429, end)
slot update_slots: id  3 | task 4788 | prompt processing progress, n_tokens = 42476, batch.n_tokens = 2048, progress = 0.855767
slot update_slots: id  3 | task 4788 | n_tokens = 42476, memory_seq_rm [42476, end)
slot update_slots: id  3 | task 4788 | prompt processing progress, n_tokens = 44523, batch.n_tokens = 2048, progress = 0.897008
slot update_slots: id  3 | task 4788 | n_tokens = 44523, memory_seq_rm [44523, end)
slot update_slots: id  3 | task 4788 | prompt processing progress, n_tokens = 46570, batch.n_tokens = 2048, progress = 0.938249
slot print_timing: id  0 | task 4786 | 
prompt eval time =    1403.97 ms /   757 tokens (    1.85 ms per token,   539.18 tokens per second)
       eval time =   20499.25 ms /    23 tokens (  891.27 ms per token,     1.12 tokens per second)
      total time =   21903.23 ms /   780 tokens
slot      release: id  0 | task 4786 | stop processing: n_tokens = 779, truncated = 0
slot update_slots: id  3 | task 4788 | n_tokens = 46570, memory_seq_rm [46570, end)
srv  log_server_r: done request: POST /v1/messages 127.0.0.1 200
slot update_slots: id  3 | task 4788 | prompt processing progress, n_tokens = 48618, batch.n_tokens = 2048, progress = 0.979510
slot update_slots: id  3 | task 4788 | n_tokens = 48618, memory_seq_rm [48618, end)
slot update_slots: id  3 | task 4788 | prompt processing progress, n_tokens = 49123, batch.n_tokens = 505, progress = 0.989685
slot update_slots: id  3 | task 4788 | n_tokens = 49123, memory_seq_rm [49123, end)
slot update_slots: id  3 | task 4788 | prompt processing progress, n_tokens = 49635, batch.n_tokens = 512, progress = 1.000000
slot update_slots: id  3 | task 4788 | prompt done, n_tokens = 49635, batch.n_tokens = 512
slot init_sampler: id  3 | task 4788 | init sampler, took 3.73 ms, tokens: text = 49635, total = 49635
slot update_slots: id  3 | task 4788 | created context checkpoint 1 of 8 (pos_min = 49122, pos_max = 49122, size = 75.376 MiB)
slot print_timing: id  3 | task 4788 | 
prompt eval time =   22792.62 ms / 49635 tokens (    0.46 ms per token,  2177.68 tokens per second)
       eval time =    1242.31 ms /    93 tokens (   13.36 ms per token,    74.86 tokens per second)
      total time =   24034.93 ms / 49728 tokens
slot      release: id  3 | task 4788 | stop processing: n_tokens = 49727, truncated = 0
srv  update_slots: all slots are idle
srv  log_server_r: done request: POST /v1/messages 127.0.0.1 200
srv  params_from_: Chat format: Qwen3 Coder
slot get_availabl: id  2 | task -1 | selected slot by LRU, t_last = 7606924934
srv  get_availabl: updating prompt cache
srv   prompt_save:  - saving prompt with length 1647, total state size = 113.997 MiB
srv          load:  - looking for better prompt, base f_keep = 0.021, sim = 0.098
srv        update:  - cache size limit reached, removing oldest entry (size = 170.097 MiB)
srv        update:  - cache state: 13 prompts, 8098.078 MiB (limits: 8192.000 MiB, 262144 tokens, 271312 est)
srv        update:    - prompt 0x5d5922ad2030:     491 tokens, checkpoints:  0,    86.890 MiB
srv        update:    - prompt 0x5d5930f176d0:   39749 tokens, checkpoints:  1,  1082.824 MiB
srv        update:    - prompt 0x5d592d53b5a0:    1641 tokens, checkpoints:  1,   189.232 MiB
srv        update:    - prompt 0x5d5930cbf370:   41156 tokens, checkpoints:  1,  1115.817 MiB
srv        update:    - prompt 0x5d592c011510:     815 tokens, checkpoints:  1,   169.863 MiB
srv        update:    - prompt 0x5d5930d10aa0:   41679 tokens, checkpoints:  1,  1128.081 MiB
srv        update:    - prompt 0x5d592f7f5a40:     372 tokens, checkpoints:  0,    84.099 MiB
srv        update:    - prompt 0x5d593123a9b0:   41798 tokens, checkpoints:  1,  1130.871 MiB
srv        update:    - prompt 0x5d592f520910:    3385 tokens, checkpoints:  1,   230.127 MiB
srv        update:    - prompt 0x5d592a6f1cb0:   44929 tokens, checkpoints:  1,  1204.290 MiB
srv        update:    - prompt 0x5d5931239e30:    2940 tokens, checkpoints:  1,   219.692 MiB
srv        update:    - prompt 0x5d5930d00bb0:   47600 tokens, checkpoints:  1,  1266.922 MiB
srv        update:    - prompt 0x5d592d4e7b80:    1647 tokens, checkpoints:  1,   189.372 MiB
srv  get_availabl: prompt cache update took 63.72 ms
slot launch_slot_: id  2 | task -1 | sampler chain: logits -> ?penalties -> ?dry -> ?top-n-sigma -> top-k -> ?typical -> top-p -> min-p -> ?xtc -> ?temp-ext -> dist 
slot launch_slot_: id  2 | task 4907 | processing task, is_child = 0
slot update_slots: id  2 | task 4907 | new prompt, n_ctx_slot = 262144, n_keep = 0, task.n_tokens = 346
slot update_slots: id  2 | task 4907 | n_past = 34, slot.prompt.tokens.size() = 1647, seq_id = 2, pos_min = 1646, n_swa = 1
slot update_slots: id  2 | task 4907 | forcing full prompt re-processing due to lack of cache data (likely due to SWA or hybrid/recurrent memory, see https://github.com/ggml-org/llama.cpp/pull/13194#issuecomment-2868343055)
slot update_slots: id  2 | task 4907 | erased invalidated context checkpoint (pos_min = 1112, pos_max = 1112, n_swa = 1, size = 75.376 MiB)
slot update_slots: id  2 | task 4907 | n_tokens = 0, memory_seq_rm [0, end)
slot update_slots: id  2 | task 4907 | prompt processing progress, n_tokens = 346, batch.n_tokens = 346, progress = 1.000000
slot update_slots: id  2 | task 4907 | prompt done, n_tokens = 346, batch.n_tokens = 346
slot init_sampler: id  2 | task 4907 | init sampler, took 0.03 ms, tokens: text = 346, total = 346
srv  params_from_: Chat format: Qwen3 Coder
slot get_availabl: id  1 | task -1 | selected slot by LRU, t_last = 7609370761
srv  get_availabl: updating prompt cache
srv   prompt_save:  - saving prompt with length 49205, total state size = 1229.181 MiB
srv          load:  - looking for better prompt, base f_keep = 0.001, sim = 0.001
srv        update:  - cache size limit reached, removing oldest entry (size = 86.890 MiB)
srv        update:  - cache size limit reached, removing oldest entry (size = 1082.824 MiB)
srv        update:  - cache size limit reached, removing oldest entry (size = 189.232 MiB)
srv        update:  - cache state: 11 prompts, 8043.690 MiB (limits: 8192.000 MiB, 262144 tokens, 280606 est)
srv        update:    - prompt 0x5d5930cbf370:   41156 tokens, checkpoints:  1,  1115.817 MiB
srv        update:    - prompt 0x5d592c011510:     815 tokens, checkpoints:  1,   169.863 MiB
srv        update:    - prompt 0x5d5930d10aa0:   41679 tokens, checkpoints:  1,  1128.081 MiB
srv        update:    - prompt 0x5d592f7f5a40:     372 tokens, checkpoints:  0,    84.099 MiB
srv        update:    - prompt 0x5d593123a9b0:   41798 tokens, checkpoints:  1,  1130.871 MiB
srv        update:    - prompt 0x5d592f520910:    3385 tokens, checkpoints:  1,   230.127 MiB
srv        update:    - prompt 0x5d592a6f1cb0:   44929 tokens, checkpoints:  1,  1204.290 MiB
srv        update:    - prompt 0x5d5931239e30:    2940 tokens, checkpoints:  1,   219.692 MiB
srv        update:    - prompt 0x5d5930d00bb0:   47600 tokens, checkpoints:  1,  1266.922 MiB
srv        update:    - prompt 0x5d592d4e7b80:    1647 tokens, checkpoints:  1,   189.372 MiB
srv        update:    - prompt 0x5d592aae79a0:   49205 tokens, checkpoints:  1,  1304.557 MiB
srv  get_availabl: prompt cache update took 301.48 ms
slot launch_slot_: id  1 | task -1 | sampler chain: logits -> ?penalties -> ?dry -> ?top-n-sigma -> top-k -> ?typical -> top-p -> min-p -> ?xtc -> ?temp-ext -> dist 
slot launch_slot_: id  1 | task 4909 | processing task, is_child = 0
slot update_slots: id  1 | task 4909 | new prompt, n_ctx_slot = 262144, n_keep = 0, task.n_tokens = 49739
slot update_slots: id  1 | task 4909 | n_past = 32, slot.prompt.tokens.size() = 49205, seq_id = 1, pos_min = 49204, n_swa = 1
slot update_slots: id  1 | task 4909 | forcing full prompt re-processing due to lack of cache data (likely due to SWA or hybrid/recurrent memory, see https://github.com/ggml-org/llama.cpp/pull/13194#issuecomment-2868343055)
slot update_slots: id  1 | task 4909 | erased invalidated context checkpoint (pos_min = 48490, pos_max = 48490, n_swa = 1, size = 75.376 MiB)
slot update_slots: id  1 | task 4909 | n_tokens = 0, memory_seq_rm [0, end)
slot update_slots: id  1 | task 4909 | prompt processing progress, n_tokens = 2047, batch.n_tokens = 2048, progress = 0.041155
slot update_slots: id  1 | task 4909 | n_tokens = 2047, memory_seq_rm [2047, end)
slot update_slots: id  1 | task 4909 | prompt processing progress, n_tokens = 4094, batch.n_tokens = 2048, progress = 0.082310
slot update_slots: id  1 | task 4909 | n_tokens = 4094, memory_seq_rm [4094, end)
slot update_slots: id  1 | task 4909 | prompt processing progress, n_tokens = 6141, batch.n_tokens = 2048, progress = 0.123464
slot update_slots: id  1 | task 4909 | n_tokens = 6141, memory_seq_rm [6141, end)
slot update_slots: id  1 | task 4909 | prompt processing progress, n_tokens = 8188, batch.n_tokens = 2048, progress = 0.164619
slot update_slots: id  1 | task 4909 | n_tokens = 8188, memory_seq_rm [8188, end)
slot update_slots: id  1 | task 4909 | prompt processing progress, n_tokens = 10235, batch.n_tokens = 2048, progress = 0.205774
slot update_slots: id  1 | task 4909 | n_tokens = 10235, memory_seq_rm [10235, end)
slot update_slots: id  1 | task 4909 | prompt processing progress, n_tokens = 12282, batch.n_tokens = 2048, progress = 0.246929
slot update_slots: id  1 | task 4909 | n_tokens = 12282, memory_seq_rm [12282, end)
slot update_slots: id  1 | task 4909 | prompt processing progress, n_tokens = 14329, batch.n_tokens = 2048, progress = 0.288084
slot update_slots: id  1 | task 4909 | n_tokens = 14329, memory_seq_rm [14329, end)
slot update_slots: id  1 | task 4909 | prompt processing progress, n_tokens = 16376, batch.n_tokens = 2048, progress = 0.329239
slot update_slots: id  1 | task 4909 | n_tokens = 16376, memory_seq_rm [16376, end)
slot update_slots: id  1 | task 4909 | prompt processing progress, n_tokens = 18423, batch.n_tokens = 2048, progress = 0.370393
slot update_slots: id  1 | task 4909 | n_tokens = 18423, memory_seq_rm [18423, end)
slot update_slots: id  1 | task 4909 | prompt processing progress, n_tokens = 20470, batch.n_tokens = 2048, progress = 0.411548
slot update_slots: id  1 | task 4909 | n_tokens = 20470, memory_seq_rm [20470, end)
slot update_slots: id  1 | task 4909 | prompt processing progress, n_tokens = 22517, batch.n_tokens = 2048, progress = 0.452703
slot update_slots: id  1 | task 4909 | n_tokens = 22517, memory_seq_rm [22517, end)
slot update_slots: id  1 | task 4909 | prompt processing progress, n_tokens = 24564, batch.n_tokens = 2048, progress = 0.493858
slot update_slots: id  1 | task 4909 | n_tokens = 24564, memory_seq_rm [24564, end)
slot update_slots: id  1 | task 4909 | prompt processing progress, n_tokens = 26611, batch.n_tokens = 2048, progress = 0.535013
slot update_slots: id  1 | task 4909 | n_tokens = 26611, memory_seq_rm [26611, end)
slot update_slots: id  1 | task 4909 | prompt processing progress, n_tokens = 28658, batch.n_tokens = 2048, progress = 0.576168
slot update_slots: id  1 | task 4909 | n_tokens = 28658, memory_seq_rm [28658, end)
slot update_slots: id  1 | task 4909 | prompt processing progress, n_tokens = 30705, batch.n_tokens = 2048, progress = 0.617322
slot update_slots: id  1 | task 4909 | n_tokens = 30705, memory_seq_rm [30705, end)
slot update_slots: id  1 | task 4909 | prompt processing progress, n_tokens = 32752, batch.n_tokens = 2048, progress = 0.658477
slot update_slots: id  1 | task 4909 | n_tokens = 32752, memory_seq_rm [32752, end)
slot update_slots: id  1 | task 4909 | prompt processing progress, n_tokens = 34799, batch.n_tokens = 2048, progress = 0.699632
slot update_slots: id  1 | task 4909 | n_tokens = 34799, memory_seq_rm [34799, end)
slot update_slots: id  1 | task 4909 | prompt processing progress, n_tokens = 36846, batch.n_tokens = 2048, progress = 0.740787
slot update_slots: id  1 | task 4909 | n_tokens = 36846, memory_seq_rm [36846, end)
slot update_slots: id  1 | task 4909 | prompt processing progress, n_tokens = 38893, batch.n_tokens = 2048, progress = 0.781942
slot update_slots: id  1 | task 4909 | n_tokens = 38893, memory_seq_rm [38893, end)
slot update_slots: id  1 | task 4909 | prompt processing progress, n_tokens = 40940, batch.n_tokens = 2048, progress = 0.823097
slot update_slots: id  1 | task 4909 | n_tokens = 40940, memory_seq_rm [40940, end)
slot update_slots: id  1 | task 4909 | prompt processing progress, n_tokens = 42987, batch.n_tokens = 2048, progress = 0.864251
slot update_slots: id  1 | task 4909 | n_tokens = 42987, memory_seq_rm [42987, end)
slot update_slots: id  1 | task 4909 | prompt processing progress, n_tokens = 45034, batch.n_tokens = 2048, progress = 0.905406
slot print_timing: id  2 | task 4907 | 
prompt eval time =     195.83 ms /   346 tokens (    0.57 ms per token,  1766.86 tokens per second)
       eval time =   20644.47 ms /    23 tokens (  897.59 ms per token,     1.11 tokens per second)
      total time =   20840.30 ms /   369 tokens
slot      release: id  2 | task 4907 | stop processing: n_tokens = 368, truncated = 0
slot update_slots: id  1 | task 4909 | n_tokens = 45034, memory_seq_rm [45034, end)
srv  log_server_r: done request: POST /v1/messages 127.0.0.1 200
slot update_slots: id  1 | task 4909 | prompt processing progress, n_tokens = 47082, batch.n_tokens = 2048, progress = 0.946581
slot update_slots: id  1 | task 4909 | n_tokens = 47082, memory_seq_rm [47082, end)
slot update_slots: id  1 | task 4909 | prompt processing progress, n_tokens = 49130, batch.n_tokens = 2048, progress = 0.987756
slot update_slots: id  1 | task 4909 | n_tokens = 49130, memory_seq_rm [49130, end)
slot update_slots: id  1 | task 4909 | prompt processing progress, n_tokens = 49227, batch.n_tokens = 97, progress = 0.989706
slot update_slots: id  1 | task 4909 | n_tokens = 49227, memory_seq_rm [49227, end)
slot update_slots: id  1 | task 4909 | prompt processing progress, n_tokens = 49739, batch.n_tokens = 512, progress = 1.000000
slot update_slots: id  1 | task 4909 | prompt done, n_tokens = 49739, batch.n_tokens = 512
slot init_sampler: id  1 | task 4909 | init sampler, took 3.76 ms, tokens: text = 49739, total = 49739
slot update_slots: id  1 | task 4909 | created context checkpoint 1 of 8 (pos_min = 49226, pos_max = 49226, size = 75.376 MiB)
slot print_timing: id  1 | task 4909 | 
prompt eval time =   22462.13 ms / 49739 tokens (    0.45 ms per token,  2214.35 tokens per second)
       eval time =    1368.01 ms /   102 tokens (   13.41 ms per token,    74.56 tokens per second)
      total time =   23830.15 ms / 49841 tokens
slot      release: id  1 | task 4909 | stop processing: n_tokens = 49840, truncated = 0
srv  update_slots: all slots are idle
srv  log_server_r: done request: POST /v1/messages 127.0.0.1 200
srv  params_from_: Chat format: Qwen3 Coder
srv  params_from_: Chat format: Qwen3 Coder
srv  params_from_: Chat format: Qwen3 Coder
slot get_availabl: id  0 | task -1 | selected slot by LRU, t_last = 7632015732
srv  get_availabl: updating prompt cache
srv   prompt_save:  - saving prompt with length 779, total state size = 93.643 MiB
srv          load:  - looking for better prompt, base f_keep = 0.026, sim = 0.025
srv        update:  - cache size limit reached, removing oldest entry (size = 1115.817 MiB)
srv        update:  - cache state: 11 prompts, 7096.892 MiB (limits: 8192.000 MiB, 262144 tokens, 271434 est)
srv        update:    - prompt 0x5d592c011510:     815 tokens, checkpoints:  1,   169.863 MiB
srv        update:    - prompt 0x5d5930d10aa0:   41679 tokens, checkpoints:  1,  1128.081 MiB
srv        update:    - prompt 0x5d592f7f5a40:     372 tokens, checkpoints:  0,    84.099 MiB
srv        update:    - prompt 0x5d593123a9b0:   41798 tokens, checkpoints:  1,  1130.871 MiB
srv        update:    - prompt 0x5d592f520910:    3385 tokens, checkpoints:  1,   230.127 MiB
srv        update:    - prompt 0x5d592a6f1cb0:   44929 tokens, checkpoints:  1,  1204.290 MiB
srv        update:    - prompt 0x5d5931239e30:    2940 tokens, checkpoints:  1,   219.692 MiB
srv        update:    - prompt 0x5d5930d00bb0:   47600 tokens, checkpoints:  1,  1266.922 MiB
srv        update:    - prompt 0x5d592d4e7b80:    1647 tokens, checkpoints:  1,   189.372 MiB
srv        update:    - prompt 0x5d592aae79a0:   49205 tokens, checkpoints:  1,  1304.557 MiB
srv        update:    - prompt 0x5d592b18c750:     779 tokens, checkpoints:  1,   169.019 MiB
srv  get_availabl: prompt cache update took 57.61 ms
slot launch_slot_: id  0 | task -1 | sampler chain: logits -> ?penalties -> ?dry -> ?top-n-sigma -> top-k -> ?typical -> top-p -> min-p -> ?xtc -> ?temp-ext -> dist 
slot launch_slot_: id  0 | task 5037 | processing task, is_child = 0
slot get_availabl: id  3 | task -1 | selected slot by LRU, t_last = 7634639170
srv  get_availabl: updating prompt cache
srv   prompt_save:  - saving prompt with length 49727, total state size = 1241.422 MiB
srv          load:  - looking for better prompt, base f_keep = 0.000, sim = 0.023
srv        update:  - cache size limit reached, removing oldest entry (size = 169.863 MiB)
srv        update:  - cache size limit reached, removing oldest entry (size = 1128.081 MiB)
srv        update:  - cache state: 10 prompts, 7115.746 MiB (limits: 8192.000 MiB, 262144 tokens, 279042 est)
srv        update:    - prompt 0x5d592f7f5a40:     372 tokens, checkpoints:  0,    84.099 MiB
srv        update:    - prompt 0x5d593123a9b0:   41798 tokens, checkpoints:  1,  1130.871 MiB
srv        update:    - prompt 0x5d592f520910:    3385 tokens, checkpoints:  1,   230.127 MiB
srv        update:    - prompt 0x5d592a6f1cb0:   44929 tokens, checkpoints:  1,  1204.290 MiB
srv        update:    - prompt 0x5d5931239e30:    2940 tokens, checkpoints:  1,   219.692 MiB
srv        update:    - prompt 0x5d5930d00bb0:   47600 tokens, checkpoints:  1,  1266.922 MiB
srv        update:    - prompt 0x5d592d4e7b80:    1647 tokens, checkpoints:  1,   189.372 MiB
srv        update:    - prompt 0x5d592aae79a0:   49205 tokens, checkpoints:  1,  1304.557 MiB
srv        update:    - prompt 0x5d592b18c750:     779 tokens, checkpoints:  1,   169.019 MiB
srv        update:    - prompt 0x5d5930cbf370:   49727 tokens, checkpoints:  1,  1316.798 MiB
srv  get_availabl: prompt cache update took 316.65 ms
slot launch_slot_: id  3 | task -1 | sampler chain: logits -> ?penalties -> ?dry -> ?top-n-sigma -> top-k -> ?typical -> top-p -> min-p -> ?xtc -> ?temp-ext -> dist 
slot launch_slot_: id  3 | task 5038 | processing task, is_child = 0
slot get_availabl: id  2 | task -1 | selected slot by LRU, t_last = 7676368428
srv  get_availabl: updating prompt cache
srv   prompt_save:  - saving prompt with length 368, total state size = 84.005 MiB
srv          load:  - looking for better prompt, base f_keep = 0.057, sim = 0.024
srv        update:  - cache state: 11 prompts, 7199.751 MiB (limits: 8192.000 MiB, 262144 tokens, 276205 est)
srv        update:    - prompt 0x5d592f7f5a40:     372 tokens, checkpoints:  0,    84.099 MiB
srv        update:    - prompt 0x5d593123a9b0:   41798 tokens, checkpoints:  1,  1130.871 MiB
srv        update:    - prompt 0x5d592f520910:    3385 tokens, checkpoints:  1,   230.127 MiB
srv        update:    - prompt 0x5d592a6f1cb0:   44929 tokens, checkpoints:  1,  1204.290 MiB
srv        update:    - prompt 0x5d5931239e30:    2940 tokens, checkpoints:  1,   219.692 MiB
srv        update:    - prompt 0x5d5930d00bb0:   47600 tokens, checkpoints:  1,  1266.922 MiB
srv        update:    - prompt 0x5d592d4e7b80:    1647 tokens, checkpoints:  1,   189.372 MiB
srv        update:    - prompt 0x5d592aae79a0:   49205 tokens, checkpoints:  1,  1304.557 MiB
srv        update:    - prompt 0x5d592b18c750:     779 tokens, checkpoints:  1,   169.019 MiB
srv        update:    - prompt 0x5d5930cbf370:   49727 tokens, checkpoints:  1,  1316.798 MiB
srv        update:    - prompt 0x5d592c011510:     368 tokens, checkpoints:  0,    84.005 MiB
srv  get_availabl: prompt cache update took 23.58 ms
slot launch_slot_: id  2 | task -1 | sampler chain: logits -> ?penalties -> ?dry -> ?top-n-sigma -> top-k -> ?typical -> top-p -> min-p -> ?xtc -> ?temp-ext -> dist 
slot launch_slot_: id  2 | task 5039 | processing task, is_child = 0
slot update_slots: id  0 | task 5037 | new prompt, n_ctx_slot = 262144, n_keep = 0, task.n_tokens = 811
slot update_slots: id  0 | task 5037 | n_past = 20, slot.prompt.tokens.size() = 779, seq_id = 0, pos_min = 778, n_swa = 1
slot update_slots: id  0 | task 5037 | forcing full prompt re-processing due to lack of cache data (likely due to SWA or hybrid/recurrent memory, see https://github.com/ggml-org/llama.cpp/pull/13194#issuecomment-2868343055)
slot update_slots: id  0 | task 5037 | erased invalidated context checkpoint (pos_min = 244, pos_max = 244, n_swa = 1, size = 75.376 MiB)
slot update_slots: id  0 | task 5037 | n_tokens = 0, memory_seq_rm [0, end)
slot update_slots: id  0 | task 5037 | prompt processing progress, n_tokens = 299, batch.n_tokens = 299, progress = 0.368681
slot update_slots: id  2 | task 5039 | new prompt, n_ctx_slot = 262144, n_keep = 0, task.n_tokens = 867
slot update_slots: id  2 | task 5039 | n_past = 21, slot.prompt.tokens.size() = 368, seq_id = 2, pos_min = 367, n_swa = 1
slot update_slots: id  2 | task 5039 | forcing full prompt re-processing due to lack of cache data (likely due to SWA or hybrid/recurrent memory, see https://github.com/ggml-org/llama.cpp/pull/13194#issuecomment-2868343055)
slot update_slots: id  2 | task 5039 | n_tokens = 0, memory_seq_rm [0, end)
slot update_slots: id  2 | task 5039 | prompt processing progress, n_tokens = 355, batch.n_tokens = 654, progress = 0.409458
slot update_slots: id  3 | task 5038 | new prompt, n_ctx_slot = 262144, n_keep = 0, task.n_tokens = 878
slot update_slots: id  3 | task 5038 | n_past = 20, slot.prompt.tokens.size() = 49727, seq_id = 3, pos_min = 49726, n_swa = 1
slot update_slots: id  3 | task 5038 | forcing full prompt re-processing due to lack of cache data (likely due to SWA or hybrid/recurrent memory, see https://github.com/ggml-org/llama.cpp/pull/13194#issuecomment-2868343055)
slot update_slots: id  3 | task 5038 | erased invalidated context checkpoint (pos_min = 49122, pos_max = 49122, n_swa = 1, size = 75.376 MiB)
slot update_slots: id  3 | task 5038 | n_tokens = 0, memory_seq_rm [0, end)
slot update_slots: id  3 | task 5038 | prompt processing progress, n_tokens = 366, batch.n_tokens = 1020, progress = 0.416856
slot update_slots: id  0 | task 5037 | n_tokens = 299, memory_seq_rm [299, end)
slot update_slots: id  0 | task 5037 | prompt processing progress, n_tokens = 811, batch.n_tokens = 512, progress = 1.000000
slot update_slots: id  0 | task 5037 | prompt done, n_tokens = 811, batch.n_tokens = 512
slot init_sampler: id  0 | task 5037 | init sampler, took 0.06 ms, tokens: text = 811, total = 811
slot update_slots: id  0 | task 5037 | created context checkpoint 1 of 8 (pos_min = 298, pos_max = 298, size = 75.376 MiB)
slot update_slots: id  2 | task 5039 | n_tokens = 355, memory_seq_rm [355, end)
slot update_slots: id  2 | task 5039 | prompt processing progress, n_tokens = 867, batch.n_tokens = 1024, progress = 1.000000
slot update_slots: id  2 | task 5039 | prompt done, n_tokens = 867, batch.n_tokens = 1024
slot init_sampler: id  2 | task 5039 | init sampler, took 0.07 ms, tokens: text = 867, total = 867
slot update_slots: id  2 | task 5039 | created context checkpoint 1 of 8 (pos_min = 354, pos_max = 354, size = 75.376 MiB)
slot update_slots: id  3 | task 5038 | n_tokens = 366, memory_seq_rm [366, end)
slot update_slots: id  3 | task 5038 | prompt processing progress, n_tokens = 878, batch.n_tokens = 1536, progress = 1.000000
slot update_slots: id  3 | task 5038 | prompt done, n_tokens = 878, batch.n_tokens = 1536
slot init_sampler: id  3 | task 5038 | init sampler, took 0.07 ms, tokens: text = 878, total = 878
slot update_slots: id  3 | task 5038 | created context checkpoint 1 of 8 (pos_min = 365, pos_max = 365, size = 75.376 MiB)
slot print_timing: id  0 | task 5037 | 
prompt eval time =    1307.21 ms /   811 tokens (    1.61 ms per token,   620.41 tokens per second)
       eval time =      33.63 ms /     2 tokens (   16.82 ms per token,    59.46 tokens per second)
      total time =    1340.84 ms /   813 tokens
slot      release: id  0 | task 5037 | stop processing: n_tokens = 812, truncated = 0
srv  log_server_r: done request: POST /v1/messages 127.0.0.1 200
slot print_timing: id  2 | task 5039 | 
prompt eval time =    1306.21 ms /   867 tokens (    1.51 ms per token,   663.75 tokens per second)
       eval time =      51.10 ms /     3 tokens (   17.03 ms per token,    58.71 tokens per second)
      total time =    1357.31 ms /   870 tokens
slot      release: id  2 | task 5039 | stop processing: n_tokens = 869, truncated = 0
srv  log_server_r: done request: POST /v1/messages 127.0.0.1 200
slot print_timing: id  3 | task 5038 | 
prompt eval time =    1306.45 ms /   878 tokens (    1.49 ms per token,   672.05 tokens per second)
       eval time =      79.51 ms /     5 tokens (   15.90 ms per token,    62.88 tokens per second)
      total time =    1385.96 ms /   883 tokens
slot      release: id  3 | task 5038 | stop processing: n_tokens = 882, truncated = 0
srv  update_slots: all slots are idle
srv  log_server_r: done request: POST /v1/messages 127.0.0.1 200
srv  params_from_: Chat format: Qwen3 Coder
slot get_availabl: id  1 | task -1 | selected slot by LRU, t_last = 7679857044
srv  get_availabl: updating prompt cache
srv   prompt_save:  - saving prompt with length 49840, total state size = 1244.072 MiB
srv  params_from_: Chat format: Qwen3 Coder
srv          load:  - looking for better prompt, base f_keep = 0.000, sim = 0.044
srv        update:  - cache size limit reached, removing oldest entry (size = 84.099 MiB)
srv        update:  - cache size limit reached, removing oldest entry (size = 1130.871 MiB)
srv        update:  - cache state: 10 prompts, 7304.228 MiB (limits: 8192.000 MiB, 262144 tokens, 280856 est)
srv        update:    - prompt 0x5d592f520910:    3385 tokens, checkpoints:  1,   230.127 MiB
srv        update:    - prompt 0x5d592a6f1cb0:   44929 tokens, checkpoints:  1,  1204.290 MiB
srv        update:    - prompt 0x5d5931239e30:    2940 tokens, checkpoints:  1,   219.692 MiB
srv        update:    - prompt 0x5d5930d00bb0:   47600 tokens, checkpoints:  1,  1266.922 MiB
srv        update:    - prompt 0x5d592d4e7b80:    1647 tokens, checkpoints:  1,   189.372 MiB
srv        update:    - prompt 0x5d592aae79a0:   49205 tokens, checkpoints:  1,  1304.557 MiB
srv        update:    - prompt 0x5d592b18c750:     779 tokens, checkpoints:  1,   169.019 MiB
srv        update:    - prompt 0x5d5930cbf370:   49727 tokens, checkpoints:  1,  1316.798 MiB
srv        update:    - prompt 0x5d592c011510:     368 tokens, checkpoints:  0,    84.005 MiB
srv        update:    - prompt 0x5d5930e42690:   49840 tokens, checkpoints:  1,  1319.447 MiB
srv  get_availabl: prompt cache update took 317.10 ms
slot launch_slot_: id  1 | task -1 | sampler chain: logits -> ?penalties -> ?dry -> ?top-n-sigma -> top-k -> ?typical -> top-p -> min-p -> ?xtc -> ?temp-ext -> dist 
slot launch_slot_: id  1 | task 5046 | processing task, is_child = 0
slot get_availabl: id  0 | task -1 | selected slot by LRU, t_last = 7681607106
srv  get_availabl: updating prompt cache
srv   prompt_save:  - saving prompt with length 812, total state size = 94.417 MiB
srv          load:  - looking for better prompt, base f_keep = 0.025, sim = 0.000
srv        update:  - cache state: 11 prompts, 7474.021 MiB (limits: 8192.000 MiB, 262144 tokens, 275366 est)
srv        update:    - prompt 0x5d592f520910:    3385 tokens, checkpoints:  1,   230.127 MiB
srv        update:    - prompt 0x5d592a6f1cb0:   44929 tokens, checkpoints:  1,  1204.290 MiB
srv        update:    - prompt 0x5d5931239e30:    2940 tokens, checkpoints:  1,   219.692 MiB
srv        update:    - prompt 0x5d5930d00bb0:   47600 tokens, checkpoints:  1,  1266.922 MiB
srv        update:    - prompt 0x5d592d4e7b80:    1647 tokens, checkpoints:  1,   189.372 MiB
srv        update:    - prompt 0x5d592aae79a0:   49205 tokens, checkpoints:  1,  1304.557 MiB
srv        update:    - prompt 0x5d592b18c750:     779 tokens, checkpoints:  1,   169.019 MiB
srv        update:    - prompt 0x5d5930cbf370:   49727 tokens, checkpoints:  1,  1316.798 MiB
srv        update:    - prompt 0x5d592c011510:     368 tokens, checkpoints:  0,    84.005 MiB
srv        update:    - prompt 0x5d5930e42690:   49840 tokens, checkpoints:  1,  1319.447 MiB
srv        update:    - prompt 0x5d593123a9b0:     812 tokens, checkpoints:  1,   169.793 MiB
srv  get_availabl: prompt cache update took 36.54 ms
slot launch_slot_: id  0 | task -1 | sampler chain: logits -> ?penalties -> ?dry -> ?top-n-sigma -> top-k -> ?typical -> top-p -> min-p -> ?xtc -> ?temp-ext -> dist 
slot launch_slot_: id  0 | task 5047 | processing task, is_child = 0
slot update_slots: id  0 | task 5047 | new prompt, n_ctx_slot = 262144, n_keep = 0, task.n_tokens = 49928
slot update_slots: id  0 | task 5047 | n_past = 20, slot.prompt.tokens.size() = 812, seq_id = 0, pos_min = 811, n_swa = 1
slot update_slots: id  0 | task 5047 | forcing full prompt re-processing due to lack of cache data (likely due to SWA or hybrid/recurrent memory, see https://github.com/ggml-org/llama.cpp/pull/13194#issuecomment-2868343055)
slot update_slots: id  0 | task 5047 | erased invalidated context checkpoint (pos_min = 298, pos_max = 298, n_swa = 1, size = 75.376 MiB)
slot update_slots: id  0 | task 5047 | n_tokens = 0, memory_seq_rm [0, end)
slot update_slots: id  0 | task 5047 | prompt processing progress, n_tokens = 2048, batch.n_tokens = 2048, progress = 0.041019
slot update_slots: id  0 | task 5047 | n_tokens = 2048, memory_seq_rm [2048, end)
slot update_slots: id  0 | task 5047 | prompt processing progress, n_tokens = 4096, batch.n_tokens = 2048, progress = 0.082038
slot update_slots: id  0 | task 5047 | n_tokens = 4096, memory_seq_rm [4096, end)
slot update_slots: id  0 | task 5047 | prompt processing progress, n_tokens = 6144, batch.n_tokens = 2048, progress = 0.123057
slot update_slots: id  0 | task 5047 | n_tokens = 6144, memory_seq_rm [6144, end)
slot update_slots: id  0 | task 5047 | prompt processing progress, n_tokens = 8192, batch.n_tokens = 2048, progress = 0.164076
slot update_slots: id  0 | task 5047 | n_tokens = 8192, memory_seq_rm [8192, end)
slot update_slots: id  0 | task 5047 | prompt processing progress, n_tokens = 10240, batch.n_tokens = 2048, progress = 0.205095
slot update_slots: id  0 | task 5047 | n_tokens = 10240, memory_seq_rm [10240, end)
slot update_slots: id  0 | task 5047 | prompt processing progress, n_tokens = 12288, batch.n_tokens = 2048, progress = 0.246114
slot update_slots: id  0 | task 5047 | n_tokens = 12288, memory_seq_rm [12288, end)
slot update_slots: id  0 | task 5047 | prompt processing progress, n_tokens = 14336, batch.n_tokens = 2048, progress = 0.287133
slot update_slots: id  0 | task 5047 | n_tokens = 14336, memory_seq_rm [14336, end)
slot update_slots: id  0 | task 5047 | prompt processing progress, n_tokens = 16384, batch.n_tokens = 2048, progress = 0.328153
slot update_slots: id  0 | task 5047 | n_tokens = 16384, memory_seq_rm [16384, end)
slot update_slots: id  0 | task 5047 | prompt processing progress, n_tokens = 18432, batch.n_tokens = 2048, progress = 0.369172
slot update_slots: id  0 | task 5047 | n_tokens = 18432, memory_seq_rm [18432, end)
slot update_slots: id  0 | task 5047 | prompt processing progress, n_tokens = 20480, batch.n_tokens = 2048, progress = 0.410191
slot update_slots: id  0 | task 5047 | n_tokens = 20480, memory_seq_rm [20480, end)
slot update_slots: id  0 | task 5047 | prompt processing progress, n_tokens = 22528, batch.n_tokens = 2048, progress = 0.451210
slot update_slots: id  0 | task 5047 | n_tokens = 22528, memory_seq_rm [22528, end)
slot update_slots: id  0 | task 5047 | prompt processing progress, n_tokens = 24576, batch.n_tokens = 2048, progress = 0.492229
slot update_slots: id  0 | task 5047 | n_tokens = 24576, memory_seq_rm [24576, end)
slot update_slots: id  0 | task 5047 | prompt processing progress, n_tokens = 26624, batch.n_tokens = 2048, progress = 0.533248
slot update_slots: id  0 | task 5047 | n_tokens = 26624, memory_seq_rm [26624, end)
slot update_slots: id  0 | task 5047 | prompt processing progress, n_tokens = 28672, batch.n_tokens = 2048, progress = 0.574267
slot update_slots: id  0 | task 5047 | n_tokens = 28672, memory_seq_rm [28672, end)
slot update_slots: id  0 | task 5047 | prompt processing progress, n_tokens = 30720, batch.n_tokens = 2048, progress = 0.615286
slot update_slots: id  0 | task 5047 | n_tokens = 30720, memory_seq_rm [30720, end)
slot update_slots: id  0 | task 5047 | prompt processing progress, n_tokens = 32768, batch.n_tokens = 2048, progress = 0.656305
slot update_slots: id  0 | task 5047 | n_tokens = 32768, memory_seq_rm [32768, end)
slot update_slots: id  0 | task 5047 | prompt processing progress, n_tokens = 34816, batch.n_tokens = 2048, progress = 0.697324
slot update_slots: id  0 | task 5047 | n_tokens = 34816, memory_seq_rm [34816, end)
slot update_slots: id  0 | task 5047 | prompt processing progress, n_tokens = 36864, batch.n_tokens = 2048, progress = 0.738343
slot update_slots: id  0 | task 5047 | n_tokens = 36864, memory_seq_rm [36864, end)
slot update_slots: id  0 | task 5047 | prompt processing progress, n_tokens = 38912, batch.n_tokens = 2048, progress = 0.779362
slot update_slots: id  0 | task 5047 | n_tokens = 38912, memory_seq_rm [38912, end)
slot update_slots: id  0 | task 5047 | prompt processing progress, n_tokens = 40960, batch.n_tokens = 2048, progress = 0.820381
slot update_slots: id  0 | task 5047 | n_tokens = 40960, memory_seq_rm [40960, end)
slot update_slots: id  0 | task 5047 | prompt processing progress, n_tokens = 43008, batch.n_tokens = 2048, progress = 0.861400
slot update_slots: id  0 | task 5047 | n_tokens = 43008, memory_seq_rm [43008, end)
slot update_slots: id  0 | task 5047 | prompt processing progress, n_tokens = 45056, batch.n_tokens = 2048, progress = 0.902420
slot update_slots: id  0 | task 5047 | n_tokens = 45056, memory_seq_rm [45056, end)
slot update_slots: id  0 | task 5047 | prompt processing progress, n_tokens = 47104, batch.n_tokens = 2048, progress = 0.943439
slot update_slots: id  0 | task 5047 | n_tokens = 47104, memory_seq_rm [47104, end)
slot update_slots: id  0 | task 5047 | prompt processing progress, n_tokens = 49152, batch.n_tokens = 2048, progress = 0.984458
slot update_slots: id  0 | task 5047 | n_tokens = 49152, memory_seq_rm [49152, end)
slot update_slots: id  0 | task 5047 | prompt processing progress, n_tokens = 49416, batch.n_tokens = 264, progress = 0.989745
slot update_slots: id  1 | task 5046 | new prompt, n_ctx_slot = 262144, n_keep = 0, task.n_tokens = 457
slot update_slots: id  1 | task 5046 | n_past = 20, slot.prompt.tokens.size() = 49840, seq_id = 1, pos_min = 49839, n_swa = 1
slot update_slots: id  1 | task 5046 | forcing full prompt re-processing due to lack of cache data (likely due to SWA or hybrid/recurrent memory, see https://github.com/ggml-org/llama.cpp/pull/13194#issuecomment-2868343055)
slot update_slots: id  1 | task 5046 | erased invalidated context checkpoint (pos_min = 49226, pos_max = 49226, n_swa = 1, size = 75.376 MiB)
slot update_slots: id  1 | task 5046 | n_tokens = 0, memory_seq_rm [0, end)
slot update_slots: id  1 | task 5046 | prompt processing progress, n_tokens = 457, batch.n_tokens = 721, progress = 1.000000
slot update_slots: id  1 | task 5046 | prompt done, n_tokens = 457, batch.n_tokens = 721
slot init_sampler: id  1 | task 5046 | init sampler, took 0.04 ms, tokens: text = 457, total = 457
slot update_slots: id  0 | task 5047 | n_tokens = 49416, memory_seq_rm [49416, end)
slot update_slots: id  0 | task 5047 | prompt processing progress, n_tokens = 49928, batch.n_tokens = 513, progress = 1.000000
slot update_slots: id  0 | task 5047 | prompt done, n_tokens = 49928, batch.n_tokens = 513
slot init_sampler: id  0 | task 5047 | init sampler, took 3.76 ms, tokens: text = 49928, total = 49928
slot update_slots: id  0 | task 5047 | created context checkpoint 1 of 8 (pos_min = 49415, pos_max = 49415, size = 75.376 MiB)
slot print_timing: id  1 | task 5046 | 
prompt eval time =     423.03 ms /   457 tokens (    0.93 ms per token,  1080.30 tokens per second)
       eval time =     643.06 ms /    23 tokens (   27.96 ms per token,    35.77 tokens per second)
      total time =    1066.09 ms /   480 tokens
slot      release: id  1 | task 5046 | stop processing: n_tokens = 479, truncated = 0
srv  log_server_r: done request: POST /v1/messages 127.0.0.1 200
slot print_timing: id  0 | task 5047 | 
prompt eval time =   22345.83 ms / 49928 tokens (    0.45 ms per token,  2234.33 tokens per second)
       eval time =    2107.24 ms /   151 tokens (   13.96 ms per token,    71.66 tokens per second)
      total time =   24453.07 ms / 50079 tokens
slot      release: id  0 | task 5047 | stop processing: n_tokens = 50078, truncated = 0
srv  update_slots: all slots are idle
srv  log_server_r: done request: POST /v1/messages 127.0.0.1 200
srv  params_from_: Chat format: Qwen3 Coder
slot get_availabl: id  2 | task -1 | selected slot by LRU, t_last = 7681624755
srv  get_availabl: updating prompt cache
srv   prompt_save:  - saving prompt with length 869, total state size = 95.753 MiB
srv          load:  - looking for better prompt, base f_keep = 0.023, sim = 0.029
srv        update:  - cache state: 12 prompts, 7645.150 MiB (limits: 8192.000 MiB, 262144 tokens, 270133 est)
srv        update:    - prompt 0x5d592f520910:    3385 tokens, checkpoints:  1,   230.127 MiB
srv        update:    - prompt 0x5d592a6f1cb0:   44929 tokens, checkpoints:  1,  1204.290 MiB
srv        update:    - prompt 0x5d5931239e30:    2940 tokens, checkpoints:  1,   219.692 MiB
srv        update:    - prompt 0x5d5930d00bb0:   47600 tokens, checkpoints:  1,  1266.922 MiB
srv        update:    - prompt 0x5d592d4e7b80:    1647 tokens, checkpoints:  1,   189.372 MiB
srv        update:    - prompt 0x5d592aae79a0:   49205 tokens, checkpoints:  1,  1304.557 MiB
srv        update:    - prompt 0x5d592b18c750:     779 tokens, checkpoints:  1,   169.019 MiB
srv        update:    - prompt 0x5d5930cbf370:   49727 tokens, checkpoints:  1,  1316.798 MiB
srv        update:    - prompt 0x5d592c011510:     368 tokens, checkpoints:  0,    84.005 MiB
srv        update:    - prompt 0x5d5930e42690:   49840 tokens, checkpoints:  1,  1319.447 MiB
srv        update:    - prompt 0x5d593123a9b0:     812 tokens, checkpoints:  1,   169.793 MiB
srv        update:    - prompt 0x5d592a6f1130:     869 tokens, checkpoints:  1,   171.129 MiB
srv  get_availabl: prompt cache update took 41.81 ms
slot launch_slot_: id  2 | task -1 | sampler chain: logits -> ?penalties -> ?dry -> ?top-n-sigma -> top-k -> ?typical -> top-p -> min-p -> ?xtc -> ?temp-ext -> dist 
slot launch_slot_: id  2 | task 5224 | processing task, is_child = 0
slot update_slots: id  2 | task 5224 | new prompt, n_ctx_slot = 262144, n_keep = 0, task.n_tokens = 686
slot update_slots: id  2 | task 5224 | n_past = 20, slot.prompt.tokens.size() = 869, seq_id = 2, pos_min = 868, n_swa = 1
slot update_slots: id  2 | task 5224 | forcing full prompt re-processing due to lack of cache data (likely due to SWA or hybrid/recurrent memory, see https://github.com/ggml-org/llama.cpp/pull/13194#issuecomment-2868343055)
slot update_slots: id  2 | task 5224 | erased invalidated context checkpoint (pos_min = 354, pos_max = 354, n_swa = 1, size = 75.376 MiB)
slot update_slots: id  2 | task 5224 | n_tokens = 0, memory_seq_rm [0, end)
slot update_slots: id  2 | task 5224 | prompt processing progress, n_tokens = 174, batch.n_tokens = 174, progress = 0.253644
srv  params_from_: Chat format: Qwen3 Coder
slot get_availabl: id  3 | task -1 | selected slot by LRU, t_last = 7681653588
srv  get_availabl: updating prompt cache
srv   prompt_save:  - saving prompt with length 882, total state size = 96.058 MiB
srv          load:  - looking for better prompt, base f_keep = 0.023, sim = 0.000
srv        update:  - cache state: 13 prompts, 7816.584 MiB (limits: 8192.000 MiB, 262144 tokens, 265133 est)
srv        update:    - prompt 0x5d592f520910:    3385 tokens, checkpoints:  1,   230.127 MiB
srv        update:    - prompt 0x5d592a6f1cb0:   44929 tokens, checkpoints:  1,  1204.290 MiB
srv        update:    - prompt 0x5d5931239e30:    2940 tokens, checkpoints:  1,   219.692 MiB
srv        update:    - prompt 0x5d5930d00bb0:   47600 tokens, checkpoints:  1,  1266.922 MiB
srv        update:    - prompt 0x5d592d4e7b80:    1647 tokens, checkpoints:  1,   189.372 MiB
srv        update:    - prompt 0x5d592aae79a0:   49205 tokens, checkpoints:  1,  1304.557 MiB
srv        update:    - prompt 0x5d592b18c750:     779 tokens, checkpoints:  1,   169.019 MiB
srv        update:    - prompt 0x5d5930cbf370:   49727 tokens, checkpoints:  1,  1316.798 MiB
srv        update:    - prompt 0x5d592c011510:     368 tokens, checkpoints:  0,    84.005 MiB
srv        update:    - prompt 0x5d5930e42690:   49840 tokens, checkpoints:  1,  1319.447 MiB
srv        update:    - prompt 0x5d593123a9b0:     812 tokens, checkpoints:  1,   169.793 MiB
srv        update:    - prompt 0x5d592a6f1130:     869 tokens, checkpoints:  1,   171.129 MiB
srv        update:    - prompt 0x5d592c9830c0:     882 tokens, checkpoints:  1,   171.434 MiB
srv  get_availabl: prompt cache update took 38.80 ms
slot launch_slot_: id  3 | task -1 | sampler chain: logits -> ?penalties -> ?dry -> ?top-n-sigma -> top-k -> ?typical -> top-p -> min-p -> ?xtc -> ?temp-ext -> dist 
slot launch_slot_: id  3 | task 5226 | processing task, is_child = 0
slot update_slots: id  2 | task 5224 | n_tokens = 174, memory_seq_rm [174, end)
slot update_slots: id  2 | task 5224 | prompt processing progress, n_tokens = 686, batch.n_tokens = 512, progress = 1.000000
slot update_slots: id  2 | task 5224 | prompt done, n_tokens = 686, batch.n_tokens = 512
slot init_sampler: id  2 | task 5224 | init sampler, took 0.05 ms, tokens: text = 686, total = 686
slot update_slots: id  2 | task 5224 | created context checkpoint 1 of 8 (pos_min = 173, pos_max = 173, size = 75.376 MiB)
slot update_slots: id  3 | task 5226 | new prompt, n_ctx_slot = 262144, n_keep = 0, task.n_tokens = 50366
slot update_slots: id  3 | task 5226 | n_past = 20, slot.prompt.tokens.size() = 882, seq_id = 3, pos_min = 881, n_swa = 1
slot update_slots: id  3 | task 5226 | forcing full prompt re-processing due to lack of cache data (likely due to SWA or hybrid/recurrent memory, see https://github.com/ggml-org/llama.cpp/pull/13194#issuecomment-2868343055)
slot update_slots: id  3 | task 5226 | erased invalidated context checkpoint (pos_min = 365, pos_max = 365, n_swa = 1, size = 75.376 MiB)
slot update_slots: id  3 | task 5226 | n_tokens = 0, memory_seq_rm [0, end)
slot update_slots: id  3 | task 5226 | prompt processing progress, n_tokens = 1536, batch.n_tokens = 2048, progress = 0.030497
slot update_slots: id  3 | task 5226 | n_tokens = 1536, memory_seq_rm [1536, end)
slot update_slots: id  3 | task 5226 | prompt processing progress, n_tokens = 3583, batch.n_tokens = 2048, progress = 0.071139
slot update_slots: id  3 | task 5226 | n_tokens = 3583, memory_seq_rm [3583, end)
slot update_slots: id  3 | task 5226 | prompt processing progress, n_tokens = 5630, batch.n_tokens = 2048, progress = 0.111782
slot update_slots: id  3 | task 5226 | n_tokens = 5630, memory_seq_rm [5630, end)
slot update_slots: id  3 | task 5226 | prompt processing progress, n_tokens = 7677, batch.n_tokens = 2048, progress = 0.152424
slot update_slots: id  3 | task 5226 | n_tokens = 7677, memory_seq_rm [7677, end)
slot update_slots: id  3 | task 5226 | prompt processing progress, n_tokens = 9724, batch.n_tokens = 2048, progress = 0.193067
slot update_slots: id  3 | task 5226 | n_tokens = 9724, memory_seq_rm [9724, end)
slot update_slots: id  3 | task 5226 | prompt processing progress, n_tokens = 11771, batch.n_tokens = 2048, progress = 0.233709
slot update_slots: id  3 | task 5226 | n_tokens = 11771, memory_seq_rm [11771, end)
slot update_slots: id  3 | task 5226 | prompt processing progress, n_tokens = 13818, batch.n_tokens = 2048, progress = 0.274352
slot update_slots: id  3 | task 5226 | n_tokens = 13818, memory_seq_rm [13818, end)
slot update_slots: id  3 | task 5226 | prompt processing progress, n_tokens = 15865, batch.n_tokens = 2048, progress = 0.314994
slot update_slots: id  3 | task 5226 | n_tokens = 15865, memory_seq_rm [15865, end)
slot update_slots: id  3 | task 5226 | prompt processing progress, n_tokens = 17912, batch.n_tokens = 2048, progress = 0.355637
slot update_slots: id  3 | task 5226 | n_tokens = 17912, memory_seq_rm [17912, end)
slot update_slots: id  3 | task 5226 | prompt processing progress, n_tokens = 19959, batch.n_tokens = 2048, progress = 0.396279
slot update_slots: id  3 | task 5226 | n_tokens = 19959, memory_seq_rm [19959, end)
slot update_slots: id  3 | task 5226 | prompt processing progress, n_tokens = 22006, batch.n_tokens = 2048, progress = 0.436922
slot update_slots: id  3 | task 5226 | n_tokens = 22006, memory_seq_rm [22006, end)
slot update_slots: id  3 | task 5226 | prompt processing progress, n_tokens = 24053, batch.n_tokens = 2048, progress = 0.477564
slot update_slots: id  3 | task 5226 | n_tokens = 24053, memory_seq_rm [24053, end)
slot update_slots: id  3 | task 5226 | prompt processing progress, n_tokens = 26100, batch.n_tokens = 2048, progress = 0.518207
slot update_slots: id  3 | task 5226 | n_tokens = 26100, memory_seq_rm [26100, end)
slot update_slots: id  3 | task 5226 | prompt processing progress, n_tokens = 28147, batch.n_tokens = 2048, progress = 0.558849
slot update_slots: id  3 | task 5226 | n_tokens = 28147, memory_seq_rm [28147, end)
slot update_slots: id  3 | task 5226 | prompt processing progress, n_tokens = 30194, batch.n_tokens = 2048, progress = 0.599492
slot update_slots: id  3 | task 5226 | n_tokens = 30194, memory_seq_rm [30194, end)
slot update_slots: id  3 | task 5226 | prompt processing progress, n_tokens = 32241, batch.n_tokens = 2048, progress = 0.640134
slot update_slots: id  3 | task 5226 | n_tokens = 32241, memory_seq_rm [32241, end)
slot update_slots: id  3 | task 5226 | prompt processing progress, n_tokens = 34288, batch.n_tokens = 2048, progress = 0.680777
slot update_slots: id  3 | task 5226 | n_tokens = 34288, memory_seq_rm [34288, end)
slot update_slots: id  3 | task 5226 | prompt processing progress, n_tokens = 36335, batch.n_tokens = 2048, progress = 0.721419
slot update_slots: id  3 | task 5226 | n_tokens = 36335, memory_seq_rm [36335, end)
slot update_slots: id  3 | task 5226 | prompt processing progress, n_tokens = 38382, batch.n_tokens = 2048, progress = 0.762062
slot update_slots: id  3 | task 5226 | n_tokens = 38382, memory_seq_rm [38382, end)
slot update_slots: id  3 | task 5226 | prompt processing progress, n_tokens = 40429, batch.n_tokens = 2048, progress = 0.802704
slot update_slots: id  3 | task 5226 | n_tokens = 40429, memory_seq_rm [40429, end)
slot update_slots: id  3 | task 5226 | prompt processing progress, n_tokens = 42476, batch.n_tokens = 2048, progress = 0.843347
slot update_slots: id  3 | task 5226 | n_tokens = 42476, memory_seq_rm [42476, end)
slot update_slots: id  3 | task 5226 | prompt processing progress, n_tokens = 44523, batch.n_tokens = 2048, progress = 0.883989
slot update_slots: id  3 | task 5226 | n_tokens = 44523, memory_seq_rm [44523, end)
slot update_slots: id  3 | task 5226 | prompt processing progress, n_tokens = 46570, batch.n_tokens = 2048, progress = 0.924632
slot print_timing: id  2 | task 5224 | 
prompt eval time =    1083.80 ms /   686 tokens (    1.58 ms per token,   632.96 tokens per second)
       eval time =   20506.89 ms /    23 tokens (  891.60 ms per token,     1.12 tokens per second)
      total time =   21590.69 ms /   709 tokens
slot      release: id  2 | task 5224 | stop processing: n_tokens = 708, truncated = 0
slot update_slots: id  3 | task 5226 | n_tokens = 46570, memory_seq_rm [46570, end)
srv  log_server_r: done request: POST /v1/messages 127.0.0.1 200
slot update_slots: id  3 | task 5226 | prompt processing progress, n_tokens = 48618, batch.n_tokens = 2048, progress = 0.965294
slot update_slots: id  3 | task 5226 | n_tokens = 48618, memory_seq_rm [48618, end)
slot update_slots: id  3 | task 5226 | prompt processing progress, n_tokens = 49854, batch.n_tokens = 1236, progress = 0.989834
slot update_slots: id  3 | task 5226 | n_tokens = 49854, memory_seq_rm [49854, end)
slot update_slots: id  3 | task 5226 | prompt processing progress, n_tokens = 50366, batch.n_tokens = 512, progress = 1.000000
slot update_slots: id  3 | task 5226 | prompt done, n_tokens = 50366, batch.n_tokens = 512
slot init_sampler: id  3 | task 5226 | init sampler, took 3.76 ms, tokens: text = 50366, total = 50366
slot update_slots: id  3 | task 5226 | created context checkpoint 1 of 8 (pos_min = 49853, pos_max = 49853, size = 75.376 MiB)
slot print_timing: id  3 | task 5226 | 
prompt eval time =   23167.68 ms / 50366 tokens (    0.46 ms per token,  2173.98 tokens per second)
       eval time =     813.06 ms /    61 tokens (   13.33 ms per token,    75.03 tokens per second)
      total time =   23980.74 ms / 50427 tokens
slot      release: id  3 | task 5226 | stop processing: n_tokens = 50426, truncated = 0
srv  update_slots: all slots are idle
srv  log_server_r: done request: POST /v1/messages 127.0.0.1 200
srv  params_from_: Chat format: Qwen3 Coder
slot get_availabl: id  1 | task -1 | selected slot by LRU, t_last = 7712455960
srv  get_availabl: updating prompt cache
srv   prompt_save:  - saving prompt with length 479, total state size = 86.608 MiB
srv          load:  - looking for better prompt, base f_keep = 0.042, sim = 0.000
srv        update:  - cache state: 14 prompts, 7903.192 MiB (limits: 8192.000 MiB, 262144 tokens, 262724 est)
srv        update:    - prompt 0x5d592f520910:    3385 tokens, checkpoints:  1,   230.127 MiB
srv        update:    - prompt 0x5d592a6f1cb0:   44929 tokens, checkpoints:  1,  1204.290 MiB
srv        update:    - prompt 0x5d5931239e30:    2940 tokens, checkpoints:  1,   219.692 MiB
srv        update:    - prompt 0x5d5930d00bb0:   47600 tokens, checkpoints:  1,  1266.922 MiB
srv        update:    - prompt 0x5d592d4e7b80:    1647 tokens, checkpoints:  1,   189.372 MiB
srv        update:    - prompt 0x5d592aae79a0:   49205 tokens, checkpoints:  1,  1304.557 MiB
srv        update:    - prompt 0x5d592b18c750:     779 tokens, checkpoints:  1,   169.019 MiB
srv        update:    - prompt 0x5d5930cbf370:   49727 tokens, checkpoints:  1,  1316.798 MiB
srv        update:    - prompt 0x5d592c011510:     368 tokens, checkpoints:  0,    84.005 MiB
srv        update:    - prompt 0x5d5930e42690:   49840 tokens, checkpoints:  1,  1319.447 MiB
srv        update:    - prompt 0x5d593123a9b0:     812 tokens, checkpoints:  1,   169.793 MiB
srv        update:    - prompt 0x5d592a6f1130:     869 tokens, checkpoints:  1,   171.129 MiB
srv        update:    - prompt 0x5d592c9830c0:     882 tokens, checkpoints:  1,   171.434 MiB
srv        update:    - prompt 0x5d592f7f5a40:     479 tokens, checkpoints:  0,    86.608 MiB
srv  get_availabl: prompt cache update took 24.84 ms
slot launch_slot_: id  1 | task -1 | sampler chain: logits -> ?penalties -> ?dry -> ?top-n-sigma -> top-k -> ?typical -> top-p -> min-p -> ?xtc -> ?temp-ext -> dist 
slot launch_slot_: id  1 | task 5313 | processing task, is_child = 0
slot update_slots: id  1 | task 5313 | new prompt, n_ctx_slot = 262144, n_keep = 0, task.n_tokens = 50826
slot update_slots: id  1 | task 5313 | n_past = 20, slot.prompt.tokens.size() = 479, seq_id = 1, pos_min = 478, n_swa = 1
slot update_slots: id  1 | task 5313 | forcing full prompt re-processing due to lack of cache data (likely due to SWA or hybrid/recurrent memory, see https://github.com/ggml-org/llama.cpp/pull/13194#issuecomment-2868343055)
slot update_slots: id  1 | task 5313 | n_tokens = 0, memory_seq_rm [0, end)
slot update_slots: id  1 | task 5313 | prompt processing progress, n_tokens = 2048, batch.n_tokens = 2048, progress = 0.040294
slot update_slots: id  1 | task 5313 | n_tokens = 2048, memory_seq_rm [2048, end)
slot update_slots: id  1 | task 5313 | prompt processing progress, n_tokens = 4096, batch.n_tokens = 2048, progress = 0.080589
slot update_slots: id  1 | task 5313 | n_tokens = 4096, memory_seq_rm [4096, end)
slot update_slots: id  1 | task 5313 | prompt processing progress, n_tokens = 6144, batch.n_tokens = 2048, progress = 0.120883
slot update_slots: id  1 | task 5313 | n_tokens = 6144, memory_seq_rm [6144, end)
slot update_slots: id  1 | task 5313 | prompt processing progress, n_tokens = 8192, batch.n_tokens = 2048, progress = 0.161177
slot update_slots: id  1 | task 5313 | n_tokens = 8192, memory_seq_rm [8192, end)
slot update_slots: id  1 | task 5313 | prompt processing progress, n_tokens = 10240, batch.n_tokens = 2048, progress = 0.201472
slot update_slots: id  1 | task 5313 | n_tokens = 10240, memory_seq_rm [10240, end)
slot update_slots: id  1 | task 5313 | prompt processing progress, n_tokens = 12288, batch.n_tokens = 2048, progress = 0.241766
slot update_slots: id  1 | task 5313 | n_tokens = 12288, memory_seq_rm [12288, end)
slot update_slots: id  1 | task 5313 | prompt processing progress, n_tokens = 14336, batch.n_tokens = 2048, progress = 0.282060
slot update_slots: id  1 | task 5313 | n_tokens = 14336, memory_seq_rm [14336, end)
slot update_slots: id  1 | task 5313 | prompt processing progress, n_tokens = 16384, batch.n_tokens = 2048, progress = 0.322355
slot update_slots: id  1 | task 5313 | n_tokens = 16384, memory_seq_rm [16384, end)
slot update_slots: id  1 | task 5313 | prompt processing progress, n_tokens = 18432, batch.n_tokens = 2048, progress = 0.362649
slot update_slots: id  1 | task 5313 | n_tokens = 18432, memory_seq_rm [18432, end)
slot update_slots: id  1 | task 5313 | prompt processing progress, n_tokens = 20480, batch.n_tokens = 2048, progress = 0.402943
slot update_slots: id  1 | task 5313 | n_tokens = 20480, memory_seq_rm [20480, end)
slot update_slots: id  1 | task 5313 | prompt processing progress, n_tokens = 22528, batch.n_tokens = 2048, progress = 0.443238
slot update_slots: id  1 | task 5313 | n_tokens = 22528, memory_seq_rm [22528, end)
slot update_slots: id  1 | task 5313 | prompt processing progress, n_tokens = 24576, batch.n_tokens = 2048, progress = 0.483532
slot update_slots: id  1 | task 5313 | n_tokens = 24576, memory_seq_rm [24576, end)
slot update_slots: id  1 | task 5313 | prompt processing progress, n_tokens = 26624, batch.n_tokens = 2048, progress = 0.523826
slot update_slots: id  1 | task 5313 | n_tokens = 26624, memory_seq_rm [26624, end)
slot update_slots: id  1 | task 5313 | prompt processing progress, n_tokens = 28672, batch.n_tokens = 2048, progress = 0.564121
slot update_slots: id  1 | task 5313 | n_tokens = 28672, memory_seq_rm [28672, end)
slot update_slots: id  1 | task 5313 | prompt processing progress, n_tokens = 30720, batch.n_tokens = 2048, progress = 0.604415
slot update_slots: id  1 | task 5313 | n_tokens = 30720, memory_seq_rm [30720, end)
slot update_slots: id  1 | task 5313 | prompt processing progress, n_tokens = 32768, batch.n_tokens = 2048, progress = 0.644709
slot update_slots: id  1 | task 5313 | n_tokens = 32768, memory_seq_rm [32768, end)
slot update_slots: id  1 | task 5313 | prompt processing progress, n_tokens = 34816, batch.n_tokens = 2048, progress = 0.685004
slot update_slots: id  1 | task 5313 | n_tokens = 34816, memory_seq_rm [34816, end)
slot update_slots: id  1 | task 5313 | prompt processing progress, n_tokens = 36864, batch.n_tokens = 2048, progress = 0.725298
slot update_slots: id  1 | task 5313 | n_tokens = 36864, memory_seq_rm [36864, end)
slot update_slots: id  1 | task 5313 | prompt processing progress, n_tokens = 38912, batch.n_tokens = 2048, progress = 0.765592
slot update_slots: id  1 | task 5313 | n_tokens = 38912, memory_seq_rm [38912, end)
slot update_slots: id  1 | task 5313 | prompt processing progress, n_tokens = 40960, batch.n_tokens = 2048, progress = 0.805887
slot update_slots: id  1 | task 5313 | n_tokens = 40960, memory_seq_rm [40960, end)
slot update_slots: id  1 | task 5313 | prompt processing progress, n_tokens = 43008, batch.n_tokens = 2048, progress = 0.846181
slot update_slots: id  1 | task 5313 | n_tokens = 43008, memory_seq_rm [43008, end)
slot update_slots: id  1 | task 5313 | prompt processing progress, n_tokens = 45056, batch.n_tokens = 2048, progress = 0.886475
slot update_slots: id  1 | task 5313 | n_tokens = 45056, memory_seq_rm [45056, end)
slot update_slots: id  1 | task 5313 | prompt processing progress, n_tokens = 47104, batch.n_tokens = 2048, progress = 0.926770
slot update_slots: id  1 | task 5313 | n_tokens = 47104, memory_seq_rm [47104, end)
slot update_slots: id  1 | task 5313 | prompt processing progress, n_tokens = 49152, batch.n_tokens = 2048, progress = 0.967064
slot update_slots: id  1 | task 5313 | n_tokens = 49152, memory_seq_rm [49152, end)
slot update_slots: id  1 | task 5313 | prompt processing progress, n_tokens = 50314, batch.n_tokens = 1162, progress = 0.989926
slot update_slots: id  1 | task 5313 | n_tokens = 50314, memory_seq_rm [50314, end)
slot update_slots: id  1 | task 5313 | prompt processing progress, n_tokens = 50826, batch.n_tokens = 512, progress = 1.000000
slot update_slots: id  1 | task 5313 | prompt done, n_tokens = 50826, batch.n_tokens = 512
slot init_sampler: id  1 | task 5313 | init sampler, took 3.86 ms, tokens: text = 50826, total = 50826
slot update_slots: id  1 | task 5313 | created context checkpoint 1 of 8 (pos_min = 50313, pos_max = 50313, size = 75.376 MiB)
slot print_timing: id  1 | task 5313 | 
prompt eval time =   24639.02 ms / 50826 tokens (    0.48 ms per token,  2062.83 tokens per second)
       eval time =    2759.49 ms /   191 tokens (   14.45 ms per token,    69.22 tokens per second)
      total time =   27398.51 ms / 51017 tokens
slot      release: id  1 | task 5313 | stop processing: n_tokens = 51016, truncated = 0
srv  update_slots: all slots are idle
srv  log_server_r: done request: POST /v1/messages 127.0.0.1 200
srv  params_from_: Chat format: Qwen3 Coder
slot get_availabl: id  0 | task -1 | selected slot by LRU, t_last = 7714191468
srv  get_availabl: updating prompt cache
srv   prompt_save:  - saving prompt with length 50078, total state size = 1249.652 MiB
srv          load:  - looking for better prompt, base f_keep = 0.001, sim = 0.001
srv        update:  - cache size limit reached, removing oldest entry (size = 230.127 MiB)
srv        update:  - cache size limit reached, removing oldest entry (size = 1204.290 MiB)
srv        update:  - cache state: 13 prompts, 7793.804 MiB (limits: 8192.000 MiB, 262144 tokens, 268265 est)
srv        update:    - prompt 0x5d5931239e30:    2940 tokens, checkpoints:  1,   219.692 MiB
srv        update:    - prompt 0x5d5930d00bb0:   47600 tokens, checkpoints:  1,  1266.922 MiB
srv        update:    - prompt 0x5d592d4e7b80:    1647 tokens, checkpoints:  1,   189.372 MiB
srv        update:    - prompt 0x5d592aae79a0:   49205 tokens, checkpoints:  1,  1304.557 MiB
srv        update:    - prompt 0x5d592b18c750:     779 tokens, checkpoints:  1,   169.019 MiB
srv        update:    - prompt 0x5d5930cbf370:   49727 tokens, checkpoints:  1,  1316.798 MiB
srv        update:    - prompt 0x5d592c011510:     368 tokens, checkpoints:  0,    84.005 MiB
srv        update:    - prompt 0x5d5930e42690:   49840 tokens, checkpoints:  1,  1319.447 MiB
srv        update:    - prompt 0x5d593123a9b0:     812 tokens, checkpoints:  1,   169.793 MiB
srv        update:    - prompt 0x5d592a6f1130:     869 tokens, checkpoints:  1,   171.129 MiB
srv        update:    - prompt 0x5d592c9830c0:     882 tokens, checkpoints:  1,   171.434 MiB
srv        update:    - prompt 0x5d592f7f5a40:     479 tokens, checkpoints:  0,    86.608 MiB
srv        update:    - prompt 0x5d5932969840:   50078 tokens, checkpoints:  1,  1325.028 MiB
srv  get_availabl: prompt cache update took 328.62 ms
slot launch_slot_: id  0 | task -1 | sampler chain: logits -> ?penalties -> ?dry -> ?top-n-sigma -> top-k -> ?typical -> top-p -> min-p -> ?xtc -> ?temp-ext -> dist 
slot launch_slot_: id  0 | task 5530 | processing task, is_child = 0
slot update_slots: id  0 | task 5530 | new prompt, n_ctx_slot = 262144, n_keep = 0, task.n_tokens = 51196
slot update_slots: id  0 | task 5530 | n_past = 32, slot.prompt.tokens.size() = 50078, seq_id = 0, pos_min = 50077, n_swa = 1
slot update_slots: id  0 | task 5530 | forcing full prompt re-processing due to lack of cache data (likely due to SWA or hybrid/recurrent memory, see https://github.com/ggml-org/llama.cpp/pull/13194#issuecomment-2868343055)
slot update_slots: id  0 | task 5530 | erased invalidated context checkpoint (pos_min = 49415, pos_max = 49415, n_swa = 1, size = 75.376 MiB)
slot update_slots: id  0 | task 5530 | n_tokens = 0, memory_seq_rm [0, end)
slot update_slots: id  0 | task 5530 | prompt processing progress, n_tokens = 2048, batch.n_tokens = 2048, progress = 0.040003
slot update_slots: id  0 | task 5530 | n_tokens = 2048, memory_seq_rm [2048, end)
slot update_slots: id  0 | task 5530 | prompt processing progress, n_tokens = 4096, batch.n_tokens = 2048, progress = 0.080006
slot update_slots: id  0 | task 5530 | n_tokens = 4096, memory_seq_rm [4096, end)
slot update_slots: id  0 | task 5530 | prompt processing progress, n_tokens = 6144, batch.n_tokens = 2048, progress = 0.120009
slot update_slots: id  0 | task 5530 | n_tokens = 6144, memory_seq_rm [6144, end)
slot update_slots: id  0 | task 5530 | prompt processing progress, n_tokens = 8192, batch.n_tokens = 2048, progress = 0.160012
slot update_slots: id  0 | task 5530 | n_tokens = 8192, memory_seq_rm [8192, end)
slot update_slots: id  0 | task 5530 | prompt processing progress, n_tokens = 10240, batch.n_tokens = 2048, progress = 0.200016
slot update_slots: id  0 | task 5530 | n_tokens = 10240, memory_seq_rm [10240, end)
slot update_slots: id  0 | task 5530 | prompt processing progress, n_tokens = 12288, batch.n_tokens = 2048, progress = 0.240019
slot update_slots: id  0 | task 5530 | n_tokens = 12288, memory_seq_rm [12288, end)
slot update_slots: id  0 | task 5530 | prompt processing progress, n_tokens = 14336, batch.n_tokens = 2048, progress = 0.280022
slot update_slots: id  0 | task 5530 | n_tokens = 14336, memory_seq_rm [14336, end)
slot update_slots: id  0 | task 5530 | prompt processing progress, n_tokens = 16384, batch.n_tokens = 2048, progress = 0.320025
slot update_slots: id  0 | task 5530 | n_tokens = 16384, memory_seq_rm [16384, end)
slot update_slots: id  0 | task 5530 | prompt processing progress, n_tokens = 18432, batch.n_tokens = 2048, progress = 0.360028
slot update_slots: id  0 | task 5530 | n_tokens = 18432, memory_seq_rm [18432, end)
slot update_slots: id  0 | task 5530 | prompt processing progress, n_tokens = 20480, batch.n_tokens = 2048, progress = 0.400031
slot update_slots: id  0 | task 5530 | n_tokens = 20480, memory_seq_rm [20480, end)
slot update_slots: id  0 | task 5530 | prompt processing progress, n_tokens = 22528, batch.n_tokens = 2048, progress = 0.440034
slot update_slots: id  0 | task 5530 | n_tokens = 22528, memory_seq_rm [22528, end)
slot update_slots: id  0 | task 5530 | prompt processing progress, n_tokens = 24576, batch.n_tokens = 2048, progress = 0.480038
slot update_slots: id  0 | task 5530 | n_tokens = 24576, memory_seq_rm [24576, end)
slot update_slots: id  0 | task 5530 | prompt processing progress, n_tokens = 26624, batch.n_tokens = 2048, progress = 0.520041
slot update_slots: id  0 | task 5530 | n_tokens = 26624, memory_seq_rm [26624, end)
slot update_slots: id  0 | task 5530 | prompt processing progress, n_tokens = 28672, batch.n_tokens = 2048, progress = 0.560044
slot update_slots: id  0 | task 5530 | n_tokens = 28672, memory_seq_rm [28672, end)
slot update_slots: id  0 | task 5530 | prompt processing progress, n_tokens = 30720, batch.n_tokens = 2048, progress = 0.600047
slot update_slots: id  0 | task 5530 | n_tokens = 30720, memory_seq_rm [30720, end)
slot update_slots: id  0 | task 5530 | prompt processing progress, n_tokens = 32768, batch.n_tokens = 2048, progress = 0.640050
slot update_slots: id  0 | task 5530 | n_tokens = 32768, memory_seq_rm [32768, end)
slot update_slots: id  0 | task 5530 | prompt processing progress, n_tokens = 34816, batch.n_tokens = 2048, progress = 0.680053
slot update_slots: id  0 | task 5530 | n_tokens = 34816, memory_seq_rm [34816, end)
slot update_slots: id  0 | task 5530 | prompt processing progress, n_tokens = 36864, batch.n_tokens = 2048, progress = 0.720056
slot update_slots: id  0 | task 5530 | n_tokens = 36864, memory_seq_rm [36864, end)
slot update_slots: id  0 | task 5530 | prompt processing progress, n_tokens = 38912, batch.n_tokens = 2048, progress = 0.760059
slot update_slots: id  0 | task 5530 | n_tokens = 38912, memory_seq_rm [38912, end)
slot update_slots: id  0 | task 5530 | prompt processing progress, n_tokens = 40960, batch.n_tokens = 2048, progress = 0.800062
slot update_slots: id  0 | task 5530 | n_tokens = 40960, memory_seq_rm [40960, end)
slot update_slots: id  0 | task 5530 | prompt processing progress, n_tokens = 43008, batch.n_tokens = 2048, progress = 0.840066
slot update_slots: id  0 | task 5530 | n_tokens = 43008, memory_seq_rm [43008, end)
slot update_slots: id  0 | task 5530 | prompt processing progress, n_tokens = 45056, batch.n_tokens = 2048, progress = 0.880069
slot update_slots: id  0 | task 5530 | n_tokens = 45056, memory_seq_rm [45056, end)
slot update_slots: id  0 | task 5530 | prompt processing progress, n_tokens = 47104, batch.n_tokens = 2048, progress = 0.920072
slot update_slots: id  0 | task 5530 | n_tokens = 47104, memory_seq_rm [47104, end)
slot update_slots: id  0 | task 5530 | prompt processing progress, n_tokens = 49152, batch.n_tokens = 2048, progress = 0.960075
slot update_slots: id  0 | task 5530 | n_tokens = 49152, memory_seq_rm [49152, end)
slot update_slots: id  0 | task 5530 | prompt processing progress, n_tokens = 50684, batch.n_tokens = 1532, progress = 0.989999
slot update_slots: id  0 | task 5530 | n_tokens = 50684, memory_seq_rm [50684, end)
slot update_slots: id  0 | task 5530 | prompt processing progress, n_tokens = 51196, batch.n_tokens = 512, progress = 1.000000
slot update_slots: id  0 | task 5530 | prompt done, n_tokens = 51196, batch.n_tokens = 512
slot init_sampler: id  0 | task 5530 | init sampler, took 3.83 ms, tokens: text = 51196, total = 51196
slot update_slots: id  0 | task 5530 | created context checkpoint 1 of 8 (pos_min = 50683, pos_max = 50683, size = 75.376 MiB)
slot print_timing: id  0 | task 5530 | 
prompt eval time =   25331.07 ms / 51196 tokens (    0.49 ms per token,  2021.08 tokens per second)
       eval time =     677.56 ms /    48 tokens (   14.12 ms per token,    70.84 tokens per second)
      total time =   26008.63 ms / 51244 tokens
slot      release: id  0 | task 5530 | stop processing: n_tokens = 51243, truncated = 0
srv  update_slots: all slots are idle
srv  log_server_r: done request: POST /v1/messages 127.0.0.1 200
srv  params_from_: Chat format: Qwen3 Coder
slot get_availabl: id  2 | task -1 | selected slot by LRU, t_last = 7742534636
srv  get_availabl: updating prompt cache
srv   prompt_save:  - saving prompt with length 708, total state size = 91.978 MiB
srv          load:  - looking for better prompt, base f_keep = 0.028, sim = 0.060
srv        update:  - cache state: 14 prompts, 7961.158 MiB (limits: 8192.000 MiB, 262144 tokens, 263355 est)
srv        update:    - prompt 0x5d5931239e30:    2940 tokens, checkpoints:  1,   219.692 MiB
srv        update:    - prompt 0x5d5930d00bb0:   47600 tokens, checkpoints:  1,  1266.922 MiB
srv        update:    - prompt 0x5d592d4e7b80:    1647 tokens, checkpoints:  1,   189.372 MiB
srv        update:    - prompt 0x5d592aae79a0:   49205 tokens, checkpoints:  1,  1304.557 MiB
srv        update:    - prompt 0x5d592b18c750:     779 tokens, checkpoints:  1,   169.019 MiB
srv        update:    - prompt 0x5d5930cbf370:   49727 tokens, checkpoints:  1,  1316.798 MiB
srv        update:    - prompt 0x5d592c011510:     368 tokens, checkpoints:  0,    84.005 MiB
srv        update:    - prompt 0x5d5930e42690:   49840 tokens, checkpoints:  1,  1319.447 MiB
srv        update:    - prompt 0x5d593123a9b0:     812 tokens, checkpoints:  1,   169.793 MiB
srv        update:    - prompt 0x5d592a6f1130:     869 tokens, checkpoints:  1,   171.129 MiB
srv        update:    - prompt 0x5d592c9830c0:     882 tokens, checkpoints:  1,   171.434 MiB
srv        update:    - prompt 0x5d592f7f5a40:     479 tokens, checkpoints:  0,    86.608 MiB
srv        update:    - prompt 0x5d5932969840:   50078 tokens, checkpoints:  1,  1325.028 MiB
srv        update:    - prompt 0x5d592bffc790:     708 tokens, checkpoints:  1,   167.354 MiB
srv  get_availabl: prompt cache update took 41.89 ms
slot launch_slot_: id  2 | task -1 | sampler chain: logits -> ?penalties -> ?dry -> ?top-n-sigma -> top-k -> ?typical -> top-p -> min-p -> ?xtc -> ?temp-ext -> dist 
slot launch_slot_: id  2 | task 5604 | processing task, is_child = 0
slot update_slots: id  2 | task 5604 | new prompt, n_ctx_slot = 262144, n_keep = 0, task.n_tokens = 331
slot update_slots: id  2 | task 5604 | n_past = 20, slot.prompt.tokens.size() = 708, seq_id = 2, pos_min = 707, n_swa = 1
slot update_slots: id  2 | task 5604 | forcing full prompt re-processing due to lack of cache data (likely due to SWA or hybrid/recurrent memory, see https://github.com/ggml-org/llama.cpp/pull/13194#issuecomment-2868343055)
slot update_slots: id  2 | task 5604 | erased invalidated context checkpoint (pos_min = 173, pos_max = 173, n_swa = 1, size = 75.376 MiB)
slot update_slots: id  2 | task 5604 | n_tokens = 0, memory_seq_rm [0, end)
slot update_slots: id  2 | task 5604 | prompt processing progress, n_tokens = 331, batch.n_tokens = 331, progress = 1.000000
slot update_slots: id  2 | task 5604 | prompt done, n_tokens = 331, batch.n_tokens = 331
slot init_sampler: id  2 | task 5604 | init sampler, took 0.03 ms, tokens: text = 331, total = 331
srv  params_from_: Chat format: Qwen3 Coder
slot get_availabl: id  3 | task -1 | selected slot by LRU, t_last = 7745107683
srv  get_availabl: updating prompt cache
srv   prompt_save:  - saving prompt with length 50426, total state size = 1257.813 MiB
srv          load:  - looking for better prompt, base f_keep = 0.001, sim = 0.001
srv        update:  - cache size limit reached, removing oldest entry (size = 219.692 MiB)
srv        update:  - cache size limit reached, removing oldest entry (size = 1266.922 MiB)
srv        update:  - cache state: 13 prompts, 7807.733 MiB (limits: 8192.000 MiB, 262144 tokens, 268410 est)
srv        update:    - prompt 0x5d592d4e7b80:    1647 tokens, checkpoints:  1,   189.372 MiB
srv        update:    - prompt 0x5d592aae79a0:   49205 tokens, checkpoints:  1,  1304.557 MiB
srv        update:    - prompt 0x5d592b18c750:     779 tokens, checkpoints:  1,   169.019 MiB
srv        update:    - prompt 0x5d5930cbf370:   49727 tokens, checkpoints:  1,  1316.798 MiB
srv        update:    - prompt 0x5d592c011510:     368 tokens, checkpoints:  0,    84.005 MiB
srv        update:    - prompt 0x5d5930e42690:   49840 tokens, checkpoints:  1,  1319.447 MiB
srv        update:    - prompt 0x5d593123a9b0:     812 tokens, checkpoints:  1,   169.793 MiB
srv        update:    - prompt 0x5d592a6f1130:     869 tokens, checkpoints:  1,   171.129 MiB
srv        update:    - prompt 0x5d592c9830c0:     882 tokens, checkpoints:  1,   171.434 MiB
srv        update:    - prompt 0x5d592f7f5a40:     479 tokens, checkpoints:  0,    86.608 MiB
srv        update:    - prompt 0x5d5932969840:   50078 tokens, checkpoints:  1,  1325.028 MiB
srv        update:    - prompt 0x5d592bffc790:     708 tokens, checkpoints:  1,   167.354 MiB
srv        update:    - prompt 0x5d5932791620:   50426 tokens, checkpoints:  1,  1333.188 MiB
srv  get_availabl: prompt cache update took 325.80 ms
slot launch_slot_: id  3 | task -1 | sampler chain: logits -> ?penalties -> ?dry -> ?top-n-sigma -> top-k -> ?typical -> top-p -> min-p -> ?xtc -> ?temp-ext -> dist 
slot launch_slot_: id  3 | task 5606 | processing task, is_child = 0
slot update_slots: id  3 | task 5606 | new prompt, n_ctx_slot = 262144, n_keep = 0, task.n_tokens = 51255
slot update_slots: id  3 | task 5606 | n_past = 32, slot.prompt.tokens.size() = 50426, seq_id = 3, pos_min = 50425, n_swa = 1
slot update_slots: id  3 | task 5606 | forcing full prompt re-processing due to lack of cache data (likely due to SWA or hybrid/recurrent memory, see https://github.com/ggml-org/llama.cpp/pull/13194#issuecomment-2868343055)
slot update_slots: id  3 | task 5606 | erased invalidated context checkpoint (pos_min = 49853, pos_max = 49853, n_swa = 1, size = 75.376 MiB)
slot update_slots: id  3 | task 5606 | n_tokens = 0, memory_seq_rm [0, end)
slot update_slots: id  3 | task 5606 | prompt processing progress, n_tokens = 2047, batch.n_tokens = 2048, progress = 0.039938
slot update_slots: id  3 | task 5606 | n_tokens = 2047, memory_seq_rm [2047, end)
slot update_slots: id  3 | task 5606 | prompt processing progress, n_tokens = 4094, batch.n_tokens = 2048, progress = 0.079875
slot update_slots: id  3 | task 5606 | n_tokens = 4094, memory_seq_rm [4094, end)
slot update_slots: id  3 | task 5606 | prompt processing progress, n_tokens = 6141, batch.n_tokens = 2048, progress = 0.119813
slot update_slots: id  3 | task 5606 | n_tokens = 6141, memory_seq_rm [6141, end)
slot update_slots: id  3 | task 5606 | prompt processing progress, n_tokens = 8188, batch.n_tokens = 2048, progress = 0.159750
slot update_slots: id  3 | task 5606 | n_tokens = 8188, memory_seq_rm [8188, end)
slot update_slots: id  3 | task 5606 | prompt processing progress, n_tokens = 10235, batch.n_tokens = 2048, progress = 0.199688
slot update_slots: id  3 | task 5606 | n_tokens = 10235, memory_seq_rm [10235, end)
slot update_slots: id  3 | task 5606 | prompt processing progress, n_tokens = 12282, batch.n_tokens = 2048, progress = 0.239625
slot update_slots: id  3 | task 5606 | n_tokens = 12282, memory_seq_rm [12282, end)
slot update_slots: id  3 | task 5606 | prompt processing progress, n_tokens = 14329, batch.n_tokens = 2048, progress = 0.279563
slot update_slots: id  3 | task 5606 | n_tokens = 14329, memory_seq_rm [14329, end)
slot update_slots: id  3 | task 5606 | prompt processing progress, n_tokens = 16376, batch.n_tokens = 2048, progress = 0.319501
slot update_slots: id  3 | task 5606 | n_tokens = 16376, memory_seq_rm [16376, end)
slot update_slots: id  3 | task 5606 | prompt processing progress, n_tokens = 18423, batch.n_tokens = 2048, progress = 0.359438
slot update_slots: id  3 | task 5606 | n_tokens = 18423, memory_seq_rm [18423, end)
slot update_slots: id  3 | task 5606 | prompt processing progress, n_tokens = 20470, batch.n_tokens = 2048, progress = 0.399376
slot update_slots: id  3 | task 5606 | n_tokens = 20470, memory_seq_rm [20470, end)
slot update_slots: id  3 | task 5606 | prompt processing progress, n_tokens = 22517, batch.n_tokens = 2048, progress = 0.439313
slot update_slots: id  3 | task 5606 | n_tokens = 22517, memory_seq_rm [22517, end)
slot update_slots: id  3 | task 5606 | prompt processing progress, n_tokens = 24564, batch.n_tokens = 2048, progress = 0.479251
slot update_slots: id  3 | task 5606 | n_tokens = 24564, memory_seq_rm [24564, end)
slot update_slots: id  3 | task 5606 | prompt processing progress, n_tokens = 26611, batch.n_tokens = 2048, progress = 0.519188
slot update_slots: id  3 | task 5606 | n_tokens = 26611, memory_seq_rm [26611, end)
slot update_slots: id  3 | task 5606 | prompt processing progress, n_tokens = 28658, batch.n_tokens = 2048, progress = 0.559126
slot update_slots: id  3 | task 5606 | n_tokens = 28658, memory_seq_rm [28658, end)
slot update_slots: id  3 | task 5606 | prompt processing progress, n_tokens = 30705, batch.n_tokens = 2048, progress = 0.599064
slot update_slots: id  3 | task 5606 | n_tokens = 30705, memory_seq_rm [30705, end)
slot update_slots: id  3 | task 5606 | prompt processing progress, n_tokens = 32752, batch.n_tokens = 2048, progress = 0.639001
slot update_slots: id  3 | task 5606 | n_tokens = 32752, memory_seq_rm [32752, end)
slot update_slots: id  3 | task 5606 | prompt processing progress, n_tokens = 34799, batch.n_tokens = 2048, progress = 0.678939
slot update_slots: id  3 | task 5606 | n_tokens = 34799, memory_seq_rm [34799, end)
slot update_slots: id  3 | task 5606 | prompt processing progress, n_tokens = 36846, batch.n_tokens = 2048, progress = 0.718876
slot update_slots: id  3 | task 5606 | n_tokens = 36846, memory_seq_rm [36846, end)
slot update_slots: id  3 | task 5606 | prompt processing progress, n_tokens = 38893, batch.n_tokens = 2048, progress = 0.758814
slot update_slots: id  3 | task 5606 | n_tokens = 38893, memory_seq_rm [38893, end)
slot update_slots: id  3 | task 5606 | prompt processing progress, n_tokens = 40940, batch.n_tokens = 2048, progress = 0.798751
slot update_slots: id  3 | task 5606 | n_tokens = 40940, memory_seq_rm [40940, end)
slot update_slots: id  3 | task 5606 | prompt processing progress, n_tokens = 42987, batch.n_tokens = 2048, progress = 0.838689
slot update_slots: id  3 | task 5606 | n_tokens = 42987, memory_seq_rm [42987, end)
slot update_slots: id  3 | task 5606 | prompt processing progress, n_tokens = 45034, batch.n_tokens = 2048, progress = 0.878626
slot print_timing: id  2 | task 5604 | 
prompt eval time =     219.80 ms /   331 tokens (    0.66 ms per token,  1505.94 tokens per second)
       eval time =   23454.00 ms /    23 tokens ( 1019.74 ms per token,     0.98 tokens per second)
      total time =   23673.79 ms /   354 tokens
slot      release: id  2 | task 5604 | stop processing: n_tokens = 353, truncated = 0
slot update_slots: id  3 | task 5606 | n_tokens = 45034, memory_seq_rm [45034, end)
srv  log_server_r: done request: POST /v1/messages 127.0.0.1 200
slot update_slots: id  3 | task 5606 | prompt processing progress, n_tokens = 47082, batch.n_tokens = 2048, progress = 0.918584
slot update_slots: id  3 | task 5606 | n_tokens = 47082, memory_seq_rm [47082, end)
slot update_slots: id  3 | task 5606 | prompt processing progress, n_tokens = 49130, batch.n_tokens = 2048, progress = 0.958541
slot update_slots: id  3 | task 5606 | n_tokens = 49130, memory_seq_rm [49130, end)
slot update_slots: id  3 | task 5606 | prompt processing progress, n_tokens = 50743, batch.n_tokens = 1613, progress = 0.990011
slot update_slots: id  3 | task 5606 | n_tokens = 50743, memory_seq_rm [50743, end)
slot update_slots: id  3 | task 5606 | prompt processing progress, n_tokens = 51255, batch.n_tokens = 512, progress = 1.000000
slot update_slots: id  3 | task 5606 | prompt done, n_tokens = 51255, batch.n_tokens = 512
slot init_sampler: id  3 | task 5606 | init sampler, took 3.87 ms, tokens: text = 51255, total = 51255
slot update_slots: id  3 | task 5606 | created context checkpoint 1 of 8 (pos_min = 50742, pos_max = 50742, size = 75.376 MiB)
slot print_timing: id  3 | task 5606 | 
prompt eval time =   26258.26 ms / 51255 tokens (    0.51 ms per token,  1951.96 tokens per second)
       eval time =     783.16 ms /    55 tokens (   14.24 ms per token,    70.23 tokens per second)
      total time =   27041.43 ms / 51310 tokens
slot      release: id  3 | task 5606 | stop processing: n_tokens = 51309, truncated = 0
srv  update_slots: all slots are idle
srv  log_server_r: done request: POST /v1/messages 127.0.0.1 200
srv  params_from_: Chat format: Qwen3 Coder
slot get_availabl: id  1 | task -1 | selected slot by LRU, t_last = 7772758279
srv  get_availabl: updating prompt cache
srv   prompt_save:  - saving prompt with length 51016, total state size = 1271.647 MiB
srv  params_from_: Chat format: Qwen3 Coder
srv          load:  - looking for better prompt, base f_keep = 0.000, sim = 0.039
srv        update:  - cache size limit reached, removing oldest entry (size = 189.372 MiB)
srv        update:  - cache size limit reached, removing oldest entry (size = 1304.557 MiB)
srv        update:  - cache state: 12 prompts, 7660.827 MiB (limits: 8192.000 MiB, 262144 tokens, 273733 est)
srv        update:    - prompt 0x5d592b18c750:     779 tokens, checkpoints:  1,   169.019 MiB
srv        update:    - prompt 0x5d5930cbf370:   49727 tokens, checkpoints:  1,  1316.798 MiB
srv        update:    - prompt 0x5d592c011510:     368 tokens, checkpoints:  0,    84.005 MiB
srv        update:    - prompt 0x5d5930e42690:   49840 tokens, checkpoints:  1,  1319.447 MiB
srv        update:    - prompt 0x5d593123a9b0:     812 tokens, checkpoints:  1,   169.793 MiB
srv        update:    - prompt 0x5d592a6f1130:     869 tokens, checkpoints:  1,   171.129 MiB
srv        update:    - prompt 0x5d592c9830c0:     882 tokens, checkpoints:  1,   171.434 MiB
srv        update:    - prompt 0x5d592f7f5a40:     479 tokens, checkpoints:  0,    86.608 MiB
srv        update:    - prompt 0x5d5932969840:   50078 tokens, checkpoints:  1,  1325.028 MiB
srv        update:    - prompt 0x5d592bffc790:     708 tokens, checkpoints:  1,   167.354 MiB
srv        update:    - prompt 0x5d5932791620:   50426 tokens, checkpoints:  1,  1333.188 MiB
srv        update:    - prompt 0x5d5930de9200:   51016 tokens, checkpoints:  1,  1347.023 MiB
srv  get_availabl: prompt cache update took 313.20 ms
slot launch_slot_: id  1 | task -1 | sampler chain: logits -> ?penalties -> ?dry -> ?top-n-sigma -> top-k -> ?typical -> top-p -> min-p -> ?xtc -> ?temp-ext -> dist 
slot launch_slot_: id  1 | task 5687 | processing task, is_child = 0
slot get_availabl: id  0 | task -1 | selected slot by LRU, t_last = 7824300436
srv  get_availabl: updating prompt cache
srv   prompt_save:  - saving prompt with length 51243, total state size = 1276.970 MiB
srv          load:  - looking for better prompt, base f_keep = 0.001, sim = 0.001
srv        update:  - cache size limit reached, removing oldest entry (size = 169.019 MiB)
srv        update:  - cache size limit reached, removing oldest entry (size = 1316.798 MiB)
srv        update:  - cache state: 11 prompts, 7527.356 MiB (limits: 8192.000 MiB, 262144 tokens, 279388 est)
srv        update:    - prompt 0x5d592c011510:     368 tokens, checkpoints:  0,    84.005 MiB
srv        update:    - prompt 0x5d5930e42690:   49840 tokens, checkpoints:  1,  1319.447 MiB
srv        update:    - prompt 0x5d593123a9b0:     812 tokens, checkpoints:  1,   169.793 MiB
srv        update:    - prompt 0x5d592a6f1130:     869 tokens, checkpoints:  1,   171.129 MiB
srv        update:    - prompt 0x5d592c9830c0:     882 tokens, checkpoints:  1,   171.434 MiB
srv        update:    - prompt 0x5d592f7f5a40:     479 tokens, checkpoints:  0,    86.608 MiB
srv        update:    - prompt 0x5d5932969840:   50078 tokens, checkpoints:  1,  1325.028 MiB
srv        update:    - prompt 0x5d592bffc790:     708 tokens, checkpoints:  1,   167.354 MiB
srv        update:    - prompt 0x5d5932791620:   50426 tokens, checkpoints:  1,  1333.188 MiB
srv        update:    - prompt 0x5d5930de9200:   51016 tokens, checkpoints:  1,  1347.023 MiB
srv        update:    - prompt 0x5d592d4e7b80:   51243 tokens, checkpoints:  1,  1352.346 MiB
srv  get_availabl: prompt cache update took 322.18 ms
slot launch_slot_: id  0 | task -1 | sampler chain: logits -> ?penalties -> ?dry -> ?top-n-sigma -> top-k -> ?typical -> top-p -> min-p -> ?xtc -> ?temp-ext -> dist 
slot launch_slot_: id  0 | task 5688 | processing task, is_child = 0
slot update_slots: id  0 | task 5688 | new prompt, n_ctx_slot = 262144, n_keep = 0, task.n_tokens = 51581
slot update_slots: id  0 | task 5688 | n_past = 33, slot.prompt.tokens.size() = 51243, seq_id = 0, pos_min = 51242, n_swa = 1
slot update_slots: id  0 | task 5688 | forcing full prompt re-processing due to lack of cache data (likely due to SWA or hybrid/recurrent memory, see https://github.com/ggml-org/llama.cpp/pull/13194#issuecomment-2868343055)
slot update_slots: id  0 | task 5688 | erased invalidated context checkpoint (pos_min = 50683, pos_max = 50683, n_swa = 1, size = 75.376 MiB)
slot update_slots: id  0 | task 5688 | n_tokens = 0, memory_seq_rm [0, end)
slot update_slots: id  0 | task 5688 | prompt processing progress, n_tokens = 2048, batch.n_tokens = 2048, progress = 0.039705
slot update_slots: id  0 | task 5688 | n_tokens = 2048, memory_seq_rm [2048, end)
slot update_slots: id  0 | task 5688 | prompt processing progress, n_tokens = 4096, batch.n_tokens = 2048, progress = 0.079409
slot update_slots: id  0 | task 5688 | n_tokens = 4096, memory_seq_rm [4096, end)
slot update_slots: id  0 | task 5688 | prompt processing progress, n_tokens = 6144, batch.n_tokens = 2048, progress = 0.119114
slot update_slots: id  0 | task 5688 | n_tokens = 6144, memory_seq_rm [6144, end)
slot update_slots: id  0 | task 5688 | prompt processing progress, n_tokens = 8192, batch.n_tokens = 2048, progress = 0.158818
slot update_slots: id  0 | task 5688 | n_tokens = 8192, memory_seq_rm [8192, end)
slot update_slots: id  0 | task 5688 | prompt processing progress, n_tokens = 10240, batch.n_tokens = 2048, progress = 0.198523
slot update_slots: id  0 | task 5688 | n_tokens = 10240, memory_seq_rm [10240, end)
slot update_slots: id  0 | task 5688 | prompt processing progress, n_tokens = 12288, batch.n_tokens = 2048, progress = 0.238227
slot update_slots: id  0 | task 5688 | n_tokens = 12288, memory_seq_rm [12288, end)
slot update_slots: id  0 | task 5688 | prompt processing progress, n_tokens = 14336, batch.n_tokens = 2048, progress = 0.277932
slot update_slots: id  0 | task 5688 | n_tokens = 14336, memory_seq_rm [14336, end)
slot update_slots: id  0 | task 5688 | prompt processing progress, n_tokens = 16384, batch.n_tokens = 2048, progress = 0.317636
slot update_slots: id  0 | task 5688 | n_tokens = 16384, memory_seq_rm [16384, end)
slot update_slots: id  0 | task 5688 | prompt processing progress, n_tokens = 18432, batch.n_tokens = 2048, progress = 0.357341
slot update_slots: id  0 | task 5688 | n_tokens = 18432, memory_seq_rm [18432, end)
slot update_slots: id  0 | task 5688 | prompt processing progress, n_tokens = 20480, batch.n_tokens = 2048, progress = 0.397045
slot update_slots: id  0 | task 5688 | n_tokens = 20480, memory_seq_rm [20480, end)
slot update_slots: id  0 | task 5688 | prompt processing progress, n_tokens = 22528, batch.n_tokens = 2048, progress = 0.436750
slot update_slots: id  0 | task 5688 | n_tokens = 22528, memory_seq_rm [22528, end)
slot update_slots: id  0 | task 5688 | prompt processing progress, n_tokens = 24576, batch.n_tokens = 2048, progress = 0.476454
slot update_slots: id  0 | task 5688 | n_tokens = 24576, memory_seq_rm [24576, end)
slot update_slots: id  0 | task 5688 | prompt processing progress, n_tokens = 26624, batch.n_tokens = 2048, progress = 0.516159
slot update_slots: id  0 | task 5688 | n_tokens = 26624, memory_seq_rm [26624, end)
slot update_slots: id  0 | task 5688 | prompt processing progress, n_tokens = 28672, batch.n_tokens = 2048, progress = 0.555864
slot update_slots: id  0 | task 5688 | n_tokens = 28672, memory_seq_rm [28672, end)
slot update_slots: id  0 | task 5688 | prompt processing progress, n_tokens = 30720, batch.n_tokens = 2048, progress = 0.595568
slot update_slots: id  0 | task 5688 | n_tokens = 30720, memory_seq_rm [30720, end)
slot update_slots: id  0 | task 5688 | prompt processing progress, n_tokens = 32768, batch.n_tokens = 2048, progress = 0.635273
slot update_slots: id  0 | task 5688 | n_tokens = 32768, memory_seq_rm [32768, end)
slot update_slots: id  0 | task 5688 | prompt processing progress, n_tokens = 34816, batch.n_tokens = 2048, progress = 0.674977
slot update_slots: id  0 | task 5688 | n_tokens = 34816, memory_seq_rm [34816, end)
slot update_slots: id  0 | task 5688 | prompt processing progress, n_tokens = 36864, batch.n_tokens = 2048, progress = 0.714682
slot update_slots: id  0 | task 5688 | n_tokens = 36864, memory_seq_rm [36864, end)
slot update_slots: id  0 | task 5688 | prompt processing progress, n_tokens = 38912, batch.n_tokens = 2048, progress = 0.754386
slot update_slots: id  0 | task 5688 | n_tokens = 38912, memory_seq_rm [38912, end)
slot update_slots: id  0 | task 5688 | prompt processing progress, n_tokens = 40960, batch.n_tokens = 2048, progress = 0.794091
slot update_slots: id  0 | task 5688 | n_tokens = 40960, memory_seq_rm [40960, end)
slot update_slots: id  0 | task 5688 | prompt processing progress, n_tokens = 43008, batch.n_tokens = 2048, progress = 0.833795
slot update_slots: id  0 | task 5688 | n_tokens = 43008, memory_seq_rm [43008, end)
slot update_slots: id  0 | task 5688 | prompt processing progress, n_tokens = 45056, batch.n_tokens = 2048, progress = 0.873500
slot update_slots: id  0 | task 5688 | n_tokens = 45056, memory_seq_rm [45056, end)
slot update_slots: id  0 | task 5688 | prompt processing progress, n_tokens = 47104, batch.n_tokens = 2048, progress = 0.913204
slot update_slots: id  0 | task 5688 | n_tokens = 47104, memory_seq_rm [47104, end)
slot update_slots: id  0 | task 5688 | prompt processing progress, n_tokens = 49152, batch.n_tokens = 2048, progress = 0.952909
slot update_slots: id  0 | task 5688 | n_tokens = 49152, memory_seq_rm [49152, end)
slot update_slots: id  0 | task 5688 | prompt processing progress, n_tokens = 51069, batch.n_tokens = 1917, progress = 0.990074
slot update_slots: id  1 | task 5687 | new prompt, n_ctx_slot = 262144, n_keep = 0, task.n_tokens = 509
slot update_slots: id  1 | task 5687 | n_past = 20, slot.prompt.tokens.size() = 51016, seq_id = 1, pos_min = 51015, n_swa = 1
slot update_slots: id  1 | task 5687 | forcing full prompt re-processing due to lack of cache data (likely due to SWA or hybrid/recurrent memory, see https://github.com/ggml-org/llama.cpp/pull/13194#issuecomment-2868343055)
slot update_slots: id  1 | task 5687 | erased invalidated context checkpoint (pos_min = 50313, pos_max = 50313, n_swa = 1, size = 75.376 MiB)
slot update_slots: id  1 | task 5687 | n_tokens = 0, memory_seq_rm [0, end)
slot update_slots: id  1 | task 5687 | prompt processing progress, n_tokens = 131, batch.n_tokens = 2048, progress = 0.257367
slot update_slots: id  0 | task 5688 | n_tokens = 51069, memory_seq_rm [51069, end)
slot update_slots: id  0 | task 5688 | prompt processing progress, n_tokens = 51581, batch.n_tokens = 512, progress = 1.000000
slot update_slots: id  0 | task 5688 | prompt done, n_tokens = 51581, batch.n_tokens = 512
slot init_sampler: id  0 | task 5688 | init sampler, took 3.87 ms, tokens: text = 51581, total = 51581
slot update_slots: id  0 | task 5688 | created context checkpoint 1 of 8 (pos_min = 51068, pos_max = 51068, size = 75.376 MiB)
slot update_slots: id  1 | task 5687 | n_tokens = 131, memory_seq_rm [131, end)
slot update_slots: id  1 | task 5687 | prompt processing progress, n_tokens = 509, batch.n_tokens = 890, progress = 1.000000
slot update_slots: id  1 | task 5687 | prompt done, n_tokens = 509, batch.n_tokens = 890
slot init_sampler: id  1 | task 5687 | init sampler, took 0.04 ms, tokens: text = 509, total = 509
slot update_slots: id  1 | task 5687 | created context checkpoint 1 of 8 (pos_min = 130, pos_max = 130, size = 75.376 MiB)
slot print_timing: id  1 | task 5687 | 
prompt eval time =    1788.53 ms /   509 tokens (    3.51 ms per token,   284.59 tokens per second)
       eval time =     417.22 ms /    23 tokens (   18.14 ms per token,    55.13 tokens per second)
      total time =    2205.76 ms /   532 tokens
slot      release: id  1 | task 5687 | stop processing: n_tokens = 531, truncated = 0
srv  log_server_r: done request: POST /v1/messages 127.0.0.1 200
slot print_timing: id  0 | task 5688 | 
prompt eval time =   26473.09 ms / 51581 tokens (    0.51 ms per token,  1948.43 tokens per second)
       eval time =   10190.34 ms /   693 tokens (   14.70 ms per token,    68.01 tokens per second)
      total time =   36663.43 ms / 52274 tokens
slot      release: id  0 | task 5688 | stop processing: n_tokens = 52273, truncated = 0
srv  update_slots: all slots are idle
srv  log_server_r: done request: POST /v1/messages 127.0.0.1 200
srv  params_from_: Chat format: Qwen3 Coder
slot get_availabl: id  2 | task -1 | selected slot by LRU, t_last = 7851804153
srv  get_availabl: updating prompt cache
srv   prompt_save:  - saving prompt with length 353, total state size = 83.654 MiB
srv          load:  - looking for better prompt, base f_keep = 0.059, sim = 0.025
srv        update:  - cache state: 12 prompts, 7611.010 MiB (limits: 8192.000 MiB, 262144 tokens, 276697 est)
srv        update:    - prompt 0x5d592c011510:     368 tokens, checkpoints:  0,    84.005 MiB
srv        update:    - prompt 0x5d5930e42690:   49840 tokens, checkpoints:  1,  1319.447 MiB
srv        update:    - prompt 0x5d593123a9b0:     812 tokens, checkpoints:  1,   169.793 MiB
srv        update:    - prompt 0x5d592a6f1130:     869 tokens, checkpoints:  1,   171.129 MiB
srv        update:    - prompt 0x5d592c9830c0:     882 tokens, checkpoints:  1,   171.434 MiB
srv        update:    - prompt 0x5d592f7f5a40:     479 tokens, checkpoints:  0,    86.608 MiB
srv        update:    - prompt 0x5d5932969840:   50078 tokens, checkpoints:  1,  1325.028 MiB
srv        update:    - prompt 0x5d592bffc790:     708 tokens, checkpoints:  1,   167.354 MiB
srv        update:    - prompt 0x5d5932791620:   50426 tokens, checkpoints:  1,  1333.188 MiB
srv        update:    - prompt 0x5d5930de9200:   51016 tokens, checkpoints:  1,  1347.023 MiB
srv        update:    - prompt 0x5d592d4e7b80:   51243 tokens, checkpoints:  1,  1352.346 MiB
srv        update:    - prompt 0x5d5937959a60:     353 tokens, checkpoints:  0,    83.654 MiB
srv  get_availabl: prompt cache update took 24.37 ms
slot launch_slot_: id  2 | task -1 | sampler chain: logits -> ?penalties -> ?dry -> ?top-n-sigma -> top-k -> ?typical -> top-p -> min-p -> ?xtc -> ?temp-ext -> dist 
slot launch_slot_: id  2 | task 6407 | processing task, is_child = 0
slot update_slots: id  2 | task 6407 | new prompt, n_ctx_slot = 262144, n_keep = 0, task.n_tokens = 824
slot update_slots: id  2 | task 6407 | n_past = 21, slot.prompt.tokens.size() = 353, seq_id = 2, pos_min = 352, n_swa = 1
slot update_slots: id  2 | task 6407 | forcing full prompt re-processing due to lack of cache data (likely due to SWA or hybrid/recurrent memory, see https://github.com/ggml-org/llama.cpp/pull/13194#issuecomment-2868343055)
slot update_slots: id  2 | task 6407 | n_tokens = 0, memory_seq_rm [0, end)
slot update_slots: id  2 | task 6407 | prompt processing progress, n_tokens = 312, batch.n_tokens = 312, progress = 0.378641
slot update_slots: id  2 | task 6407 | n_tokens = 312, memory_seq_rm [312, end)
slot update_slots: id  2 | task 6407 | prompt processing progress, n_tokens = 824, batch.n_tokens = 512, progress = 1.000000
slot update_slots: id  2 | task 6407 | prompt done, n_tokens = 824, batch.n_tokens = 512
slot init_sampler: id  2 | task 6407 | init sampler, took 0.07 ms, tokens: text = 824, total = 824
slot update_slots: id  2 | task 6407 | created context checkpoint 1 of 8 (pos_min = 311, pos_max = 311, size = 75.376 MiB)
slot print_timing: id  2 | task 6407 | 
prompt eval time =     517.38 ms /   824 tokens (    0.63 ms per token,  1592.63 tokens per second)
       eval time =      16.26 ms /     2 tokens (    8.13 ms per token,   123.02 tokens per second)
      total time =     533.64 ms /   826 tokens
slot      release: id  2 | task 6407 | stop processing: n_tokens = 825, truncated = 0
srv  update_slots: all slots are idle
srv  log_server_r: done request: POST /v1/messages 127.0.0.1 200
srv  params_from_: Chat format: Qwen3 Coder
slot get_availabl: id  2 | task -1 | selected slot by LCP similarity, sim_best = 0.102 (> 0.100 thold), f_keep = 0.041
srv  get_availabl: updating prompt cache
srv   prompt_save:  - saving prompt with length 825, total state size = 94.722 MiB
srv          load:  - looking for better prompt, base f_keep = 0.041, sim = 0.102
srv        update:  - cache state: 13 prompts, 7781.107 MiB (limits: 8192.000 MiB, 262144 tokens, 271517 est)
srv        update:    - prompt 0x5d592c011510:     368 tokens, checkpoints:  0,    84.005 MiB
srv        update:    - prompt 0x5d5930e42690:   49840 tokens, checkpoints:  1,  1319.447 MiB
srv        update:    - prompt 0x5d593123a9b0:     812 tokens, checkpoints:  1,   169.793 MiB
srv        update:    - prompt 0x5d592a6f1130:     869 tokens, checkpoints:  1,   171.129 MiB
srv        update:    - prompt 0x5d592c9830c0:     882 tokens, checkpoints:  1,   171.434 MiB
srv        update:    - prompt 0x5d592f7f5a40:     479 tokens, checkpoints:  0,    86.608 MiB
srv        update:    - prompt 0x5d5932969840:   50078 tokens, checkpoints:  1,  1325.028 MiB
srv        update:    - prompt 0x5d592bffc790:     708 tokens, checkpoints:  1,   167.354 MiB
srv        update:    - prompt 0x5d5932791620:   50426 tokens, checkpoints:  1,  1333.188 MiB
srv        update:    - prompt 0x5d5930de9200:   51016 tokens, checkpoints:  1,  1347.023 MiB
srv        update:    - prompt 0x5d592d4e7b80:   51243 tokens, checkpoints:  1,  1352.346 MiB
srv        update:    - prompt 0x5d5937959a60:     353 tokens, checkpoints:  0,    83.654 MiB
srv        update:    - prompt 0x5d59328c5e70:     825 tokens, checkpoints:  1,   170.097 MiB
srv  get_availabl: prompt cache update took 40.46 ms
slot launch_slot_: id  2 | task -1 | sampler chain: logits -> ?penalties -> ?dry -> ?top-n-sigma -> top-k -> ?typical -> top-p -> min-p -> ?xtc -> ?temp-ext -> dist 
slot launch_slot_: id  2 | task 6411 | processing task, is_child = 0
slot update_slots: id  2 | task 6411 | new prompt, n_ctx_slot = 262144, n_keep = 0, task.n_tokens = 332
slot update_slots: id  2 | task 6411 | n_past = 34, slot.prompt.tokens.size() = 825, seq_id = 2, pos_min = 824, n_swa = 1
slot update_slots: id  2 | task 6411 | forcing full prompt re-processing due to lack of cache data (likely due to SWA or hybrid/recurrent memory, see https://github.com/ggml-org/llama.cpp/pull/13194#issuecomment-2868343055)
slot update_slots: id  2 | task 6411 | erased invalidated context checkpoint (pos_min = 311, pos_max = 311, n_swa = 1, size = 75.376 MiB)
slot update_slots: id  2 | task 6411 | n_tokens = 0, memory_seq_rm [0, end)
slot update_slots: id  2 | task 6411 | prompt processing progress, n_tokens = 332, batch.n_tokens = 332, progress = 1.000000
slot update_slots: id  2 | task 6411 | prompt done, n_tokens = 332, batch.n_tokens = 332
slot init_sampler: id  2 | task 6411 | init sampler, took 0.03 ms, tokens: text = 332, total = 332
srv  params_from_: Chat format: Qwen3 Coder
slot get_availabl: id  3 | task -1 | selected slot by LRU, t_last = 7855718859
srv  get_availabl: updating prompt cache
srv   prompt_save:  - saving prompt with length 51309, total state size = 1278.518 MiB
srv          load:  - looking for better prompt, base f_keep = 0.001, sim = 0.001
srv        update:  - cache size limit reached, removing oldest entry (size = 84.005 MiB)
srv        update:  - cache size limit reached, removing oldest entry (size = 1319.447 MiB)
srv        update:  - cache state: 12 prompts, 7731.549 MiB (limits: 8192.000 MiB, 262144 tokens, 274424 est)
srv        update:    - prompt 0x5d593123a9b0:     812 tokens, checkpoints:  1,   169.793 MiB
srv        update:    - prompt 0x5d592a6f1130:     869 tokens, checkpoints:  1,   171.129 MiB
srv        update:    - prompt 0x5d592c9830c0:     882 tokens, checkpoints:  1,   171.434 MiB
srv        update:    - prompt 0x5d592f7f5a40:     479 tokens, checkpoints:  0,    86.608 MiB
srv        update:    - prompt 0x5d5932969840:   50078 tokens, checkpoints:  1,  1325.028 MiB
srv        update:    - prompt 0x5d592bffc790:     708 tokens, checkpoints:  1,   167.354 MiB
srv        update:    - prompt 0x5d5932791620:   50426 tokens, checkpoints:  1,  1333.188 MiB
srv        update:    - prompt 0x5d5930de9200:   51016 tokens, checkpoints:  1,  1347.023 MiB
srv        update:    - prompt 0x5d592d4e7b80:   51243 tokens, checkpoints:  1,  1352.346 MiB
srv        update:    - prompt 0x5d5937959a60:     353 tokens, checkpoints:  0,    83.654 MiB
srv        update:    - prompt 0x5d59328c5e70:     825 tokens, checkpoints:  1,   170.097 MiB
srv        update:    - prompt 0x5d59314cb130:   51309 tokens, checkpoints:  1,  1353.894 MiB
srv  get_availabl: prompt cache update took 322.17 ms
slot launch_slot_: id  3 | task -1 | sampler chain: logits -> ?penalties -> ?dry -> ?top-n-sigma -> top-k -> ?typical -> top-p -> min-p -> ?xtc -> ?temp-ext -> dist 
slot launch_slot_: id  3 | task 6413 | processing task, is_child = 0
slot update_slots: id  3 | task 6413 | new prompt, n_ctx_slot = 262144, n_keep = 0, task.n_tokens = 52309
slot update_slots: id  3 | task 6413 | n_past = 32, slot.prompt.tokens.size() = 51309, seq_id = 3, pos_min = 51308, n_swa = 1
slot update_slots: id  3 | task 6413 | forcing full prompt re-processing due to lack of cache data (likely due to SWA or hybrid/recurrent memory, see https://github.com/ggml-org/llama.cpp/pull/13194#issuecomment-2868343055)
slot update_slots: id  3 | task 6413 | erased invalidated context checkpoint (pos_min = 50742, pos_max = 50742, n_swa = 1, size = 75.376 MiB)
slot update_slots: id  3 | task 6413 | n_tokens = 0, memory_seq_rm [0, end)
slot update_slots: id  3 | task 6413 | prompt processing progress, n_tokens = 2047, batch.n_tokens = 2048, progress = 0.039133
slot update_slots: id  3 | task 6413 | n_tokens = 2047, memory_seq_rm [2047, end)
slot update_slots: id  3 | task 6413 | prompt processing progress, n_tokens = 4094, batch.n_tokens = 2048, progress = 0.078266
slot update_slots: id  3 | task 6413 | n_tokens = 4094, memory_seq_rm [4094, end)
slot update_slots: id  3 | task 6413 | prompt processing progress, n_tokens = 6141, batch.n_tokens = 2048, progress = 0.117399
slot update_slots: id  3 | task 6413 | n_tokens = 6141, memory_seq_rm [6141, end)
slot update_slots: id  3 | task 6413 | prompt processing progress, n_tokens = 8188, batch.n_tokens = 2048, progress = 0.156531
slot update_slots: id  3 | task 6413 | n_tokens = 8188, memory_seq_rm [8188, end)
slot update_slots: id  3 | task 6413 | prompt processing progress, n_tokens = 10235, batch.n_tokens = 2048, progress = 0.195664
slot update_slots: id  3 | task 6413 | n_tokens = 10235, memory_seq_rm [10235, end)
slot update_slots: id  3 | task 6413 | prompt processing progress, n_tokens = 12282, batch.n_tokens = 2048, progress = 0.234797
slot update_slots: id  3 | task 6413 | n_tokens = 12282, memory_seq_rm [12282, end)
slot update_slots: id  3 | task 6413 | prompt processing progress, n_tokens = 14329, batch.n_tokens = 2048, progress = 0.273930
slot update_slots: id  3 | task 6413 | n_tokens = 14329, memory_seq_rm [14329, end)
slot update_slots: id  3 | task 6413 | prompt processing progress, n_tokens = 16376, batch.n_tokens = 2048, progress = 0.313063
slot update_slots: id  3 | task 6413 | n_tokens = 16376, memory_seq_rm [16376, end)
slot update_slots: id  3 | task 6413 | prompt processing progress, n_tokens = 18423, batch.n_tokens = 2048, progress = 0.352196
slot update_slots: id  3 | task 6413 | n_tokens = 18423, memory_seq_rm [18423, end)
slot update_slots: id  3 | task 6413 | prompt processing progress, n_tokens = 20470, batch.n_tokens = 2048, progress = 0.391328
slot update_slots: id  3 | task 6413 | n_tokens = 20470, memory_seq_rm [20470, end)
slot update_slots: id  3 | task 6413 | prompt processing progress, n_tokens = 22517, batch.n_tokens = 2048, progress = 0.430461
slot update_slots: id  3 | task 6413 | n_tokens = 22517, memory_seq_rm [22517, end)
slot update_slots: id  3 | task 6413 | prompt processing progress, n_tokens = 24564, batch.n_tokens = 2048, progress = 0.469594
slot update_slots: id  3 | task 6413 | n_tokens = 24564, memory_seq_rm [24564, end)
slot update_slots: id  3 | task 6413 | prompt processing progress, n_tokens = 26611, batch.n_tokens = 2048, progress = 0.508727
slot update_slots: id  3 | task 6413 | n_tokens = 26611, memory_seq_rm [26611, end)
slot update_slots: id  3 | task 6413 | prompt processing progress, n_tokens = 28658, batch.n_tokens = 2048, progress = 0.547860
slot update_slots: id  3 | task 6413 | n_tokens = 28658, memory_seq_rm [28658, end)
slot update_slots: id  3 | task 6413 | prompt processing progress, n_tokens = 30705, batch.n_tokens = 2048, progress = 0.586993
slot update_slots: id  3 | task 6413 | n_tokens = 30705, memory_seq_rm [30705, end)
slot update_slots: id  3 | task 6413 | prompt processing progress, n_tokens = 32752, batch.n_tokens = 2048, progress = 0.626126
slot update_slots: id  3 | task 6413 | n_tokens = 32752, memory_seq_rm [32752, end)
slot update_slots: id  3 | task 6413 | prompt processing progress, n_tokens = 34799, batch.n_tokens = 2048, progress = 0.665258
slot update_slots: id  3 | task 6413 | n_tokens = 34799, memory_seq_rm [34799, end)
slot update_slots: id  3 | task 6413 | prompt processing progress, n_tokens = 36846, batch.n_tokens = 2048, progress = 0.704391
slot update_slots: id  3 | task 6413 | n_tokens = 36846, memory_seq_rm [36846, end)
slot update_slots: id  3 | task 6413 | prompt processing progress, n_tokens = 38893, batch.n_tokens = 2048, progress = 0.743524
slot update_slots: id  3 | task 6413 | n_tokens = 38893, memory_seq_rm [38893, end)
slot update_slots: id  3 | task 6413 | prompt processing progress, n_tokens = 40940, batch.n_tokens = 2048, progress = 0.782657
slot update_slots: id  3 | task 6413 | n_tokens = 40940, memory_seq_rm [40940, end)
slot update_slots: id  3 | task 6413 | prompt processing progress, n_tokens = 42987, batch.n_tokens = 2048, progress = 0.821790
slot update_slots: id  3 | task 6413 | n_tokens = 42987, memory_seq_rm [42987, end)
slot update_slots: id  3 | task 6413 | prompt processing progress, n_tokens = 45034, batch.n_tokens = 2048, progress = 0.860923
slot print_timing: id  2 | task 6411 | 
prompt eval time =     219.71 ms /   332 tokens (    0.66 ms per token,  1511.10 tokens per second)
       eval time =   21058.94 ms /    23 tokens (  915.61 ms per token,     1.09 tokens per second)
      total time =   21278.65 ms /   355 tokens
slot      release: id  2 | task 6411 | stop processing: n_tokens = 354, truncated = 0
slot update_slots: id  3 | task 6413 | n_tokens = 45034, memory_seq_rm [45034, end)
srv  log_server_r: done request: POST /v1/messages 127.0.0.1 200
slot update_slots: id  3 | task 6413 | prompt processing progress, n_tokens = 47082, batch.n_tokens = 2048, progress = 0.900075
slot update_slots: id  3 | task 6413 | n_tokens = 47082, memory_seq_rm [47082, end)
slot update_slots: id  3 | task 6413 | prompt processing progress, n_tokens = 49130, batch.n_tokens = 2048, progress = 0.939227
slot update_slots: id  3 | task 6413 | n_tokens = 49130, memory_seq_rm [49130, end)
slot update_slots: id  3 | task 6413 | prompt processing progress, n_tokens = 51178, batch.n_tokens = 2048, progress = 0.978378
slot update_slots: id  3 | task 6413 | n_tokens = 51178, memory_seq_rm [51178, end)
slot update_slots: id  3 | task 6413 | prompt processing progress, n_tokens = 51797, batch.n_tokens = 619, progress = 0.990212
slot update_slots: id  3 | task 6413 | n_tokens = 51797, memory_seq_rm [51797, end)
slot update_slots: id  3 | task 6413 | prompt processing progress, n_tokens = 52309, batch.n_tokens = 512, progress = 1.000000
slot update_slots: id  3 | task 6413 | prompt done, n_tokens = 52309, batch.n_tokens = 512
slot init_sampler: id  3 | task 6413 | init sampler, took 3.96 ms, tokens: text = 52309, total = 52309
slot update_slots: id  3 | task 6413 | created context checkpoint 1 of 8 (pos_min = 51796, pos_max = 51796, size = 75.376 MiB)
slot print_timing: id  3 | task 6413 | 
prompt eval time =   24043.15 ms / 52309 tokens (    0.46 ms per token,  2175.63 tokens per second)
       eval time =     805.14 ms /    60 tokens (   13.42 ms per token,    74.52 tokens per second)
      total time =   24848.29 ms / 52369 tokens
slot      release: id  3 | task 6413 | stop processing: n_tokens = 52368, truncated = 0
srv  update_slots: all slots are idle
srv  log_server_r: done request: POST /v1/messages 127.0.0.1 200
srv  params_from_: Chat format: Qwen3 Coder
slot get_availabl: id  1 | task -1 | selected slot by LRU, t_last = 7883908745
srv  get_availabl: updating prompt cache
srv   prompt_save:  - saving prompt with length 531, total state size = 87.828 MiB
srv          load:  - looking for better prompt, base f_keep = 0.038, sim = 0.048
srv        update:  - cache state: 13 prompts, 7894.752 MiB (limits: 8192.000 MiB, 262144 tokens, 269302 est)
srv        update:    - prompt 0x5d593123a9b0:     812 tokens, checkpoints:  1,   169.793 MiB
srv        update:    - prompt 0x5d592a6f1130:     869 tokens, checkpoints:  1,   171.129 MiB
srv        update:    - prompt 0x5d592c9830c0:     882 tokens, checkpoints:  1,   171.434 MiB
srv        update:    - prompt 0x5d592f7f5a40:     479 tokens, checkpoints:  0,    86.608 MiB
srv        update:    - prompt 0x5d5932969840:   50078 tokens, checkpoints:  1,  1325.028 MiB
srv        update:    - prompt 0x5d592bffc790:     708 tokens, checkpoints:  1,   167.354 MiB
srv        update:    - prompt 0x5d5932791620:   50426 tokens, checkpoints:  1,  1333.188 MiB
srv        update:    - prompt 0x5d5930de9200:   51016 tokens, checkpoints:  1,  1347.023 MiB
srv        update:    - prompt 0x5d592d4e7b80:   51243 tokens, checkpoints:  1,  1352.346 MiB
srv        update:    - prompt 0x5d5937959a60:     353 tokens, checkpoints:  0,    83.654 MiB
srv        update:    - prompt 0x5d59328c5e70:     825 tokens, checkpoints:  1,   170.097 MiB
srv        update:    - prompt 0x5d59314cb130:   51309 tokens, checkpoints:  1,  1353.894 MiB
srv        update:    - prompt 0x5d59317b24c0:     531 tokens, checkpoints:  1,   163.203 MiB
srv  get_availabl: prompt cache update took 41.05 ms
slot launch_slot_: id  1 | task -1 | sampler chain: logits -> ?penalties -> ?dry -> ?top-n-sigma -> top-k -> ?typical -> top-p -> min-p -> ?xtc -> ?temp-ext -> dist 
slot launch_slot_: id  1 | task 6500 | processing task, is_child = 0
slot update_slots: id  1 | task 6500 | new prompt, n_ctx_slot = 262144, n_keep = 0, task.n_tokens = 419
slot update_slots: id  1 | task 6500 | n_past = 20, slot.prompt.tokens.size() = 531, seq_id = 1, pos_min = 530, n_swa = 1
slot update_slots: id  1 | task 6500 | forcing full prompt re-processing due to lack of cache data (likely due to SWA or hybrid/recurrent memory, see https://github.com/ggml-org/llama.cpp/pull/13194#issuecomment-2868343055)
slot update_slots: id  1 | task 6500 | erased invalidated context checkpoint (pos_min = 130, pos_max = 130, n_swa = 1, size = 75.376 MiB)
slot update_slots: id  1 | task 6500 | n_tokens = 0, memory_seq_rm [0, end)
slot update_slots: id  1 | task 6500 | prompt processing progress, n_tokens = 419, batch.n_tokens = 419, progress = 1.000000
slot update_slots: id  1 | task 6500 | prompt done, n_tokens = 419, batch.n_tokens = 419
slot init_sampler: id  1 | task 6500 | init sampler, took 0.03 ms, tokens: text = 419, total = 419
srv  params_from_: Chat format: Qwen3 Coder
slot get_availabl: id  0 | task -1 | selected slot by LRU, t_last = 7893682507
srv  get_availabl: updating prompt cache
srv   prompt_save:  - saving prompt with length 52273, total state size = 1301.123 MiB
srv          load:  - looking for better prompt, base f_keep = 0.001, sim = 0.001
srv        update:  - cache size limit reached, removing oldest entry (size = 169.793 MiB)
srv        update:  - cache size limit reached, removing oldest entry (size = 171.129 MiB)
srv        update:  - cache size limit reached, removing oldest entry (size = 171.434 MiB)
srv        update:  - cache size limit reached, removing oldest entry (size = 86.608 MiB)
srv        update:  - cache size limit reached, removing oldest entry (size = 1325.028 MiB)
srv        update:  - cache state: 9 prompts, 7347.259 MiB (limits: 8192.000 MiB, 262144 tokens, 288425 est)
srv        update:    - prompt 0x5d592bffc790:     708 tokens, checkpoints:  1,   167.354 MiB
srv        update:    - prompt 0x5d5932791620:   50426 tokens, checkpoints:  1,  1333.188 MiB
srv        update:    - prompt 0x5d5930de9200:   51016 tokens, checkpoints:  1,  1347.023 MiB
srv        update:    - prompt 0x5d592d4e7b80:   51243 tokens, checkpoints:  1,  1352.346 MiB
srv        update:    - prompt 0x5d5937959a60:     353 tokens, checkpoints:  0,    83.654 MiB
srv        update:    - prompt 0x5d59328c5e70:     825 tokens, checkpoints:  1,   170.097 MiB
srv        update:    - prompt 0x5d59314cb130:   51309 tokens, checkpoints:  1,  1353.894 MiB
srv        update:    - prompt 0x5d59317b24c0:     531 tokens, checkpoints:  1,   163.203 MiB
srv        update:    - prompt 0x5d5931790fb0:   52273 tokens, checkpoints:  1,  1376.499 MiB
srv  get_availabl: prompt cache update took 331.95 ms
slot launch_slot_: id  0 | task -1 | sampler chain: logits -> ?penalties -> ?dry -> ?top-n-sigma -> top-k -> ?typical -> top-p -> min-p -> ?xtc -> ?temp-ext -> dist 
slot launch_slot_: id  0 | task 6502 | processing task, is_child = 0
slot update_slots: id  0 | task 6502 | new prompt, n_ctx_slot = 262144, n_keep = 0, task.n_tokens = 52460
slot update_slots: id  0 | task 6502 | n_past = 33, slot.prompt.tokens.size() = 52273, seq_id = 0, pos_min = 52272, n_swa = 1
slot update_slots: id  0 | task 6502 | forcing full prompt re-processing due to lack of cache data (likely due to SWA or hybrid/recurrent memory, see https://github.com/ggml-org/llama.cpp/pull/13194#issuecomment-2868343055)
slot update_slots: id  0 | task 6502 | erased invalidated context checkpoint (pos_min = 51068, pos_max = 51068, n_swa = 1, size = 75.376 MiB)
slot update_slots: id  0 | task 6502 | n_tokens = 0, memory_seq_rm [0, end)
slot update_slots: id  0 | task 6502 | prompt processing progress, n_tokens = 2047, batch.n_tokens = 2048, progress = 0.039020
slot update_slots: id  0 | task 6502 | n_tokens = 2047, memory_seq_rm [2047, end)
slot update_slots: id  0 | task 6502 | prompt processing progress, n_tokens = 4094, batch.n_tokens = 2048, progress = 0.078040
slot update_slots: id  0 | task 6502 | n_tokens = 4094, memory_seq_rm [4094, end)
slot update_slots: id  0 | task 6502 | prompt processing progress, n_tokens = 6141, batch.n_tokens = 2048, progress = 0.117061
slot update_slots: id  0 | task 6502 | n_tokens = 6141, memory_seq_rm [6141, end)
slot update_slots: id  0 | task 6502 | prompt processing progress, n_tokens = 8188, batch.n_tokens = 2048, progress = 0.156081
slot update_slots: id  0 | task 6502 | n_tokens = 8188, memory_seq_rm [8188, end)
slot update_slots: id  0 | task 6502 | prompt processing progress, n_tokens = 10235, batch.n_tokens = 2048, progress = 0.195101
slot update_slots: id  0 | task 6502 | n_tokens = 10235, memory_seq_rm [10235, end)
slot update_slots: id  0 | task 6502 | prompt processing progress, n_tokens = 12282, batch.n_tokens = 2048, progress = 0.234121
slot update_slots: id  0 | task 6502 | n_tokens = 12282, memory_seq_rm [12282, end)
slot update_slots: id  0 | task 6502 | prompt processing progress, n_tokens = 14329, batch.n_tokens = 2048, progress = 0.273141
slot update_slots: id  0 | task 6502 | n_tokens = 14329, memory_seq_rm [14329, end)
slot update_slots: id  0 | task 6502 | prompt processing progress, n_tokens = 16376, batch.n_tokens = 2048, progress = 0.312162
slot update_slots: id  0 | task 6502 | n_tokens = 16376, memory_seq_rm [16376, end)
slot update_slots: id  0 | task 6502 | prompt processing progress, n_tokens = 18423, batch.n_tokens = 2048, progress = 0.351182
slot update_slots: id  0 | task 6502 | n_tokens = 18423, memory_seq_rm [18423, end)
slot update_slots: id  0 | task 6502 | prompt processing progress, n_tokens = 20470, batch.n_tokens = 2048, progress = 0.390202
slot update_slots: id  0 | task 6502 | n_tokens = 20470, memory_seq_rm [20470, end)
slot update_slots: id  0 | task 6502 | prompt processing progress, n_tokens = 22517, batch.n_tokens = 2048, progress = 0.429222
slot update_slots: id  0 | task 6502 | n_tokens = 22517, memory_seq_rm [22517, end)
slot update_slots: id  0 | task 6502 | prompt processing progress, n_tokens = 24564, batch.n_tokens = 2048, progress = 0.468242
slot update_slots: id  0 | task 6502 | n_tokens = 24564, memory_seq_rm [24564, end)
slot update_slots: id  0 | task 6502 | prompt processing progress, n_tokens = 26611, batch.n_tokens = 2048, progress = 0.507263
slot update_slots: id  0 | task 6502 | n_tokens = 26611, memory_seq_rm [26611, end)
slot update_slots: id  0 | task 6502 | prompt processing progress, n_tokens = 28658, batch.n_tokens = 2048, progress = 0.546283
slot update_slots: id  0 | task 6502 | n_tokens = 28658, memory_seq_rm [28658, end)
slot update_slots: id  0 | task 6502 | prompt processing progress, n_tokens = 30705, batch.n_tokens = 2048, progress = 0.585303
slot update_slots: id  0 | task 6502 | n_tokens = 30705, memory_seq_rm [30705, end)
slot update_slots: id  0 | task 6502 | prompt processing progress, n_tokens = 32752, batch.n_tokens = 2048, progress = 0.624323
slot update_slots: id  0 | task 6502 | n_tokens = 32752, memory_seq_rm [32752, end)
slot update_slots: id  0 | task 6502 | prompt processing progress, n_tokens = 34799, batch.n_tokens = 2048, progress = 0.663343
slot update_slots: id  0 | task 6502 | n_tokens = 34799, memory_seq_rm [34799, end)
slot update_slots: id  0 | task 6502 | prompt processing progress, n_tokens = 36846, batch.n_tokens = 2048, progress = 0.702364
slot update_slots: id  0 | task 6502 | n_tokens = 36846, memory_seq_rm [36846, end)
slot update_slots: id  0 | task 6502 | prompt processing progress, n_tokens = 38893, batch.n_tokens = 2048, progress = 0.741384
slot update_slots: id  0 | task 6502 | n_tokens = 38893, memory_seq_rm [38893, end)
slot update_slots: id  0 | task 6502 | prompt processing progress, n_tokens = 40940, batch.n_tokens = 2048, progress = 0.780404
slot update_slots: id  0 | task 6502 | n_tokens = 40940, memory_seq_rm [40940, end)
slot update_slots: id  0 | task 6502 | prompt processing progress, n_tokens = 42987, batch.n_tokens = 2048, progress = 0.819424
slot update_slots: id  0 | task 6502 | n_tokens = 42987, memory_seq_rm [42987, end)
slot update_slots: id  0 | task 6502 | prompt processing progress, n_tokens = 45034, batch.n_tokens = 2048, progress = 0.858445
slot print_timing: id  1 | task 6500 | 
prompt eval time =     227.25 ms /   419 tokens (    0.54 ms per token,  1843.79 tokens per second)
       eval time =   21094.01 ms /    23 tokens (  917.13 ms per token,     1.09 tokens per second)
      total time =   21321.26 ms /   442 tokens
slot      release: id  1 | task 6500 | stop processing: n_tokens = 441, truncated = 0
slot update_slots: id  0 | task 6502 | n_tokens = 45034, memory_seq_rm [45034, end)
srv  log_server_r: done request: POST /v1/messages 127.0.0.1 200
slot update_slots: id  0 | task 6502 | prompt processing progress, n_tokens = 47082, batch.n_tokens = 2048, progress = 0.897484
slot update_slots: id  0 | task 6502 | n_tokens = 47082, memory_seq_rm [47082, end)
slot update_slots: id  0 | task 6502 | prompt processing progress, n_tokens = 49130, batch.n_tokens = 2048, progress = 0.936523
slot update_slots: id  0 | task 6502 | n_tokens = 49130, memory_seq_rm [49130, end)
slot update_slots: id  0 | task 6502 | prompt processing progress, n_tokens = 51178, batch.n_tokens = 2048, progress = 0.975562
slot update_slots: id  0 | task 6502 | n_tokens = 51178, memory_seq_rm [51178, end)
slot update_slots: id  0 | task 6502 | prompt processing progress, n_tokens = 51948, batch.n_tokens = 770, progress = 0.990240
slot update_slots: id  0 | task 6502 | n_tokens = 51948, memory_seq_rm [51948, end)
slot update_slots: id  0 | task 6502 | prompt processing progress, n_tokens = 52460, batch.n_tokens = 512, progress = 1.000000
slot update_slots: id  0 | task 6502 | prompt done, n_tokens = 52460, batch.n_tokens = 512
slot init_sampler: id  0 | task 6502 | init sampler, took 3.92 ms, tokens: text = 52460, total = 52460
slot update_slots: id  0 | task 6502 | created context checkpoint 1 of 8 (pos_min = 51947, pos_max = 51947, size = 75.376 MiB)
slot print_timing: id  0 | task 6502 | 
prompt eval time =   24142.35 ms / 52460 tokens (    0.46 ms per token,  2172.95 tokens per second)
       eval time =    3128.47 ms /   232 tokens (   13.48 ms per token,    74.16 tokens per second)
      total time =   27270.82 ms / 52692 tokens
slot      release: id  0 | task 6502 | stop processing: n_tokens = 52691, truncated = 0
srv  update_slots: all slots are idle
srv  log_server_r: done request: POST /v1/messages 127.0.0.1 200
srv  params_from_: Chat format: Qwen3 Coder
slot get_availabl: id  2 | task -1 | selected slot by LRU, t_last = 7927718384
srv  get_availabl: updating prompt cache
srv   prompt_save:  - saving prompt with length 354, total state size = 83.677 MiB
srv          load:  - looking for better prompt, base f_keep = 0.056, sim = 0.000
srv        update:  - cache state: 10 prompts, 7430.936 MiB (limits: 8192.000 MiB, 262144 tokens, 285568 est)
srv        update:    - prompt 0x5d592bffc790:     708 tokens, checkpoints:  1,   167.354 MiB
srv        update:    - prompt 0x5d5932791620:   50426 tokens, checkpoints:  1,  1333.188 MiB
srv        update:    - prompt 0x5d5930de9200:   51016 tokens, checkpoints:  1,  1347.023 MiB
srv        update:    - prompt 0x5d592d4e7b80:   51243 tokens, checkpoints:  1,  1352.346 MiB
srv        update:    - prompt 0x5d5937959a60:     353 tokens, checkpoints:  0,    83.654 MiB
srv        update:    - prompt 0x5d59328c5e70:     825 tokens, checkpoints:  1,   170.097 MiB
srv        update:    - prompt 0x5d59314cb130:   51309 tokens, checkpoints:  1,  1353.894 MiB
srv        update:    - prompt 0x5d59317b24c0:     531 tokens, checkpoints:  1,   163.203 MiB
srv        update:    - prompt 0x5d5931790fb0:   52273 tokens, checkpoints:  1,  1376.499 MiB
srv        update:    - prompt 0x5d59314f2e00:     354 tokens, checkpoints:  0,    83.677 MiB
srv  get_availabl: prompt cache update took 23.71 ms
slot launch_slot_: id  2 | task -1 | sampler chain: logits -> ?penalties -> ?dry -> ?top-n-sigma -> top-k -> ?typical -> top-p -> min-p -> ?xtc -> ?temp-ext -> dist 
slot launch_slot_: id  2 | task 6761 | processing task, is_child = 0
slot update_slots: id  2 | task 6761 | new prompt, n_ctx_slot = 262144, n_keep = 0, task.n_tokens = 52966
slot update_slots: id  2 | task 6761 | n_past = 20, slot.prompt.tokens.size() = 354, seq_id = 2, pos_min = 353, n_swa = 1
slot update_slots: id  2 | task 6761 | forcing full prompt re-processing due to lack of cache data (likely due to SWA or hybrid/recurrent memory, see https://github.com/ggml-org/llama.cpp/pull/13194#issuecomment-2868343055)
slot update_slots: id  2 | task 6761 | n_tokens = 0, memory_seq_rm [0, end)
slot update_slots: id  2 | task 6761 | prompt processing progress, n_tokens = 2048, batch.n_tokens = 2048, progress = 0.038666
slot update_slots: id  2 | task 6761 | n_tokens = 2048, memory_seq_rm [2048, end)
slot update_slots: id  2 | task 6761 | prompt processing progress, n_tokens = 4096, batch.n_tokens = 2048, progress = 0.077333
slot update_slots: id  2 | task 6761 | n_tokens = 4096, memory_seq_rm [4096, end)
slot update_slots: id  2 | task 6761 | prompt processing progress, n_tokens = 6144, batch.n_tokens = 2048, progress = 0.115999
slot update_slots: id  2 | task 6761 | n_tokens = 6144, memory_seq_rm [6144, end)
slot update_slots: id  2 | task 6761 | prompt processing progress, n_tokens = 8192, batch.n_tokens = 2048, progress = 0.154665
slot update_slots: id  2 | task 6761 | n_tokens = 8192, memory_seq_rm [8192, end)
slot update_slots: id  2 | task 6761 | prompt processing progress, n_tokens = 10240, batch.n_tokens = 2048, progress = 0.193332
slot update_slots: id  2 | task 6761 | n_tokens = 10240, memory_seq_rm [10240, end)
slot update_slots: id  2 | task 6761 | prompt processing progress, n_tokens = 12288, batch.n_tokens = 2048, progress = 0.231998
slot update_slots: id  2 | task 6761 | n_tokens = 12288, memory_seq_rm [12288, end)
slot update_slots: id  2 | task 6761 | prompt processing progress, n_tokens = 14336, batch.n_tokens = 2048, progress = 0.270664
slot update_slots: id  2 | task 6761 | n_tokens = 14336, memory_seq_rm [14336, end)
slot update_slots: id  2 | task 6761 | prompt processing progress, n_tokens = 16384, batch.n_tokens = 2048, progress = 0.309331
slot update_slots: id  2 | task 6761 | n_tokens = 16384, memory_seq_rm [16384, end)
slot update_slots: id  2 | task 6761 | prompt processing progress, n_tokens = 18432, batch.n_tokens = 2048, progress = 0.347997
slot update_slots: id  2 | task 6761 | n_tokens = 18432, memory_seq_rm [18432, end)
slot update_slots: id  2 | task 6761 | prompt processing progress, n_tokens = 20480, batch.n_tokens = 2048, progress = 0.386663
slot update_slots: id  2 | task 6761 | n_tokens = 20480, memory_seq_rm [20480, end)
slot update_slots: id  2 | task 6761 | prompt processing progress, n_tokens = 22528, batch.n_tokens = 2048, progress = 0.425329
slot update_slots: id  2 | task 6761 | n_tokens = 22528, memory_seq_rm [22528, end)
slot update_slots: id  2 | task 6761 | prompt processing progress, n_tokens = 24576, batch.n_tokens = 2048, progress = 0.463996
slot update_slots: id  2 | task 6761 | n_tokens = 24576, memory_seq_rm [24576, end)
slot update_slots: id  2 | task 6761 | prompt processing progress, n_tokens = 26624, batch.n_tokens = 2048, progress = 0.502662
slot update_slots: id  2 | task 6761 | n_tokens = 26624, memory_seq_rm [26624, end)
slot update_slots: id  2 | task 6761 | prompt processing progress, n_tokens = 28672, batch.n_tokens = 2048, progress = 0.541328
srv          stop: cancel task, id_task = 6761
srv  log_server_r: done request: POST /v1/messages 127.0.0.1 200
slot      release: id  2 | task 6761 | stop processing: n_tokens = 28672, truncated = 0
srv  update_slots: all slots are idle
srv  params_from_: Chat format: Qwen3 Coder
slot get_availabl: id  0 | task -1 | selected slot by LCP similarity, sim_best = 0.153 (> 0.100 thold), f_keep = 0.000
srv  get_availabl: updating prompt cache
srv   prompt_save:  - saving prompt with length 52691, total state size = 1310.924 MiB
srv  params_from_: Chat format: Qwen3 Coder
srv          load:  - looking for better prompt, base f_keep = 0.000, sim = 0.153
srv        update:  - cache size limit reached, removing oldest entry (size = 167.354 MiB)
srv        update:  - cache size limit reached, removing oldest entry (size = 1333.188 MiB)
srv        update:  - cache state: 9 prompts, 7316.694 MiB (limits: 8192.000 MiB, 262144 tokens, 291770 est)
srv        update:    - prompt 0x5d5930de9200:   51016 tokens, checkpoints:  1,  1347.023 MiB
srv        update:    - prompt 0x5d592d4e7b80:   51243 tokens, checkpoints:  1,  1352.346 MiB
srv        update:    - prompt 0x5d5937959a60:     353 tokens, checkpoints:  0,    83.654 MiB
srv        update:    - prompt 0x5d59328c5e70:     825 tokens, checkpoints:  1,   170.097 MiB
srv        update:    - prompt 0x5d59314cb130:   51309 tokens, checkpoints:  1,  1353.894 MiB
srv        update:    - prompt 0x5d59317b24c0:     531 tokens, checkpoints:  1,   163.203 MiB
srv        update:    - prompt 0x5d5931790fb0:   52273 tokens, checkpoints:  1,  1376.499 MiB
srv        update:    - prompt 0x5d59314f2e00:     354 tokens, checkpoints:  0,    83.677 MiB
srv        update:    - prompt 0x5d5932997010:   52691 tokens, checkpoints:  1,  1386.300 MiB
srv  get_availabl: prompt cache update took 341.52 ms
slot launch_slot_: id  0 | task -1 | sampler chain: logits -> ?penalties -> ?dry -> ?top-n-sigma -> top-k -> ?typical -> top-p -> min-p -> ?xtc -> ?temp-ext -> dist 
slot launch_slot_: id  0 | task 6777 | processing task, is_child = 0
slot get_availabl: id  3 | task -1 | selected slot by LRU, t_last = 7931831360
srv  get_availabl: updating prompt cache
srv   prompt_save:  - saving prompt with length 52368, total state size = 1303.350 MiB
srv          load:  - looking for better prompt, base f_keep = 0.001, sim = 0.001
srv        update:  - cache size limit reached, removing oldest entry (size = 1347.023 MiB)
srv        update:  - cache state: 9 prompts, 7348.397 MiB (limits: 8192.000 MiB, 262144 tokens, 292018 est)
srv        update:    - prompt 0x5d592d4e7b80:   51243 tokens, checkpoints:  1,  1352.346 MiB
srv        update:    - prompt 0x5d5937959a60:     353 tokens, checkpoints:  0,    83.654 MiB
srv        update:    - prompt 0x5d59328c5e70:     825 tokens, checkpoints:  1,   170.097 MiB
srv        update:    - prompt 0x5d59314cb130:   51309 tokens, checkpoints:  1,  1353.894 MiB
srv        update:    - prompt 0x5d59317b24c0:     531 tokens, checkpoints:  1,   163.203 MiB
srv        update:    - prompt 0x5d5931790fb0:   52273 tokens, checkpoints:  1,  1376.499 MiB
srv        update:    - prompt 0x5d59314f2e00:     354 tokens, checkpoints:  0,    83.677 MiB
srv        update:    - prompt 0x5d5932997010:   52691 tokens, checkpoints:  1,  1386.300 MiB
srv        update:    - prompt 0x5d592bffc790:   52368 tokens, checkpoints:  1,  1378.726 MiB
srv  get_availabl: prompt cache update took 330.90 ms
slot launch_slot_: id  3 | task -1 | sampler chain: logits -> ?penalties -> ?dry -> ?top-n-sigma -> top-k -> ?typical -> top-p -> min-p -> ?xtc -> ?temp-ext -> dist 
slot launch_slot_: id  3 | task 6778 | processing task, is_child = 0
slot update_slots: id  0 | task 6777 | new prompt, n_ctx_slot = 262144, n_keep = 0, task.n_tokens = 131
slot update_slots: id  0 | task 6777 | n_past = 20, slot.prompt.tokens.size() = 52691, seq_id = 0, pos_min = 52690, n_swa = 1
slot update_slots: id  0 | task 6777 | forcing full prompt re-processing due to lack of cache data (likely due to SWA or hybrid/recurrent memory, see https://github.com/ggml-org/llama.cpp/pull/13194#issuecomment-2868343055)
slot update_slots: id  0 | task 6777 | erased invalidated context checkpoint (pos_min = 51947, pos_max = 51947, n_swa = 1, size = 75.376 MiB)
slot update_slots: id  0 | task 6777 | n_tokens = 0, memory_seq_rm [0, end)
slot update_slots: id  0 | task 6777 | prompt processing progress, n_tokens = 131, batch.n_tokens = 131, progress = 1.000000
slot update_slots: id  0 | task 6777 | prompt done, n_tokens = 131, batch.n_tokens = 131
slot init_sampler: id  0 | task 6777 | init sampler, took 0.01 ms, tokens: text = 131, total = 131
slot update_slots: id  3 | task 6778 | new prompt, n_ctx_slot = 262144, n_keep = 0, task.n_tokens = 52750
slot update_slots: id  3 | task 6778 | n_past = 33, slot.prompt.tokens.size() = 52368, seq_id = 3, pos_min = 52367, n_swa = 1
slot update_slots: id  3 | task 6778 | forcing full prompt re-processing due to lack of cache data (likely due to SWA or hybrid/recurrent memory, see https://github.com/ggml-org/llama.cpp/pull/13194#issuecomment-2868343055)
slot update_slots: id  3 | task 6778 | erased invalidated context checkpoint (pos_min = 51796, pos_max = 51796, n_swa = 1, size = 75.376 MiB)
slot update_slots: id  3 | task 6778 | n_tokens = 0, memory_seq_rm [0, end)
slot update_slots: id  3 | task 6778 | prompt processing progress, n_tokens = 1917, batch.n_tokens = 2048, progress = 0.036341
slot update_slots: id  3 | task 6778 | n_tokens = 1917, memory_seq_rm [1917, end)
slot update_slots: id  3 | task 6778 | prompt processing progress, n_tokens = 3964, batch.n_tokens = 2048, progress = 0.075147
slot update_slots: id  3 | task 6778 | n_tokens = 3964, memory_seq_rm [3964, end)
slot update_slots: id  3 | task 6778 | prompt processing progress, n_tokens = 6011, batch.n_tokens = 2048, progress = 0.113953
slot update_slots: id  3 | task 6778 | n_tokens = 6011, memory_seq_rm [6011, end)
slot update_slots: id  3 | task 6778 | prompt processing progress, n_tokens = 8058, batch.n_tokens = 2048, progress = 0.152758
slot update_slots: id  3 | task 6778 | n_tokens = 8058, memory_seq_rm [8058, end)
slot update_slots: id  3 | task 6778 | prompt processing progress, n_tokens = 10105, batch.n_tokens = 2048, progress = 0.191564
slot update_slots: id  3 | task 6778 | n_tokens = 10105, memory_seq_rm [10105, end)
slot update_slots: id  3 | task 6778 | prompt processing progress, n_tokens = 12152, batch.n_tokens = 2048, progress = 0.230370
slot update_slots: id  3 | task 6778 | n_tokens = 12152, memory_seq_rm [12152, end)
slot update_slots: id  3 | task 6778 | prompt processing progress, n_tokens = 14199, batch.n_tokens = 2048, progress = 0.269175
slot update_slots: id  3 | task 6778 | n_tokens = 14199, memory_seq_rm [14199, end)
slot update_slots: id  3 | task 6778 | prompt processing progress, n_tokens = 16246, batch.n_tokens = 2048, progress = 0.307981
slot update_slots: id  3 | task 6778 | n_tokens = 16246, memory_seq_rm [16246, end)
slot update_slots: id  3 | task 6778 | prompt processing progress, n_tokens = 18293, batch.n_tokens = 2048, progress = 0.346787
slot update_slots: id  3 | task 6778 | n_tokens = 18293, memory_seq_rm [18293, end)
slot update_slots: id  3 | task 6778 | prompt processing progress, n_tokens = 20340, batch.n_tokens = 2048, progress = 0.385592
slot update_slots: id  3 | task 6778 | n_tokens = 20340, memory_seq_rm [20340, end)
slot update_slots: id  3 | task 6778 | prompt processing progress, n_tokens = 22387, batch.n_tokens = 2048, progress = 0.424398
slot update_slots: id  3 | task 6778 | n_tokens = 22387, memory_seq_rm [22387, end)
slot update_slots: id  3 | task 6778 | prompt processing progress, n_tokens = 24434, batch.n_tokens = 2048, progress = 0.463204
slot update_slots: id  3 | task 6778 | n_tokens = 24434, memory_seq_rm [24434, end)
slot update_slots: id  3 | task 6778 | prompt processing progress, n_tokens = 26481, batch.n_tokens = 2048, progress = 0.502009
slot update_slots: id  3 | task 6778 | n_tokens = 26481, memory_seq_rm [26481, end)
slot update_slots: id  3 | task 6778 | prompt processing progress, n_tokens = 28528, batch.n_tokens = 2048, progress = 0.540815
slot update_slots: id  3 | task 6778 | n_tokens = 28528, memory_seq_rm [28528, end)
slot update_slots: id  3 | task 6778 | prompt processing progress, n_tokens = 30575, batch.n_tokens = 2048, progress = 0.579621
slot update_slots: id  3 | task 6778 | n_tokens = 30575, memory_seq_rm [30575, end)
slot update_slots: id  3 | task 6778 | prompt processing progress, n_tokens = 32622, batch.n_tokens = 2048, progress = 0.618427
slot update_slots: id  3 | task 6778 | n_tokens = 32622, memory_seq_rm [32622, end)
slot update_slots: id  3 | task 6778 | prompt processing progress, n_tokens = 34669, batch.n_tokens = 2048, progress = 0.657232
slot update_slots: id  3 | task 6778 | n_tokens = 34669, memory_seq_rm [34669, end)
slot update_slots: id  3 | task 6778 | prompt processing progress, n_tokens = 36716, batch.n_tokens = 2048, progress = 0.696038
slot update_slots: id  3 | task 6778 | n_tokens = 36716, memory_seq_rm [36716, end)
slot update_slots: id  3 | task 6778 | prompt processing progress, n_tokens = 38763, batch.n_tokens = 2048, progress = 0.734844
slot update_slots: id  3 | task 6778 | n_tokens = 38763, memory_seq_rm [38763, end)
slot update_slots: id  3 | task 6778 | prompt processing progress, n_tokens = 40810, batch.n_tokens = 2048, progress = 0.773649
slot print_timing: id  0 | task 6777 | 
prompt eval time =    1060.80 ms /   131 tokens (    8.10 ms per token,   123.49 tokens per second)
       eval time =   19079.65 ms /    20 tokens (  953.98 ms per token,     1.05 tokens per second)
      total time =   20140.45 ms /   151 tokens
slot      release: id  0 | task 6777 | stop processing: n_tokens = 150, truncated = 0
slot update_slots: id  3 | task 6778 | n_tokens = 40810, memory_seq_rm [40810, end)
slot update_slots: id  3 | task 6778 | prompt processing progress, n_tokens = 42858, batch.n_tokens = 2048, progress = 0.812474
srv  log_server_r: done request: POST /v1/messages 127.0.0.1 200
slot update_slots: id  3 | task 6778 | n_tokens = 42858, memory_seq_rm [42858, end)
slot update_slots: id  3 | task 6778 | prompt processing progress, n_tokens = 44906, batch.n_tokens = 2048, progress = 0.851299
slot update_slots: id  3 | task 6778 | n_tokens = 44906, memory_seq_rm [44906, end)
slot update_slots: id  3 | task 6778 | prompt processing progress, n_tokens = 46954, batch.n_tokens = 2048, progress = 0.890123
slot update_slots: id  3 | task 6778 | n_tokens = 46954, memory_seq_rm [46954, end)
slot update_slots: id  3 | task 6778 | prompt processing progress, n_tokens = 49002, batch.n_tokens = 2048, progress = 0.928948
slot update_slots: id  3 | task 6778 | n_tokens = 49002, memory_seq_rm [49002, end)
slot update_slots: id  3 | task 6778 | prompt processing progress, n_tokens = 51050, batch.n_tokens = 2048, progress = 0.967772
slot update_slots: id  3 | task 6778 | n_tokens = 51050, memory_seq_rm [51050, end)
slot update_slots: id  3 | task 6778 | prompt processing progress, n_tokens = 52238, batch.n_tokens = 1188, progress = 0.990294
slot update_slots: id  3 | task 6778 | n_tokens = 52238, memory_seq_rm [52238, end)
slot update_slots: id  3 | task 6778 | prompt processing progress, n_tokens = 52750, batch.n_tokens = 512, progress = 1.000000
slot update_slots: id  3 | task 6778 | prompt done, n_tokens = 52750, batch.n_tokens = 512
slot init_sampler: id  3 | task 6778 | init sampler, took 3.95 ms, tokens: text = 52750, total = 52750
slot update_slots: id  3 | task 6778 | created context checkpoint 1 of 8 (pos_min = 52237, pos_max = 52237, size = 75.376 MiB)
slot print_timing: id  3 | task 6778 | 
prompt eval time =   25871.57 ms / 52750 tokens (    0.49 ms per token,  2038.92 tokens per second)
       eval time =     466.77 ms /    34 tokens (   13.73 ms per token,    72.84 tokens per second)
      total time =   26338.34 ms / 52784 tokens
slot      release: id  3 | task 6778 | stop processing: n_tokens = 52783, truncated = 0
srv  update_slots: all slots are idle
srv  log_server_r: done request: POST /v1/messages 127.0.0.1 200
srv  params_from_: Chat format: Qwen3 Coder
slot get_availabl: id  1 | task -1 | selected slot by LRU, t_last = 7953879258
srv  get_availabl: updating prompt cache
srv   prompt_save:  - saving prompt with length 441, total state size = 85.717 MiB
srv          load:  - looking for better prompt, base f_keep = 0.050, sim = 0.000
srv        update:  - cache state: 10 prompts, 7434.114 MiB (limits: 8192.000 MiB, 262144 tokens, 289137 est)
srv        update:    - prompt 0x5d592d4e7b80:   51243 tokens, checkpoints:  1,  1352.346 MiB
srv        update:    - prompt 0x5d5937959a60:     353 tokens, checkpoints:  0,    83.654 MiB
srv        update:    - prompt 0x5d59328c5e70:     825 tokens, checkpoints:  1,   170.097 MiB
srv        update:    - prompt 0x5d59314cb130:   51309 tokens, checkpoints:  1,  1353.894 MiB
srv        update:    - prompt 0x5d59317b24c0:     531 tokens, checkpoints:  1,   163.203 MiB
srv        update:    - prompt 0x5d5931790fb0:   52273 tokens, checkpoints:  1,  1376.499 MiB
srv        update:    - prompt 0x5d59314f2e00:     354 tokens, checkpoints:  0,    83.677 MiB
srv        update:    - prompt 0x5d5932997010:   52691 tokens, checkpoints:  1,  1386.300 MiB
srv        update:    - prompt 0x5d592bffc790:   52368 tokens, checkpoints:  1,  1378.726 MiB
srv        update:    - prompt 0x5d5930facb80:     441 tokens, checkpoints:  0,    85.717 MiB
srv  get_availabl: prompt cache update took 25.21 ms
slot launch_slot_: id  1 | task -1 | sampler chain: logits -> ?penalties -> ?dry -> ?top-n-sigma -> top-k -> ?typical -> top-p -> min-p -> ?xtc -> ?temp-ext -> dist 
slot launch_slot_: id  1 | task 6839 | processing task, is_child = 0
slot update_slots: id  1 | task 6839 | new prompt, n_ctx_slot = 262144, n_keep = 0, task.n_tokens = 53779
slot update_slots: id  1 | task 6839 | n_past = 22, slot.prompt.tokens.size() = 441, seq_id = 1, pos_min = 440, n_swa = 1
slot update_slots: id  1 | task 6839 | forcing full prompt re-processing due to lack of cache data (likely due to SWA or hybrid/recurrent memory, see https://github.com/ggml-org/llama.cpp/pull/13194#issuecomment-2868343055)
slot update_slots: id  1 | task 6839 | n_tokens = 0, memory_seq_rm [0, end)
slot update_slots: id  1 | task 6839 | prompt processing progress, n_tokens = 2048, batch.n_tokens = 2048, progress = 0.038082
slot update_slots: id  1 | task 6839 | n_tokens = 2048, memory_seq_rm [2048, end)
slot update_slots: id  1 | task 6839 | prompt processing progress, n_tokens = 4096, batch.n_tokens = 2048, progress = 0.076164
slot update_slots: id  1 | task 6839 | n_tokens = 4096, memory_seq_rm [4096, end)
slot update_slots: id  1 | task 6839 | prompt processing progress, n_tokens = 6144, batch.n_tokens = 2048, progress = 0.114245
slot update_slots: id  1 | task 6839 | n_tokens = 6144, memory_seq_rm [6144, end)
slot update_slots: id  1 | task 6839 | prompt processing progress, n_tokens = 8192, batch.n_tokens = 2048, progress = 0.152327
slot update_slots: id  1 | task 6839 | n_tokens = 8192, memory_seq_rm [8192, end)
slot update_slots: id  1 | task 6839 | prompt processing progress, n_tokens = 10240, batch.n_tokens = 2048, progress = 0.190409
slot update_slots: id  1 | task 6839 | n_tokens = 10240, memory_seq_rm [10240, end)
slot update_slots: id  1 | task 6839 | prompt processing progress, n_tokens = 12288, batch.n_tokens = 2048, progress = 0.228491
slot update_slots: id  1 | task 6839 | n_tokens = 12288, memory_seq_rm [12288, end)
slot update_slots: id  1 | task 6839 | prompt processing progress, n_tokens = 14336, batch.n_tokens = 2048, progress = 0.266572
slot update_slots: id  1 | task 6839 | n_tokens = 14336, memory_seq_rm [14336, end)
slot update_slots: id  1 | task 6839 | prompt processing progress, n_tokens = 16384, batch.n_tokens = 2048, progress = 0.304654
slot update_slots: id  1 | task 6839 | n_tokens = 16384, memory_seq_rm [16384, end)
slot update_slots: id  1 | task 6839 | prompt processing progress, n_tokens = 18432, batch.n_tokens = 2048, progress = 0.342736
slot update_slots: id  1 | task 6839 | n_tokens = 18432, memory_seq_rm [18432, end)
slot update_slots: id  1 | task 6839 | prompt processing progress, n_tokens = 20480, batch.n_tokens = 2048, progress = 0.380818
slot update_slots: id  1 | task 6839 | n_tokens = 20480, memory_seq_rm [20480, end)
slot update_slots: id  1 | task 6839 | prompt processing progress, n_tokens = 22528, batch.n_tokens = 2048, progress = 0.418900
slot update_slots: id  1 | task 6839 | n_tokens = 22528, memory_seq_rm [22528, end)
slot update_slots: id  1 | task 6839 | prompt processing progress, n_tokens = 24576, batch.n_tokens = 2048, progress = 0.456981
slot update_slots: id  1 | task 6839 | n_tokens = 24576, memory_seq_rm [24576, end)
slot update_slots: id  1 | task 6839 | prompt processing progress, n_tokens = 26624, batch.n_tokens = 2048, progress = 0.495063
slot update_slots: id  1 | task 6839 | n_tokens = 26624, memory_seq_rm [26624, end)
slot update_slots: id  1 | task 6839 | prompt processing progress, n_tokens = 28672, batch.n_tokens = 2048, progress = 0.533145
slot update_slots: id  1 | task 6839 | n_tokens = 28672, memory_seq_rm [28672, end)
slot update_slots: id  1 | task 6839 | prompt processing progress, n_tokens = 30720, batch.n_tokens = 2048, progress = 0.571227
slot update_slots: id  1 | task 6839 | n_tokens = 30720, memory_seq_rm [30720, end)
slot update_slots: id  1 | task 6839 | prompt processing progress, n_tokens = 32768, batch.n_tokens = 2048, progress = 0.609308
slot update_slots: id  1 | task 6839 | n_tokens = 32768, memory_seq_rm [32768, end)
slot update_slots: id  1 | task 6839 | prompt processing progress, n_tokens = 34816, batch.n_tokens = 2048, progress = 0.647390
slot update_slots: id  1 | task 6839 | n_tokens = 34816, memory_seq_rm [34816, end)
slot update_slots: id  1 | task 6839 | prompt processing progress, n_tokens = 36864, batch.n_tokens = 2048, progress = 0.685472
slot update_slots: id  1 | task 6839 | n_tokens = 36864, memory_seq_rm [36864, end)
slot update_slots: id  1 | task 6839 | prompt processing progress, n_tokens = 38912, batch.n_tokens = 2048, progress = 0.723554
slot update_slots: id  1 | task 6839 | n_tokens = 38912, memory_seq_rm [38912, end)
slot update_slots: id  1 | task 6839 | prompt processing progress, n_tokens = 40960, batch.n_tokens = 2048, progress = 0.761636
slot update_slots: id  1 | task 6839 | n_tokens = 40960, memory_seq_rm [40960, end)
slot update_slots: id  1 | task 6839 | prompt processing progress, n_tokens = 43008, batch.n_tokens = 2048, progress = 0.799717
slot update_slots: id  1 | task 6839 | n_tokens = 43008, memory_seq_rm [43008, end)
slot update_slots: id  1 | task 6839 | prompt processing progress, n_tokens = 45056, batch.n_tokens = 2048, progress = 0.837799
slot update_slots: id  1 | task 6839 | n_tokens = 45056, memory_seq_rm [45056, end)
slot update_slots: id  1 | task 6839 | prompt processing progress, n_tokens = 47104, batch.n_tokens = 2048, progress = 0.875881
slot update_slots: id  1 | task 6839 | n_tokens = 47104, memory_seq_rm [47104, end)
slot update_slots: id  1 | task 6839 | prompt processing progress, n_tokens = 49152, batch.n_tokens = 2048, progress = 0.913963
slot update_slots: id  1 | task 6839 | n_tokens = 49152, memory_seq_rm [49152, end)
slot update_slots: id  1 | task 6839 | prompt processing progress, n_tokens = 51200, batch.n_tokens = 2048, progress = 0.952044
slot update_slots: id  1 | task 6839 | n_tokens = 51200, memory_seq_rm [51200, end)
slot update_slots: id  1 | task 6839 | prompt processing progress, n_tokens = 53248, batch.n_tokens = 2048, progress = 0.990126
slot update_slots: id  1 | task 6839 | n_tokens = 53248, memory_seq_rm [53248, end)
slot update_slots: id  1 | task 6839 | prompt processing progress, n_tokens = 53267, batch.n_tokens = 19, progress = 0.990480
slot update_slots: id  1 | task 6839 | n_tokens = 53267, memory_seq_rm [53267, end)
slot update_slots: id  1 | task 6839 | prompt processing progress, n_tokens = 53779, batch.n_tokens = 512, progress = 1.000000
slot update_slots: id  1 | task 6839 | prompt done, n_tokens = 53779, batch.n_tokens = 512
slot init_sampler: id  1 | task 6839 | init sampler, took 4.07 ms, tokens: text = 53779, total = 53779
slot update_slots: id  1 | task 6839 | created context checkpoint 1 of 8 (pos_min = 53266, pos_max = 53266, size = 75.376 MiB)
slot print_timing: id  1 | task 6839 | 
prompt eval time =   25769.96 ms / 53779 tokens (    0.48 ms per token,  2086.89 tokens per second)
       eval time =    3653.42 ms /   257 tokens (   14.22 ms per token,    70.35 tokens per second)
      total time =   29423.38 ms / 54036 tokens
slot      release: id  1 | task 6839 | stop processing: n_tokens = 54035, truncated = 0
srv  update_slots: all slots are idle
srv  log_server_r: done request: POST /v1/messages 127.0.0.1 200
srv  params_from_: Chat format: Qwen3 Coder
slot get_availabl: id  2 | task -1 | selected slot by LRU, t_last = 7974129313
srv  get_availabl: updating prompt cache
srv   prompt_save:  - saving prompt with length 28672, total state size = 747.704 MiB
srv          load:  - looking for better prompt, base f_keep = 0.001, sim = 0.001
srv        update:  - cache state: 11 prompts, 8181.818 MiB (limits: 8192.000 MiB, 262144 tokens, 291422 est)
srv        update:    - prompt 0x5d592d4e7b80:   51243 tokens, checkpoints:  1,  1352.346 MiB
srv        update:    - prompt 0x5d5937959a60:     353 tokens, checkpoints:  0,    83.654 MiB
srv        update:    - prompt 0x5d59328c5e70:     825 tokens, checkpoints:  1,   170.097 MiB
srv        update:    - prompt 0x5d59314cb130:   51309 tokens, checkpoints:  1,  1353.894 MiB
srv        update:    - prompt 0x5d59317b24c0:     531 tokens, checkpoints:  1,   163.203 MiB
srv        update:    - prompt 0x5d5931790fb0:   52273 tokens, checkpoints:  1,  1376.499 MiB
srv        update:    - prompt 0x5d59314f2e00:     354 tokens, checkpoints:  0,    83.677 MiB
srv        update:    - prompt 0x5d5932997010:   52691 tokens, checkpoints:  1,  1386.300 MiB
srv        update:    - prompt 0x5d592bffc790:   52368 tokens, checkpoints:  1,  1378.726 MiB
srv        update:    - prompt 0x5d5930facb80:     441 tokens, checkpoints:  0,    85.717 MiB
srv        update:    - prompt 0x5d593123cff0:   28672 tokens, checkpoints:  0,   747.704 MiB
srv  get_availabl: prompt cache update took 179.04 ms
slot launch_slot_: id  2 | task -1 | sampler chain: logits -> ?penalties -> ?dry -> ?top-n-sigma -> top-k -> ?typical -> top-p -> min-p -> ?xtc -> ?temp-ext -> dist 
slot launch_slot_: id  2 | task 7124 | processing task, is_child = 0
slot update_slots: id  2 | task 7124 | new prompt, n_ctx_slot = 262144, n_keep = 0, task.n_tokens = 54079
slot update_slots: id  2 | task 7124 | n_past = 32, slot.prompt.tokens.size() = 28672, seq_id = 2, pos_min = 28671, n_swa = 1
slot update_slots: id  2 | task 7124 | forcing full prompt re-processing due to lack of cache data (likely due to SWA or hybrid/recurrent memory, see https://github.com/ggml-org/llama.cpp/pull/13194#issuecomment-2868343055)
slot update_slots: id  2 | task 7124 | n_tokens = 0, memory_seq_rm [0, end)
slot update_slots: id  2 | task 7124 | prompt processing progress, n_tokens = 2048, batch.n_tokens = 2048, progress = 0.037871
slot update_slots: id  2 | task 7124 | n_tokens = 2048, memory_seq_rm [2048, end)
slot update_slots: id  2 | task 7124 | prompt processing progress, n_tokens = 4096, batch.n_tokens = 2048, progress = 0.075741
slot update_slots: id  2 | task 7124 | n_tokens = 4096, memory_seq_rm [4096, end)
slot update_slots: id  2 | task 7124 | prompt processing progress, n_tokens = 6144, batch.n_tokens = 2048, progress = 0.113612
slot update_slots: id  2 | task 7124 | n_tokens = 6144, memory_seq_rm [6144, end)
slot update_slots: id  2 | task 7124 | prompt processing progress, n_tokens = 8192, batch.n_tokens = 2048, progress = 0.151482
slot update_slots: id  2 | task 7124 | n_tokens = 8192, memory_seq_rm [8192, end)
slot update_slots: id  2 | task 7124 | prompt processing progress, n_tokens = 10240, batch.n_tokens = 2048, progress = 0.189353
slot update_slots: id  2 | task 7124 | n_tokens = 10240, memory_seq_rm [10240, end)
slot update_slots: id  2 | task 7124 | prompt processing progress, n_tokens = 12288, batch.n_tokens = 2048, progress = 0.227223
slot update_slots: id  2 | task 7124 | n_tokens = 12288, memory_seq_rm [12288, end)
slot update_slots: id  2 | task 7124 | prompt processing progress, n_tokens = 14336, batch.n_tokens = 2048, progress = 0.265094
slot update_slots: id  2 | task 7124 | n_tokens = 14336, memory_seq_rm [14336, end)
slot update_slots: id  2 | task 7124 | prompt processing progress, n_tokens = 16384, batch.n_tokens = 2048, progress = 0.302964
slot update_slots: id  2 | task 7124 | n_tokens = 16384, memory_seq_rm [16384, end)
slot update_slots: id  2 | task 7124 | prompt processing progress, n_tokens = 18432, batch.n_tokens = 2048, progress = 0.340835
slot update_slots: id  2 | task 7124 | n_tokens = 18432, memory_seq_rm [18432, end)
slot update_slots: id  2 | task 7124 | prompt processing progress, n_tokens = 20480, batch.n_tokens = 2048, progress = 0.378705
slot update_slots: id  2 | task 7124 | n_tokens = 20480, memory_seq_rm [20480, end)
slot update_slots: id  2 | task 7124 | prompt processing progress, n_tokens = 22528, batch.n_tokens = 2048, progress = 0.416576
slot update_slots: id  2 | task 7124 | n_tokens = 22528, memory_seq_rm [22528, end)
slot update_slots: id  2 | task 7124 | prompt processing progress, n_tokens = 24576, batch.n_tokens = 2048, progress = 0.454446
slot update_slots: id  2 | task 7124 | n_tokens = 24576, memory_seq_rm [24576, end)
slot update_slots: id  2 | task 7124 | prompt processing progress, n_tokens = 26624, batch.n_tokens = 2048, progress = 0.492317
slot update_slots: id  2 | task 7124 | n_tokens = 26624, memory_seq_rm [26624, end)
slot update_slots: id  2 | task 7124 | prompt processing progress, n_tokens = 28672, batch.n_tokens = 2048, progress = 0.530187
slot update_slots: id  2 | task 7124 | n_tokens = 28672, memory_seq_rm [28672, end)
slot update_slots: id  2 | task 7124 | prompt processing progress, n_tokens = 30720, batch.n_tokens = 2048, progress = 0.568058
slot update_slots: id  2 | task 7124 | n_tokens = 30720, memory_seq_rm [30720, end)
slot update_slots: id  2 | task 7124 | prompt processing progress, n_tokens = 32768, batch.n_tokens = 2048, progress = 0.605928
slot update_slots: id  2 | task 7124 | n_tokens = 32768, memory_seq_rm [32768, end)
slot update_slots: id  2 | task 7124 | prompt processing progress, n_tokens = 34816, batch.n_tokens = 2048, progress = 0.643799
slot update_slots: id  2 | task 7124 | n_tokens = 34816, memory_seq_rm [34816, end)
slot update_slots: id  2 | task 7124 | prompt processing progress, n_tokens = 36864, batch.n_tokens = 2048, progress = 0.681669
slot update_slots: id  2 | task 7124 | n_tokens = 36864, memory_seq_rm [36864, end)
slot update_slots: id  2 | task 7124 | prompt processing progress, n_tokens = 38912, batch.n_tokens = 2048, progress = 0.719540
slot update_slots: id  2 | task 7124 | n_tokens = 38912, memory_seq_rm [38912, end)
slot update_slots: id  2 | task 7124 | prompt processing progress, n_tokens = 40960, batch.n_tokens = 2048, progress = 0.757410
slot update_slots: id  2 | task 7124 | n_tokens = 40960, memory_seq_rm [40960, end)
slot update_slots: id  2 | task 7124 | prompt processing progress, n_tokens = 43008, batch.n_tokens = 2048, progress = 0.795281
slot update_slots: id  2 | task 7124 | n_tokens = 43008, memory_seq_rm [43008, end)
slot update_slots: id  2 | task 7124 | prompt processing progress, n_tokens = 45056, batch.n_tokens = 2048, progress = 0.833152
slot update_slots: id  2 | task 7124 | n_tokens = 45056, memory_seq_rm [45056, end)
slot update_slots: id  2 | task 7124 | prompt processing progress, n_tokens = 47104, batch.n_tokens = 2048, progress = 0.871022
slot update_slots: id  2 | task 7124 | n_tokens = 47104, memory_seq_rm [47104, end)
slot update_slots: id  2 | task 7124 | prompt processing progress, n_tokens = 49152, batch.n_tokens = 2048, progress = 0.908893
slot update_slots: id  2 | task 7124 | n_tokens = 49152, memory_seq_rm [49152, end)
slot update_slots: id  2 | task 7124 | prompt processing progress, n_tokens = 51200, batch.n_tokens = 2048, progress = 0.946763
slot update_slots: id  2 | task 7124 | n_tokens = 51200, memory_seq_rm [51200, end)
slot update_slots: id  2 | task 7124 | prompt processing progress, n_tokens = 53248, batch.n_tokens = 2048, progress = 0.984634
slot update_slots: id  2 | task 7124 | n_tokens = 53248, memory_seq_rm [53248, end)
slot update_slots: id  2 | task 7124 | prompt processing progress, n_tokens = 53567, batch.n_tokens = 319, progress = 0.990532
slot update_slots: id  2 | task 7124 | n_tokens = 53567, memory_seq_rm [53567, end)
slot update_slots: id  2 | task 7124 | prompt processing progress, n_tokens = 54079, batch.n_tokens = 512, progress = 1.000000
slot update_slots: id  2 | task 7124 | prompt done, n_tokens = 54079, batch.n_tokens = 512
slot init_sampler: id  2 | task 7124 | init sampler, took 4.05 ms, tokens: text = 54079, total = 54079
slot update_slots: id  2 | task 7124 | created context checkpoint 1 of 8 (pos_min = 53566, pos_max = 53566, size = 75.376 MiB)
slot print_timing: id  2 | task 7124 | 
prompt eval time =   26413.64 ms / 54079 tokens (    0.49 ms per token,  2047.39 tokens per second)
       eval time =     975.83 ms /    67 tokens (   14.56 ms per token,    68.66 tokens per second)
      total time =   27389.47 ms / 54146 tokens
slot      release: id  2 | task 7124 | stop processing: n_tokens = 54145, truncated = 0
srv  update_slots: all slots are idle
srv  log_server_r: done request: POST /v1/messages 127.0.0.1 200
srv  params_from_: Chat format: Qwen3 Coder
slot get_availabl: id  0 | task -1 | selected slot by LRU, t_last = 8002842836
srv  get_availabl: updating prompt cache
srv   prompt_save:  - saving prompt with length 150, total state size = 78.893 MiB
srv          load:  - looking for better prompt, base f_keep = 0.133, sim = 0.049
srv        update:  - cache size limit reached, removing oldest entry (size = 1352.346 MiB)
srv        update:  - cache state: 11 prompts, 6908.365 MiB (limits: 8192.000 MiB, 262144 tokens, 284554 est)
srv        update:    - prompt 0x5d5937959a60:     353 tokens, checkpoints:  0,    83.654 MiB
srv        update:    - prompt 0x5d59328c5e70:     825 tokens, checkpoints:  1,   170.097 MiB
srv        update:    - prompt 0x5d59314cb130:   51309 tokens, checkpoints:  1,  1353.894 MiB
srv        update:    - prompt 0x5d59317b24c0:     531 tokens, checkpoints:  1,   163.203 MiB
srv        update:    - prompt 0x5d5931790fb0:   52273 tokens, checkpoints:  1,  1376.499 MiB
srv        update:    - prompt 0x5d59314f2e00:     354 tokens, checkpoints:  0,    83.677 MiB
srv        update:    - prompt 0x5d5932997010:   52691 tokens, checkpoints:  1,  1386.300 MiB
srv        update:    - prompt 0x5d592bffc790:   52368 tokens, checkpoints:  1,  1378.726 MiB
srv        update:    - prompt 0x5d5930facb80:     441 tokens, checkpoints:  0,    85.717 MiB
srv        update:    - prompt 0x5d593123cff0:   28672 tokens, checkpoints:  0,   747.704 MiB
srv        update:    - prompt 0x5d5931813f80:     150 tokens, checkpoints:  0,    78.893 MiB
srv  get_availabl: prompt cache update took 45.52 ms
slot launch_slot_: id  0 | task -1 | sampler chain: logits -> ?penalties -> ?dry -> ?top-n-sigma -> top-k -> ?typical -> top-p -> min-p -> ?xtc -> ?temp-ext -> dist 
slot launch_slot_: id  0 | task 7219 | processing task, is_child = 0
slot update_slots: id  0 | task 7219 | new prompt, n_ctx_slot = 262144, n_keep = 0, task.n_tokens = 412
slot update_slots: id  0 | task 7219 | n_past = 20, slot.prompt.tokens.size() = 150, seq_id = 0, pos_min = 149, n_swa = 1
slot update_slots: id  0 | task 7219 | forcing full prompt re-processing due to lack of cache data (likely due to SWA or hybrid/recurrent memory, see https://github.com/ggml-org/llama.cpp/pull/13194#issuecomment-2868343055)
slot update_slots: id  0 | task 7219 | n_tokens = 0, memory_seq_rm [0, end)
slot update_slots: id  0 | task 7219 | prompt processing progress, n_tokens = 412, batch.n_tokens = 412, progress = 1.000000
slot update_slots: id  0 | task 7219 | prompt done, n_tokens = 412, batch.n_tokens = 412
slot init_sampler: id  0 | task 7219 | init sampler, took 0.03 ms, tokens: text = 412, total = 412
srv  params_from_: Chat format: Qwen3 Coder
slot get_availabl: id  3 | task -1 | selected slot by LRU, t_last = 8009048233
srv  get_availabl: updating prompt cache
srv   prompt_save:  - saving prompt with length 52783, total state size = 1313.082 MiB
srv          load:  - looking for better prompt, base f_keep = 0.001, sim = 0.001
srv        update:  - cache size limit reached, removing oldest entry (size = 83.654 MiB)
srv        update:  - cache size limit reached, removing oldest entry (size = 170.097 MiB)
srv        update:  - cache state: 10 prompts, 8043.072 MiB (limits: 8192.000 MiB, 262144 tokens, 296970 est)
srv        update:    - prompt 0x5d59314cb130:   51309 tokens, checkpoints:  1,  1353.894 MiB
srv        update:    - prompt 0x5d59317b24c0:     531 tokens, checkpoints:  1,   163.203 MiB
srv        update:    - prompt 0x5d5931790fb0:   52273 tokens, checkpoints:  1,  1376.499 MiB
srv        update:    - prompt 0x5d59314f2e00:     354 tokens, checkpoints:  0,    83.677 MiB
srv        update:    - prompt 0x5d5932997010:   52691 tokens, checkpoints:  1,  1386.300 MiB
srv        update:    - prompt 0x5d592bffc790:   52368 tokens, checkpoints:  1,  1378.726 MiB
srv        update:    - prompt 0x5d5930facb80:     441 tokens, checkpoints:  0,    85.717 MiB
srv        update:    - prompt 0x5d593123cff0:   28672 tokens, checkpoints:  0,   747.704 MiB
srv        update:    - prompt 0x5d5931813f80:     150 tokens, checkpoints:  0,    78.893 MiB
srv        update:    - prompt 0x5d592d4e7b80:   52783 tokens, checkpoints:  1,  1388.458 MiB
srv  get_availabl: prompt cache update took 321.40 ms
slot launch_slot_: id  3 | task -1 | sampler chain: logits -> ?penalties -> ?dry -> ?top-n-sigma -> top-k -> ?typical -> top-p -> min-p -> ?xtc -> ?temp-ext -> dist 
slot launch_slot_: id  3 | task 7221 | processing task, is_child = 0
slot update_slots: id  3 | task 7221 | new prompt, n_ctx_slot = 262144, n_keep = 0, task.n_tokens = 54335
slot update_slots: id  3 | task 7221 | n_past = 33, slot.prompt.tokens.size() = 52783, seq_id = 3, pos_min = 52782, n_swa = 1
slot update_slots: id  3 | task 7221 | forcing full prompt re-processing due to lack of cache data (likely due to SWA or hybrid/recurrent memory, see https://github.com/ggml-org/llama.cpp/pull/13194#issuecomment-2868343055)
slot update_slots: id  3 | task 7221 | erased invalidated context checkpoint (pos_min = 52237, pos_max = 52237, n_swa = 1, size = 75.376 MiB)
slot update_slots: id  3 | task 7221 | n_tokens = 0, memory_seq_rm [0, end)
slot update_slots: id  3 | task 7221 | prompt processing progress, n_tokens = 2047, batch.n_tokens = 2048, progress = 0.037674
slot update_slots: id  3 | task 7221 | n_tokens = 2047, memory_seq_rm [2047, end)
slot update_slots: id  3 | task 7221 | prompt processing progress, n_tokens = 4094, batch.n_tokens = 2048, progress = 0.075347
slot update_slots: id  3 | task 7221 | n_tokens = 4094, memory_seq_rm [4094, end)
slot update_slots: id  3 | task 7221 | prompt processing progress, n_tokens = 6141, batch.n_tokens = 2048, progress = 0.113021
slot update_slots: id  3 | task 7221 | n_tokens = 6141, memory_seq_rm [6141, end)
slot update_slots: id  3 | task 7221 | prompt processing progress, n_tokens = 8188, batch.n_tokens = 2048, progress = 0.150695
slot update_slots: id  3 | task 7221 | n_tokens = 8188, memory_seq_rm [8188, end)
slot update_slots: id  3 | task 7221 | prompt processing progress, n_tokens = 10235, batch.n_tokens = 2048, progress = 0.188368
slot update_slots: id  3 | task 7221 | n_tokens = 10235, memory_seq_rm [10235, end)
slot update_slots: id  3 | task 7221 | prompt processing progress, n_tokens = 12282, batch.n_tokens = 2048, progress = 0.226042
slot update_slots: id  3 | task 7221 | n_tokens = 12282, memory_seq_rm [12282, end)
slot update_slots: id  3 | task 7221 | prompt processing progress, n_tokens = 14329, batch.n_tokens = 2048, progress = 0.263716
slot update_slots: id  3 | task 7221 | n_tokens = 14329, memory_seq_rm [14329, end)
slot update_slots: id  3 | task 7221 | prompt processing progress, n_tokens = 16376, batch.n_tokens = 2048, progress = 0.301390
slot update_slots: id  3 | task 7221 | n_tokens = 16376, memory_seq_rm [16376, end)
slot update_slots: id  3 | task 7221 | prompt processing progress, n_tokens = 18423, batch.n_tokens = 2048, progress = 0.339063
slot update_slots: id  3 | task 7221 | n_tokens = 18423, memory_seq_rm [18423, end)
slot update_slots: id  3 | task 7221 | prompt processing progress, n_tokens = 20470, batch.n_tokens = 2048, progress = 0.376737
slot update_slots: id  3 | task 7221 | n_tokens = 20470, memory_seq_rm [20470, end)
slot update_slots: id  3 | task 7221 | prompt processing progress, n_tokens = 22517, batch.n_tokens = 2048, progress = 0.414411
slot update_slots: id  3 | task 7221 | n_tokens = 22517, memory_seq_rm [22517, end)
slot update_slots: id  3 | task 7221 | prompt processing progress, n_tokens = 24564, batch.n_tokens = 2048, progress = 0.452084
slot update_slots: id  3 | task 7221 | n_tokens = 24564, memory_seq_rm [24564, end)
slot update_slots: id  3 | task 7221 | prompt processing progress, n_tokens = 26611, batch.n_tokens = 2048, progress = 0.489758
slot update_slots: id  3 | task 7221 | n_tokens = 26611, memory_seq_rm [26611, end)
slot update_slots: id  3 | task 7221 | prompt processing progress, n_tokens = 28658, batch.n_tokens = 2048, progress = 0.527432
slot update_slots: id  3 | task 7221 | n_tokens = 28658, memory_seq_rm [28658, end)
slot update_slots: id  3 | task 7221 | prompt processing progress, n_tokens = 30705, batch.n_tokens = 2048, progress = 0.565105
slot update_slots: id  3 | task 7221 | n_tokens = 30705, memory_seq_rm [30705, end)
slot update_slots: id  3 | task 7221 | prompt processing progress, n_tokens = 32752, batch.n_tokens = 2048, progress = 0.602779
slot update_slots: id  3 | task 7221 | n_tokens = 32752, memory_seq_rm [32752, end)
slot update_slots: id  3 | task 7221 | prompt processing progress, n_tokens = 34799, batch.n_tokens = 2048, progress = 0.640453
slot update_slots: id  3 | task 7221 | n_tokens = 34799, memory_seq_rm [34799, end)
slot update_slots: id  3 | task 7221 | prompt processing progress, n_tokens = 36846, batch.n_tokens = 2048, progress = 0.678126
slot update_slots: id  3 | task 7221 | n_tokens = 36846, memory_seq_rm [36846, end)
slot update_slots: id  3 | task 7221 | prompt processing progress, n_tokens = 38893, batch.n_tokens = 2048, progress = 0.715800
slot update_slots: id  3 | task 7221 | n_tokens = 38893, memory_seq_rm [38893, end)
slot update_slots: id  3 | task 7221 | prompt processing progress, n_tokens = 40940, batch.n_tokens = 2048, progress = 0.753474
slot update_slots: id  3 | task 7221 | n_tokens = 40940, memory_seq_rm [40940, end)
slot update_slots: id  3 | task 7221 | prompt processing progress, n_tokens = 42987, batch.n_tokens = 2048, progress = 0.791148
slot update_slots: id  3 | task 7221 | n_tokens = 42987, memory_seq_rm [42987, end)
slot update_slots: id  3 | task 7221 | prompt processing progress, n_tokens = 45034, batch.n_tokens = 2048, progress = 0.828821
slot print_timing: id  0 | task 7219 | 
prompt eval time =     238.20 ms /   412 tokens (    0.58 ms per token,  1729.61 tokens per second)
       eval time =   23725.42 ms /    23 tokens ( 1031.54 ms per token,     0.97 tokens per second)
      total time =   23963.63 ms /   435 tokens
slot      release: id  0 | task 7219 | stop processing: n_tokens = 434, truncated = 0
slot update_slots: id  3 | task 7221 | n_tokens = 45034, memory_seq_rm [45034, end)
srv  log_server_r: done request: POST /v1/messages 127.0.0.1 200
slot update_slots: id  3 | task 7221 | prompt processing progress, n_tokens = 47082, batch.n_tokens = 2048, progress = 0.866513
slot update_slots: id  3 | task 7221 | n_tokens = 47082, memory_seq_rm [47082, end)
slot update_slots: id  3 | task 7221 | prompt processing progress, n_tokens = 49130, batch.n_tokens = 2048, progress = 0.904205
slot update_slots: id  3 | task 7221 | n_tokens = 49130, memory_seq_rm [49130, end)
slot update_slots: id  3 | task 7221 | prompt processing progress, n_tokens = 51178, batch.n_tokens = 2048, progress = 0.941898
slot update_slots: id  3 | task 7221 | n_tokens = 51178, memory_seq_rm [51178, end)
slot update_slots: id  3 | task 7221 | prompt processing progress, n_tokens = 53226, batch.n_tokens = 2048, progress = 0.979590
slot update_slots: id  3 | task 7221 | n_tokens = 53226, memory_seq_rm [53226, end)
slot update_slots: id  3 | task 7221 | prompt processing progress, n_tokens = 53823, batch.n_tokens = 597, progress = 0.990577
slot update_slots: id  3 | task 7221 | n_tokens = 53823, memory_seq_rm [53823, end)
slot update_slots: id  3 | task 7221 | prompt processing progress, n_tokens = 54335, batch.n_tokens = 512, progress = 1.000000
slot update_slots: id  3 | task 7221 | prompt done, n_tokens = 54335, batch.n_tokens = 512
slot init_sampler: id  3 | task 7221 | init sampler, took 4.08 ms, tokens: text = 54335, total = 54335
slot update_slots: id  3 | task 7221 | created context checkpoint 1 of 8 (pos_min = 53822, pos_max = 53822, size = 75.376 MiB)
slot print_timing: id  3 | task 7221 | 
prompt eval time =   28194.11 ms / 54335 tokens (    0.52 ms per token,  1927.18 tokens per second)
       eval time =     526.29 ms /    37 tokens (   14.22 ms per token,    70.30 tokens per second)
      total time =   28720.40 ms / 54372 tokens
slot      release: id  3 | task 7221 | stop processing: n_tokens = 54371, truncated = 0
srv  update_slots: all slots are idle
srv  log_server_r: done request: POST /v1/messages 127.0.0.1 200
srv  params_from_: Chat format: Qwen3 Coder
slot get_availabl: id  1 | task -1 | selected slot by LRU, t_last = 8038660372
srv  get_availabl: updating prompt cache
srv   prompt_save:  - saving prompt with length 54035, total state size = 1342.440 MiB
srv          load:  - looking for better prompt, base f_keep = 0.001, sim = 0.001
srv        update:  - cache size limit reached, removing oldest entry (size = 1353.894 MiB)
srv        update:  - cache state: 10 prompts, 8106.994 MiB (limits: 8192.000 MiB, 262144 tokens, 297383 est)
srv        update:    - prompt 0x5d59317b24c0:     531 tokens, checkpoints:  1,   163.203 MiB
srv        update:    - prompt 0x5d5931790fb0:   52273 tokens, checkpoints:  1,  1376.499 MiB
srv        update:    - prompt 0x5d59314f2e00:     354 tokens, checkpoints:  0,    83.677 MiB
srv        update:    - prompt 0x5d5932997010:   52691 tokens, checkpoints:  1,  1386.300 MiB
srv        update:    - prompt 0x5d592bffc790:   52368 tokens, checkpoints:  1,  1378.726 MiB
srv        update:    - prompt 0x5d5930facb80:     441 tokens, checkpoints:  0,    85.717 MiB
srv        update:    - prompt 0x5d593123cff0:   28672 tokens, checkpoints:  0,   747.704 MiB
srv        update:    - prompt 0x5d5931813f80:     150 tokens, checkpoints:  0,    78.893 MiB
srv        update:    - prompt 0x5d592d4e7b80:   52783 tokens, checkpoints:  1,  1388.458 MiB
srv        update:    - prompt 0x5d59344f2550:   54035 tokens, checkpoints:  1,  1417.816 MiB
srv  get_availabl: prompt cache update took 327.53 ms
slot launch_slot_: id  1 | task -1 | sampler chain: logits -> ?penalties -> ?dry -> ?top-n-sigma -> top-k -> ?typical -> top-p -> min-p -> ?xtc -> ?temp-ext -> dist 
slot launch_slot_: id  1 | task 7286 | processing task, is_child = 0
slot update_slots: id  1 | task 7286 | new prompt, n_ctx_slot = 262144, n_keep = 0, task.n_tokens = 54646
slot update_slots: id  1 | task 7286 | n_past = 32, slot.prompt.tokens.size() = 54035, seq_id = 1, pos_min = 54034, n_swa = 1
slot update_slots: id  1 | task 7286 | forcing full prompt re-processing due to lack of cache data (likely due to SWA or hybrid/recurrent memory, see https://github.com/ggml-org/llama.cpp/pull/13194#issuecomment-2868343055)
slot update_slots: id  1 | task 7286 | erased invalidated context checkpoint (pos_min = 53266, pos_max = 53266, n_swa = 1, size = 75.376 MiB)
slot update_slots: id  1 | task 7286 | n_tokens = 0, memory_seq_rm [0, end)
slot update_slots: id  1 | task 7286 | prompt processing progress, n_tokens = 2048, batch.n_tokens = 2048, progress = 0.037478
slot update_slots: id  1 | task 7286 | n_tokens = 2048, memory_seq_rm [2048, end)
slot update_slots: id  1 | task 7286 | prompt processing progress, n_tokens = 4096, batch.n_tokens = 2048, progress = 0.074955
slot update_slots: id  1 | task 7286 | n_tokens = 4096, memory_seq_rm [4096, end)
slot update_slots: id  1 | task 7286 | prompt processing progress, n_tokens = 6144, batch.n_tokens = 2048, progress = 0.112433
slot update_slots: id  1 | task 7286 | n_tokens = 6144, memory_seq_rm [6144, end)
slot update_slots: id  1 | task 7286 | prompt processing progress, n_tokens = 8192, batch.n_tokens = 2048, progress = 0.149910
slot update_slots: id  1 | task 7286 | n_tokens = 8192, memory_seq_rm [8192, end)
slot update_slots: id  1 | task 7286 | prompt processing progress, n_tokens = 10240, batch.n_tokens = 2048, progress = 0.187388
slot update_slots: id  1 | task 7286 | n_tokens = 10240, memory_seq_rm [10240, end)
slot update_slots: id  1 | task 7286 | prompt processing progress, n_tokens = 12288, batch.n_tokens = 2048, progress = 0.224865
slot update_slots: id  1 | task 7286 | n_tokens = 12288, memory_seq_rm [12288, end)
slot update_slots: id  1 | task 7286 | prompt processing progress, n_tokens = 14336, batch.n_tokens = 2048, progress = 0.262343
slot update_slots: id  1 | task 7286 | n_tokens = 14336, memory_seq_rm [14336, end)
slot update_slots: id  1 | task 7286 | prompt processing progress, n_tokens = 16384, batch.n_tokens = 2048, progress = 0.299821
slot update_slots: id  1 | task 7286 | n_tokens = 16384, memory_seq_rm [16384, end)
slot update_slots: id  1 | task 7286 | prompt processing progress, n_tokens = 18432, batch.n_tokens = 2048, progress = 0.337298
slot update_slots: id  1 | task 7286 | n_tokens = 18432, memory_seq_rm [18432, end)
slot update_slots: id  1 | task 7286 | prompt processing progress, n_tokens = 20480, batch.n_tokens = 2048, progress = 0.374776
slot update_slots: id  1 | task 7286 | n_tokens = 20480, memory_seq_rm [20480, end)
slot update_slots: id  1 | task 7286 | prompt processing progress, n_tokens = 22528, batch.n_tokens = 2048, progress = 0.412253
slot update_slots: id  1 | task 7286 | n_tokens = 22528, memory_seq_rm [22528, end)
slot update_slots: id  1 | task 7286 | prompt processing progress, n_tokens = 24576, batch.n_tokens = 2048, progress = 0.449731
slot update_slots: id  1 | task 7286 | n_tokens = 24576, memory_seq_rm [24576, end)
slot update_slots: id  1 | task 7286 | prompt processing progress, n_tokens = 26624, batch.n_tokens = 2048, progress = 0.487209
slot update_slots: id  1 | task 7286 | n_tokens = 26624, memory_seq_rm [26624, end)
slot update_slots: id  1 | task 7286 | prompt processing progress, n_tokens = 28672, batch.n_tokens = 2048, progress = 0.524686
slot update_slots: id  1 | task 7286 | n_tokens = 28672, memory_seq_rm [28672, end)
slot update_slots: id  1 | task 7286 | prompt processing progress, n_tokens = 30720, batch.n_tokens = 2048, progress = 0.562164
slot update_slots: id  1 | task 7286 | n_tokens = 30720, memory_seq_rm [30720, end)
slot update_slots: id  1 | task 7286 | prompt processing progress, n_tokens = 32768, batch.n_tokens = 2048, progress = 0.599641
slot update_slots: id  1 | task 7286 | n_tokens = 32768, memory_seq_rm [32768, end)
slot update_slots: id  1 | task 7286 | prompt processing progress, n_tokens = 34816, batch.n_tokens = 2048, progress = 0.637119
slot update_slots: id  1 | task 7286 | n_tokens = 34816, memory_seq_rm [34816, end)
slot update_slots: id  1 | task 7286 | prompt processing progress, n_tokens = 36864, batch.n_tokens = 2048, progress = 0.674596
slot update_slots: id  1 | task 7286 | n_tokens = 36864, memory_seq_rm [36864, end)
slot update_slots: id  1 | task 7286 | prompt processing progress, n_tokens = 38912, batch.n_tokens = 2048, progress = 0.712074
slot update_slots: id  1 | task 7286 | n_tokens = 38912, memory_seq_rm [38912, end)
slot update_slots: id  1 | task 7286 | prompt processing progress, n_tokens = 40960, batch.n_tokens = 2048, progress = 0.749552
slot update_slots: id  1 | task 7286 | n_tokens = 40960, memory_seq_rm [40960, end)
slot update_slots: id  1 | task 7286 | prompt processing progress, n_tokens = 43008, batch.n_tokens = 2048, progress = 0.787029
srv          stop: cancel task, id_task = 7286
srv  log_server_r: done request: POST /v1/messages 127.0.0.1 200
slot      release: id  1 | task 7286 | stop processing: n_tokens = 43008, truncated = 0
srv  update_slots: all slots are idle
srv  params_from_: Chat format: Qwen3 Coder
slot get_availabl: id  0 | task -1 | selected slot by LCP similarity, sim_best = 0.111 (> 0.100 thold), f_keep = 0.002
srv  get_availabl: updating prompt cache
srv   prompt_save:  - saving prompt with length 434, total state size = 85.553 MiB
srv          load:  - looking for better prompt, base f_keep = 0.002, sim = 0.111
srv        update:  - cache size limit reached, removing oldest entry (size = 163.203 MiB)
srv  log_server_r: done request: POST /v1/messages/count_tokens 127.0.0.1 200
srv        update:  - cache state: 10 prompts, 8029.343 MiB (limits: 8192.000 MiB, 262144 tokens, 300160 est)
srv        update:    - prompt 0x5d5931790fb0:   52273 tokens, checkpoints:  1,  1376.499 MiB
srv        update:    - prompt 0x5d59314f2e00:     354 tokens, checkpoints:  0,    83.677 MiB
srv        update:    - prompt 0x5d5932997010:   52691 tokens, checkpoints:  1,  1386.300 MiB
srv        update:    - prompt 0x5d592bffc790:   52368 tokens, checkpoints:  1,  1378.726 MiB
srv        update:    - prompt 0x5d5930facb80:     441 tokens, checkpoints:  0,    85.717 MiB
srv        update:    - prompt 0x5d593123cff0:   28672 tokens, checkpoints:  0,   747.704 MiB
srv        update:    - prompt 0x5d5931813f80:     150 tokens, checkpoints:  0,    78.893 MiB
srv        update:    - prompt 0x5d592d4e7b80:   52783 tokens, checkpoints:  1,  1388.458 MiB
srv        update:    - prompt 0x5d59344f2550:   54035 tokens, checkpoints:  1,  1417.816 MiB
srv        update:    - prompt 0x5d593182e3e0:     434 tokens, checkpoints:  0,    85.553 MiB
srv  get_availabl: prompt cache update took 51.91 ms
slot launch_slot_: id  0 | task -1 | sampler chain: logits -> ?penalties -> ?dry -> ?top-n-sigma -> top-k -> ?typical -> top-p -> min-p -> ?xtc -> ?temp-ext -> dist 
slot launch_slot_: id  0 | task 7309 | processing task, is_child = 0
slot update_slots: id  0 | task 7309 | new prompt, n_ctx_slot = 262144, n_keep = 0, task.n_tokens = 9
slot update_slots: id  0 | task 7309 | n_past = 1, slot.prompt.tokens.size() = 434, seq_id = 0, pos_min = 433, n_swa = 1
slot update_slots: id  0 | task 7309 | forcing full prompt re-processing due to lack of cache data (likely due to SWA or hybrid/recurrent memory, see https://github.com/ggml-org/llama.cpp/pull/13194#issuecomment-2868343055)
slot update_slots: id  0 | task 7309 | n_tokens = 0, memory_seq_rm [0, end)
slot update_slots: id  0 | task 7309 | prompt processing progress, n_tokens = 9, batch.n_tokens = 9, progress = 1.000000
slot update_slots: id  0 | task 7309 | prompt done, n_tokens = 9, batch.n_tokens = 9
slot init_sampler: id  0 | task 7309 | init sampler, took 0.00 ms, tokens: text = 9, total = 9
slot print_timing: id  0 | task 7309 | 
prompt eval time =      36.79 ms /     9 tokens (    4.09 ms per token,   244.61 tokens per second)
       eval time =       0.00 ms /     1 tokens (    0.00 ms per token, 1000000.00 tokens per second)
      total time =      36.79 ms /    10 tokens
slot      release: id  0 | task 7309 | stop processing: n_tokens = 9, truncated = 0
srv  update_slots: all slots are idle
srv  log_server_r: done request: POST /v1/messages 127.0.0.1 200
srv  params_from_: Chat format: Qwen3 Coder
slot get_availabl: id  1 | task -1 | selected slot by LCP similarity, sim_best = 0.143 (> 0.100 thold), f_keep = 0.000
srv  get_availabl: updating prompt cache
srv   prompt_save:  - saving prompt with length 43008, total state size = 1083.868 MiB
srv  log_server_r: done request: POST /v1/messages/count_tokens 127.0.0.1 200
srv  params_from_: Chat format: Qwen3 Coder
srv          load:  - looking for better prompt, base f_keep = 0.000, sim = 0.143
srv        update:  - cache size limit reached, removing oldest entry (size = 1376.499 MiB)
srv        update:  - cache state: 10 prompts, 7736.713 MiB (limits: 8192.000 MiB, 262144 tokens, 301703 est)
srv        update:    - prompt 0x5d59314f2e00:     354 tokens, checkpoints:  0,    83.677 MiB
srv        update:    - prompt 0x5d5932997010:   52691 tokens, checkpoints:  1,  1386.300 MiB
srv        update:    - prompt 0x5d592bffc790:   52368 tokens, checkpoints:  1,  1378.726 MiB
srv        update:    - prompt 0x5d5930facb80:     441 tokens, checkpoints:  0,    85.717 MiB
srv        update:    - prompt 0x5d593123cff0:   28672 tokens, checkpoints:  0,   747.704 MiB
srv        update:    - prompt 0x5d5931813f80:     150 tokens, checkpoints:  0,    78.893 MiB
srv        update:    - prompt 0x5d592d4e7b80:   52783 tokens, checkpoints:  1,  1388.458 MiB
srv        update:    - prompt 0x5d59344f2550:   54035 tokens, checkpoints:  1,  1417.816 MiB
srv        update:    - prompt 0x5d593182e3e0:     434 tokens, checkpoints:  0,    85.553 MiB
srv        update:    - prompt 0x5d59317b24c0:   43008 tokens, checkpoints:  0,  1083.868 MiB
srv  get_availabl: prompt cache update took 307.06 ms
slot launch_slot_: id  1 | task -1 | sampler chain: logits -> ?penalties -> ?dry -> ?top-n-sigma -> top-k -> ?typical -> top-p -> min-p -> ?xtc -> ?temp-ext -> dist 
slot launch_slot_: id  1 | task 7311 | processing task, is_child = 0
slot get_availabl: id  2 | task -1 | selected slot by LRU, t_last = 8210281286
srv  get_availabl: updating prompt cache
srv   prompt_save:  - saving prompt with length 54145, total state size = 1345.019 MiB
srv          load:  - looking for better prompt, base f_keep = 0.001, sim = 0.002
srv        update:  - cache size limit reached, removing oldest entry (size = 83.677 MiB)
srv        update:  - cache size limit reached, removing oldest entry (size = 1386.300 MiB)
srv        update:  - cache state: 9 prompts, 7687.131 MiB (limits: 8192.000 MiB, 262144 tokens, 304822 est)
srv        update:    - prompt 0x5d592bffc790:   52368 tokens, checkpoints:  1,  1378.726 MiB
srv        update:    - prompt 0x5d5930facb80:     441 tokens, checkpoints:  0,    85.717 MiB
srv        update:    - prompt 0x5d593123cff0:   28672 tokens, checkpoints:  0,   747.704 MiB
srv        update:    - prompt 0x5d5931813f80:     150 tokens, checkpoints:  0,    78.893 MiB
srv        update:    - prompt 0x5d592d4e7b80:   52783 tokens, checkpoints:  1,  1388.458 MiB
srv        update:    - prompt 0x5d59344f2550:   54035 tokens, checkpoints:  1,  1417.816 MiB
srv        update:    - prompt 0x5d593182e3e0:     434 tokens, checkpoints:  0,    85.553 MiB
srv        update:    - prompt 0x5d59317b24c0:   43008 tokens, checkpoints:  0,  1083.868 MiB
srv        update:    - prompt 0x5d5931790fb0:   54145 tokens, checkpoints:  1,  1420.395 MiB
srv  get_availabl: prompt cache update took 322.12 ms
slot launch_slot_: id  2 | task -1 | sampler chain: logits -> ?penalties -> ?dry -> ?top-n-sigma -> top-k -> ?typical -> top-p -> min-p -> ?xtc -> ?temp-ext -> dist 
slot launch_slot_: id  2 | task 7312 | processing task, is_child = 0
slot update_slots: id  1 | task 7311 | new prompt, n_ctx_slot = 262144, n_keep = 0, task.n_tokens = 140
slot update_slots: id  1 | task 7311 | n_past = 20, slot.prompt.tokens.size() = 43008, seq_id = 1, pos_min = 43007, n_swa = 1
slot update_slots: id  1 | task 7311 | forcing full prompt re-processing due to lack of cache data (likely due to SWA or hybrid/recurrent memory, see https://github.com/ggml-org/llama.cpp/pull/13194#issuecomment-2868343055)
slot update_slots: id  1 | task 7311 | n_tokens = 0, memory_seq_rm [0, end)
slot update_slots: id  1 | task 7311 | prompt processing progress, n_tokens = 140, batch.n_tokens = 140, progress = 1.000000
slot update_slots: id  1 | task 7311 | prompt done, n_tokens = 140, batch.n_tokens = 140
slot init_sampler: id  1 | task 7311 | init sampler, took 0.01 ms, tokens: text = 140, total = 140
slot update_slots: id  2 | task 7312 | new prompt, n_ctx_slot = 262144, n_keep = 0, task.n_tokens = 17993
slot update_slots: id  2 | task 7312 | n_past = 32, slot.prompt.tokens.size() = 54145, seq_id = 2, pos_min = 54144, n_swa = 1
slot update_slots: id  2 | task 7312 | forcing full prompt re-processing due to lack of cache data (likely due to SWA or hybrid/recurrent memory, see https://github.com/ggml-org/llama.cpp/pull/13194#issuecomment-2868343055)
slot update_slots: id  2 | task 7312 | erased invalidated context checkpoint (pos_min = 53566, pos_max = 53566, n_swa = 1, size = 75.376 MiB)
slot update_slots: id  2 | task 7312 | n_tokens = 0, memory_seq_rm [0, end)
slot update_slots: id  2 | task 7312 | prompt processing progress, n_tokens = 1908, batch.n_tokens = 2048, progress = 0.106041
slot update_slots: id  2 | task 7312 | n_tokens = 1908, memory_seq_rm [1908, end)
slot update_slots: id  2 | task 7312 | prompt processing progress, n_tokens = 3955, batch.n_tokens = 2048, progress = 0.219808
slot update_slots: id  2 | task 7312 | n_tokens = 3955, memory_seq_rm [3955, end)
slot update_slots: id  2 | task 7312 | prompt processing progress, n_tokens = 6002, batch.n_tokens = 2048, progress = 0.333574
slot update_slots: id  2 | task 7312 | n_tokens = 6002, memory_seq_rm [6002, end)
slot update_slots: id  2 | task 7312 | prompt processing progress, n_tokens = 8049, batch.n_tokens = 2048, progress = 0.447341
slot update_slots: id  2 | task 7312 | n_tokens = 8049, memory_seq_rm [8049, end)
slot update_slots: id  2 | task 7312 | prompt processing progress, n_tokens = 10096, batch.n_tokens = 2048, progress = 0.561107
slot update_slots: id  2 | task 7312 | n_tokens = 10096, memory_seq_rm [10096, end)
slot update_slots: id  2 | task 7312 | prompt processing progress, n_tokens = 12143, batch.n_tokens = 2048, progress = 0.674874
slot update_slots: id  2 | task 7312 | n_tokens = 12143, memory_seq_rm [12143, end)
slot update_slots: id  2 | task 7312 | prompt processing progress, n_tokens = 14190, batch.n_tokens = 2048, progress = 0.788640
slot update_slots: id  2 | task 7312 | n_tokens = 14190, memory_seq_rm [14190, end)
slot update_slots: id  2 | task 7312 | prompt processing progress, n_tokens = 16237, batch.n_tokens = 2048, progress = 0.902407
slot update_slots: id  2 | task 7312 | n_tokens = 16237, memory_seq_rm [16237, end)
slot update_slots: id  2 | task 7312 | prompt processing progress, n_tokens = 17481, batch.n_tokens = 1245, progress = 0.971545
slot update_slots: id  2 | task 7312 | n_tokens = 17481, memory_seq_rm [17481, end)
slot update_slots: id  2 | task 7312 | prompt processing progress, n_tokens = 17993, batch.n_tokens = 513, progress = 1.000000
slot update_slots: id  2 | task 7312 | prompt done, n_tokens = 17993, batch.n_tokens = 513
slot init_sampler: id  2 | task 7312 | init sampler, took 1.39 ms, tokens: text = 17993, total = 17993
slot update_slots: id  2 | task 7312 | created context checkpoint 1 of 8 (pos_min = 17480, pos_max = 17480, size = 75.376 MiB)
slot print_timing: id  1 | task 7311 | 
prompt eval time =    1169.37 ms /   140 tokens (    8.35 ms per token,   119.72 tokens per second)
       eval time =    8616.47 ms /    16 tokens (  538.53 ms per token,     1.86 tokens per second)
      total time =    9785.84 ms /   156 tokens
slot      release: id  1 | task 7311 | stop processing: n_tokens = 155, truncated = 0
srv  log_server_r: done request: POST /v1/messages 127.0.0.1 200
slot print_timing: id  2 | task 7312 | 
prompt eval time =    9666.83 ms / 17993 tokens (    0.54 ms per token,  1861.31 tokens per second)
       eval time =     692.45 ms /    46 tokens (   15.05 ms per token,    66.43 tokens per second)
      total time =   10359.28 ms / 18039 tokens
slot      release: id  2 | task 7312 | stop processing: n_tokens = 18038, truncated = 0
srv  update_slots: all slots are idle
srv  log_server_r: done request: POST /v1/messages 127.0.0.1 200
srv  params_from_: Chat format: Qwen3 Coder
slot get_availabl: id  3 | task -1 | selected slot by LRU, t_last = 8240310222
srv  get_availabl: updating prompt cache
srv   prompt_save:  - saving prompt with length 54371, total state size = 1350.319 MiB
srv          load:  - looking for better prompt, base f_keep = 0.001, sim = 0.002
srv        update:  - cache size limit reached, removing oldest entry (size = 1378.726 MiB)
srv        update:  - cache state: 9 prompts, 7734.099 MiB (limits: 8192.000 MiB, 262144 tokens, 305092 est)
srv        update:    - prompt 0x5d5930facb80:     441 tokens, checkpoints:  0,    85.717 MiB
srv        update:    - prompt 0x5d593123cff0:   28672 tokens, checkpoints:  0,   747.704 MiB
srv        update:    - prompt 0x5d5931813f80:     150 tokens, checkpoints:  0,    78.893 MiB
srv        update:    - prompt 0x5d592d4e7b80:   52783 tokens, checkpoints:  1,  1388.458 MiB
srv        update:    - prompt 0x5d59344f2550:   54035 tokens, checkpoints:  1,  1417.816 MiB
srv        update:    - prompt 0x5d593182e3e0:     434 tokens, checkpoints:  0,    85.553 MiB
srv        update:    - prompt 0x5d59317b24c0:   43008 tokens, checkpoints:  0,  1083.868 MiB
srv        update:    - prompt 0x5d5931790fb0:   54145 tokens, checkpoints:  1,  1420.395 MiB
srv        update:    - prompt 0x5d59314f2e00:   54371 tokens, checkpoints:  1,  1425.695 MiB
srv  get_availabl: prompt cache update took 355.10 ms
slot launch_slot_: id  3 | task -1 | sampler chain: logits -> ?penalties -> ?dry -> ?top-n-sigma -> top-k -> ?typical -> top-p -> min-p -> ?xtc -> ?temp-ext -> dist 
slot launch_slot_: id  3 | task 7368 | processing task, is_child = 0
slot update_slots: id  3 | task 7368 | new prompt, n_ctx_slot = 262144, n_keep = 0, task.n_tokens = 18066
slot update_slots: id  3 | task 7368 | n_past = 33, slot.prompt.tokens.size() = 54371, seq_id = 3, pos_min = 54370, n_swa = 1
slot update_slots: id  3 | task 7368 | forcing full prompt re-processing due to lack of cache data (likely due to SWA or hybrid/recurrent memory, see https://github.com/ggml-org/llama.cpp/pull/13194#issuecomment-2868343055)
slot update_slots: id  3 | task 7368 | erased invalidated context checkpoint (pos_min = 53822, pos_max = 53822, n_swa = 1, size = 75.376 MiB)
slot update_slots: id  3 | task 7368 | n_tokens = 0, memory_seq_rm [0, end)
slot update_slots: id  3 | task 7368 | prompt processing progress, n_tokens = 2048, batch.n_tokens = 2048, progress = 0.113362
slot update_slots: id  3 | task 7368 | n_tokens = 2048, memory_seq_rm [2048, end)
slot update_slots: id  3 | task 7368 | prompt processing progress, n_tokens = 4096, batch.n_tokens = 2048, progress = 0.226724
slot update_slots: id  3 | task 7368 | n_tokens = 4096, memory_seq_rm [4096, end)
slot update_slots: id  3 | task 7368 | prompt processing progress, n_tokens = 6144, batch.n_tokens = 2048, progress = 0.340086
slot update_slots: id  3 | task 7368 | n_tokens = 6144, memory_seq_rm [6144, end)
slot update_slots: id  3 | task 7368 | prompt processing progress, n_tokens = 8192, batch.n_tokens = 2048, progress = 0.453448
slot update_slots: id  3 | task 7368 | n_tokens = 8192, memory_seq_rm [8192, end)
slot update_slots: id  3 | task 7368 | prompt processing progress, n_tokens = 10240, batch.n_tokens = 2048, progress = 0.566811
slot update_slots: id  3 | task 7368 | n_tokens = 10240, memory_seq_rm [10240, end)
slot update_slots: id  3 | task 7368 | prompt processing progress, n_tokens = 12288, batch.n_tokens = 2048, progress = 0.680173
slot update_slots: id  3 | task 7368 | n_tokens = 12288, memory_seq_rm [12288, end)
slot update_slots: id  3 | task 7368 | prompt processing progress, n_tokens = 14336, batch.n_tokens = 2048, progress = 0.793535
slot update_slots: id  3 | task 7368 | n_tokens = 14336, memory_seq_rm [14336, end)
slot update_slots: id  3 | task 7368 | prompt processing progress, n_tokens = 16384, batch.n_tokens = 2048, progress = 0.906897
slot update_slots: id  3 | task 7368 | n_tokens = 16384, memory_seq_rm [16384, end)
slot update_slots: id  3 | task 7368 | prompt processing progress, n_tokens = 17554, batch.n_tokens = 1170, progress = 0.971659
slot update_slots: id  3 | task 7368 | n_tokens = 17554, memory_seq_rm [17554, end)
slot update_slots: id  3 | task 7368 | prompt processing progress, n_tokens = 18066, batch.n_tokens = 512, progress = 1.000000
slot update_slots: id  3 | task 7368 | prompt done, n_tokens = 18066, batch.n_tokens = 512
slot init_sampler: id  3 | task 7368 | init sampler, took 1.36 ms, tokens: text = 18066, total = 18066
slot update_slots: id  3 | task 7368 | created context checkpoint 1 of 8 (pos_min = 17553, pos_max = 17553, size = 75.376 MiB)
slot print_timing: id  3 | task 7368 | 
prompt eval time =    7513.91 ms / 18066 tokens (    0.42 ms per token,  2404.34 tokens per second)
       eval time =    1142.64 ms /    88 tokens (   12.98 ms per token,    77.01 tokens per second)
      total time =    8656.55 ms / 18154 tokens
slot      release: id  3 | task 7368 | stop processing: n_tokens = 18153, truncated = 0
srv  update_slots: all slots are idle
srv  log_server_r: done request: POST /v1/messages 127.0.0.1 200
srv  params_from_: Chat format: Qwen3 Coder
slot get_availabl: id  0 | task -1 | selected slot by LRU, t_last = 8296060018
srv  get_availabl: updating prompt cache
srv   prompt_save:  - saving prompt with length 9, total state size = 75.587 MiB
srv          load:  - looking for better prompt, base f_keep = 0.111, sim = 0.003
srv        update:  - cache state: 10 prompts, 7809.686 MiB (limits: 8192.000 MiB, 262144 tokens, 302149 est)
srv        update:    - prompt 0x5d5930facb80:     441 tokens, checkpoints:  0,    85.717 MiB
srv        update:    - prompt 0x5d593123cff0:   28672 tokens, checkpoints:  0,   747.704 MiB
srv        update:    - prompt 0x5d5931813f80:     150 tokens, checkpoints:  0,    78.893 MiB
srv        update:    - prompt 0x5d592d4e7b80:   52783 tokens, checkpoints:  1,  1388.458 MiB
srv        update:    - prompt 0x5d59344f2550:   54035 tokens, checkpoints:  1,  1417.816 MiB
srv        update:    - prompt 0x5d593182e3e0:     434 tokens, checkpoints:  0,    85.553 MiB
srv        update:    - prompt 0x5d59317b24c0:   43008 tokens, checkpoints:  0,  1083.868 MiB
srv        update:    - prompt 0x5d5931790fb0:   54145 tokens, checkpoints:  1,  1420.395 MiB
srv        update:    - prompt 0x5d59314f2e00:   54371 tokens, checkpoints:  1,  1425.695 MiB
srv        update:    - prompt 0x5d59314071f0:       9 tokens, checkpoints:  0,    75.587 MiB
srv  get_availabl: prompt cache update took 18.95 ms
slot launch_slot_: id  0 | task -1 | sampler chain: logits -> ?penalties -> ?dry -> ?top-n-sigma -> top-k -> ?typical -> top-p -> min-p -> ?xtc -> ?temp-ext -> dist 
slot launch_slot_: id  0 | task 7466 | processing task, is_child = 0
slot update_slots: id  0 | task 7466 | new prompt, n_ctx_slot = 262144, n_keep = 0, task.n_tokens = 347
slot update_slots: id  0 | task 7466 | n_past = 1, slot.prompt.tokens.size() = 9, seq_id = 0, pos_min = 8, n_swa = 1
slot update_slots: id  0 | task 7466 | forcing full prompt re-processing due to lack of cache data (likely due to SWA or hybrid/recurrent memory, see https://github.com/ggml-org/llama.cpp/pull/13194#issuecomment-2868343055)
slot update_slots: id  0 | task 7466 | n_tokens = 0, memory_seq_rm [0, end)
slot update_slots: id  0 | task 7466 | prompt processing progress, n_tokens = 347, batch.n_tokens = 347, progress = 1.000000
slot update_slots: id  0 | task 7466 | prompt done, n_tokens = 347, batch.n_tokens = 347
slot init_sampler: id  0 | task 7466 | init sampler, took 0.03 ms, tokens: text = 347, total = 347
srv  params_from_: Chat format: Qwen3 Coder
slot get_availabl: id  1 | task -1 | selected slot by LRU, t_last = 8340834223
srv  get_availabl: updating prompt cache
srv   prompt_save:  - saving prompt with length 155, total state size = 79.011 MiB
srv          load:  - looking for better prompt, base f_keep = 0.129, sim = 0.001
srv        update:  - cache state: 11 prompts, 7888.697 MiB (limits: 8192.000 MiB, 262144 tokens, 299283 est)
srv        update:    - prompt 0x5d5930facb80:     441 tokens, checkpoints:  0,    85.717 MiB
srv        update:    - prompt 0x5d593123cff0:   28672 tokens, checkpoints:  0,   747.704 MiB
srv        update:    - prompt 0x5d5931813f80:     150 tokens, checkpoints:  0,    78.893 MiB
srv        update:    - prompt 0x5d592d4e7b80:   52783 tokens, checkpoints:  1,  1388.458 MiB
srv        update:    - prompt 0x5d59344f2550:   54035 tokens, checkpoints:  1,  1417.816 MiB
srv        update:    - prompt 0x5d593182e3e0:     434 tokens, checkpoints:  0,    85.553 MiB
srv        update:    - prompt 0x5d59317b24c0:   43008 tokens, checkpoints:  0,  1083.868 MiB
srv        update:    - prompt 0x5d5931790fb0:   54145 tokens, checkpoints:  1,  1420.395 MiB
srv        update:    - prompt 0x5d59314f2e00:   54371 tokens, checkpoints:  1,  1425.695 MiB
srv        update:    - prompt 0x5d59314071f0:       9 tokens, checkpoints:  0,    75.587 MiB
srv        update:    - prompt 0x5d59312cc470:     155 tokens, checkpoints:  0,    79.011 MiB
srv  get_availabl: prompt cache update took 20.87 ms
slot launch_slot_: id  1 | task -1 | sampler chain: logits -> ?penalties -> ?dry -> ?top-n-sigma -> top-k -> ?typical -> top-p -> min-p -> ?xtc -> ?temp-ext -> dist 
slot launch_slot_: id  1 | task 7468 | processing task, is_child = 0
slot update_slots: id  1 | task 7468 | new prompt, n_ctx_slot = 262144, n_keep = 0, task.n_tokens = 18171
slot update_slots: id  1 | task 7468 | n_past = 20, slot.prompt.tokens.size() = 155, seq_id = 1, pos_min = 154, n_swa = 1
slot update_slots: id  1 | task 7468 | forcing full prompt re-processing due to lack of cache data (likely due to SWA or hybrid/recurrent memory, see https://github.com/ggml-org/llama.cpp/pull/13194#issuecomment-2868343055)
slot update_slots: id  1 | task 7468 | n_tokens = 0, memory_seq_rm [0, end)
slot update_slots: id  1 | task 7468 | prompt processing progress, n_tokens = 2047, batch.n_tokens = 2048, progress = 0.112652
slot update_slots: id  1 | task 7468 | n_tokens = 2047, memory_seq_rm [2047, end)
slot update_slots: id  1 | task 7468 | prompt processing progress, n_tokens = 4094, batch.n_tokens = 2048, progress = 0.225304
slot update_slots: id  1 | task 7468 | n_tokens = 4094, memory_seq_rm [4094, end)
slot update_slots: id  1 | task 7468 | prompt processing progress, n_tokens = 6141, batch.n_tokens = 2048, progress = 0.337956
slot update_slots: id  1 | task 7468 | n_tokens = 6141, memory_seq_rm [6141, end)
slot update_slots: id  1 | task 7468 | prompt processing progress, n_tokens = 8188, batch.n_tokens = 2048, progress = 0.450608
slot update_slots: id  1 | task 7468 | n_tokens = 8188, memory_seq_rm [8188, end)
slot update_slots: id  1 | task 7468 | prompt processing progress, n_tokens = 10235, batch.n_tokens = 2048, progress = 0.563260
slot update_slots: id  1 | task 7468 | n_tokens = 10235, memory_seq_rm [10235, end)
slot update_slots: id  1 | task 7468 | prompt processing progress, n_tokens = 12282, batch.n_tokens = 2048, progress = 0.675912
slot update_slots: id  1 | task 7468 | n_tokens = 12282, memory_seq_rm [12282, end)
slot update_slots: id  1 | task 7468 | prompt processing progress, n_tokens = 14329, batch.n_tokens = 2048, progress = 0.788564
slot update_slots: id  1 | task 7468 | n_tokens = 14329, memory_seq_rm [14329, end)
slot update_slots: id  1 | task 7468 | prompt processing progress, n_tokens = 16376, batch.n_tokens = 2048, progress = 0.901216
slot update_slots: id  1 | task 7468 | n_tokens = 16376, memory_seq_rm [16376, end)
slot update_slots: id  1 | task 7468 | prompt processing progress, n_tokens = 17659, batch.n_tokens = 1284, progress = 0.971823
slot update_slots: id  1 | task 7468 | n_tokens = 17659, memory_seq_rm [17659, end)
slot update_slots: id  1 | task 7468 | prompt processing progress, n_tokens = 18171, batch.n_tokens = 513, progress = 1.000000
slot update_slots: id  1 | task 7468 | prompt done, n_tokens = 18171, batch.n_tokens = 513
slot init_sampler: id  1 | task 7468 | init sampler, took 1.37 ms, tokens: text = 18171, total = 18171
slot update_slots: id  1 | task 7468 | created context checkpoint 1 of 8 (pos_min = 17658, pos_max = 17658, size = 75.376 MiB)
slot print_timing: id  0 | task 7466 | 
prompt eval time =     175.54 ms /   347 tokens (    0.51 ms per token,  1976.77 tokens per second)
       eval time =    8021.63 ms /    23 tokens (  348.77 ms per token,     2.87 tokens per second)
      total time =    8197.17 ms /   370 tokens
slot      release: id  0 | task 7466 | stop processing: n_tokens = 369, truncated = 0
srv  log_server_r: done request: POST /v1/messages 127.0.0.1 200
slot print_timing: id  1 | task 7468 | 
prompt eval time =    7793.06 ms / 18171 tokens (    0.43 ms per token,  2331.69 tokens per second)
       eval time =    2131.29 ms /   160 tokens (   13.32 ms per token,    75.07 tokens per second)
      total time =    9924.35 ms / 18331 tokens
slot      release: id  1 | task 7468 | stop processing: n_tokens = 18330, truncated = 0
srv  update_slots: all slots are idle
srv  log_server_r: done request: POST /v1/messages 127.0.0.1 200
srv  params_from_: Chat format: Qwen3 Coder
slot get_availabl: id  2 | task -1 | selected slot by LRU, t_last = 8341411366
srv  get_availabl: updating prompt cache
srv   prompt_save:  - saving prompt with length 18038, total state size = 498.348 MiB
srv  params_from_: Chat format: Qwen3 Coder
srv          load:  - looking for better prompt, base f_keep = 0.001, sim = 0.029
srv        update:  - cache size limit reached, removing oldest entry (size = 85.717 MiB)
srv        update:  - cache size limit reached, removing oldest entry (size = 747.704 MiB)
srv        update:  - cache state: 10 prompts, 7629.000 MiB (limits: 8192.000 MiB, 262144 tokens, 297579 est)
srv        update:    - prompt 0x5d5931813f80:     150 tokens, checkpoints:  0,    78.893 MiB
srv        update:    - prompt 0x5d592d4e7b80:   52783 tokens, checkpoints:  1,  1388.458 MiB
srv        update:    - prompt 0x5d59344f2550:   54035 tokens, checkpoints:  1,  1417.816 MiB
srv        update:    - prompt 0x5d593182e3e0:     434 tokens, checkpoints:  0,    85.553 MiB
srv        update:    - prompt 0x5d59317b24c0:   43008 tokens, checkpoints:  0,  1083.868 MiB
srv        update:    - prompt 0x5d5931790fb0:   54145 tokens, checkpoints:  1,  1420.395 MiB
srv        update:    - prompt 0x5d59314f2e00:   54371 tokens, checkpoints:  1,  1425.695 MiB
srv        update:    - prompt 0x5d59314071f0:       9 tokens, checkpoints:  0,    75.587 MiB
srv        update:    - prompt 0x5d59312cc470:     155 tokens, checkpoints:  0,    79.011 MiB
srv        update:    - prompt 0x5d592bffc790:   18038 tokens, checkpoints:  1,   573.724 MiB
srv  get_availabl: prompt cache update took 153.06 ms
slot launch_slot_: id  2 | task -1 | sampler chain: logits -> ?penalties -> ?dry -> ?top-n-sigma -> top-k -> ?typical -> top-p -> min-p -> ?xtc -> ?temp-ext -> dist 
slot launch_slot_: id  2 | task 7638 | processing task, is_child = 0
slot get_availabl: id  3 | task -1 | selected slot by LRU, t_last = 8350527135
srv  get_availabl: updating prompt cache
srv   prompt_save:  - saving prompt with length 18153, total state size = 501.045 MiB
srv          load:  - looking for better prompt, base f_keep = 0.002, sim = 0.002
srv        update:  - cache size limit reached, removing oldest entry (size = 78.893 MiB)
srv        update:  - cache state: 10 prompts, 8126.527 MiB (limits: 8192.000 MiB, 262144 tokens, 297508 est)
srv        update:    - prompt 0x5d592d4e7b80:   52783 tokens, checkpoints:  1,  1388.458 MiB
srv        update:    - prompt 0x5d59344f2550:   54035 tokens, checkpoints:  1,  1417.816 MiB
srv        update:    - prompt 0x5d593182e3e0:     434 tokens, checkpoints:  0,    85.553 MiB
srv        update:    - prompt 0x5d59317b24c0:   43008 tokens, checkpoints:  0,  1083.868 MiB
srv        update:    - prompt 0x5d5931790fb0:   54145 tokens, checkpoints:  1,  1420.395 MiB
srv        update:    - prompt 0x5d59314f2e00:   54371 tokens, checkpoints:  1,  1425.695 MiB
srv        update:    - prompt 0x5d59314071f0:       9 tokens, checkpoints:  0,    75.587 MiB
srv        update:    - prompt 0x5d59312cc470:     155 tokens, checkpoints:  0,    79.011 MiB
srv        update:    - prompt 0x5d592bffc790:   18038 tokens, checkpoints:  1,   573.724 MiB
srv        update:    - prompt 0x5d5930facb80:   18153 tokens, checkpoints:  1,   576.421 MiB
srv  get_availabl: prompt cache update took 135.71 ms
slot launch_slot_: id  3 | task -1 | sampler chain: logits -> ?penalties -> ?dry -> ?top-n-sigma -> top-k -> ?typical -> top-p -> min-p -> ?xtc -> ?temp-ext -> dist 
slot launch_slot_: id  3 | task 7639 | processing task, is_child = 0
slot update_slots: id  2 | task 7638 | new prompt, n_ctx_slot = 262144, n_keep = 0, task.n_tokens = 695
slot update_slots: id  2 | task 7638 | n_past = 20, slot.prompt.tokens.size() = 18038, seq_id = 2, pos_min = 18037, n_swa = 1
slot update_slots: id  2 | task 7638 | forcing full prompt re-processing due to lack of cache data (likely due to SWA or hybrid/recurrent memory, see https://github.com/ggml-org/llama.cpp/pull/13194#issuecomment-2868343055)
slot update_slots: id  2 | task 7638 | erased invalidated context checkpoint (pos_min = 17480, pos_max = 17480, n_swa = 1, size = 75.376 MiB)
slot update_slots: id  2 | task 7638 | n_tokens = 0, memory_seq_rm [0, end)
slot update_slots: id  2 | task 7638 | prompt processing progress, n_tokens = 183, batch.n_tokens = 183, progress = 0.263309
slot update_slots: id  3 | task 7639 | new prompt, n_ctx_slot = 262144, n_keep = 0, task.n_tokens = 18711
slot update_slots: id  3 | task 7639 | n_past = 32, slot.prompt.tokens.size() = 18153, seq_id = 3, pos_min = 18152, n_swa = 1
slot update_slots: id  3 | task 7639 | forcing full prompt re-processing due to lack of cache data (likely due to SWA or hybrid/recurrent memory, see https://github.com/ggml-org/llama.cpp/pull/13194#issuecomment-2868343055)
slot update_slots: id  3 | task 7639 | erased invalidated context checkpoint (pos_min = 17553, pos_max = 17553, n_swa = 1, size = 75.376 MiB)
slot update_slots: id  3 | task 7639 | n_tokens = 0, memory_seq_rm [0, end)
slot update_slots: id  3 | task 7639 | prompt processing progress, n_tokens = 1865, batch.n_tokens = 2048, progress = 0.099674
slot update_slots: id  2 | task 7638 | n_tokens = 183, memory_seq_rm [183, end)
slot update_slots: id  2 | task 7638 | prompt processing progress, n_tokens = 695, batch.n_tokens = 512, progress = 1.000000
slot update_slots: id  2 | task 7638 | prompt done, n_tokens = 695, batch.n_tokens = 512
slot init_sampler: id  2 | task 7638 | init sampler, took 0.05 ms, tokens: text = 695, total = 695
slot update_slots: id  2 | task 7638 | created context checkpoint 1 of 8 (pos_min = 182, pos_max = 182, size = 75.376 MiB)
slot update_slots: id  3 | task 7639 | n_tokens = 1865, memory_seq_rm [1865, end)
slot update_slots: id  3 | task 7639 | prompt processing progress, n_tokens = 3401, batch.n_tokens = 2048, progress = 0.181765
slot update_slots: id  3 | task 7639 | n_tokens = 3401, memory_seq_rm [3401, end)
slot update_slots: id  3 | task 7639 | prompt processing progress, n_tokens = 5448, batch.n_tokens = 2048, progress = 0.291166
slot update_slots: id  3 | task 7639 | n_tokens = 5448, memory_seq_rm [5448, end)
slot update_slots: id  3 | task 7639 | prompt processing progress, n_tokens = 7495, batch.n_tokens = 2048, progress = 0.400567
slot update_slots: id  3 | task 7639 | n_tokens = 7495, memory_seq_rm [7495, end)
slot update_slots: id  3 | task 7639 | prompt processing progress, n_tokens = 9542, batch.n_tokens = 2048, progress = 0.509967
slot update_slots: id  3 | task 7639 | n_tokens = 9542, memory_seq_rm [9542, end)
slot update_slots: id  3 | task 7639 | prompt processing progress, n_tokens = 11589, batch.n_tokens = 2048, progress = 0.619368
slot update_slots: id  3 | task 7639 | n_tokens = 11589, memory_seq_rm [11589, end)
slot update_slots: id  3 | task 7639 | prompt processing progress, n_tokens = 13636, batch.n_tokens = 2048, progress = 0.728769
slot update_slots: id  3 | task 7639 | n_tokens = 13636, memory_seq_rm [13636, end)
slot update_slots: id  3 | task 7639 | prompt processing progress, n_tokens = 15683, batch.n_tokens = 2048, progress = 0.838170
slot update_slots: id  3 | task 7639 | n_tokens = 15683, memory_seq_rm [15683, end)
slot update_slots: id  3 | task 7639 | prompt processing progress, n_tokens = 17730, batch.n_tokens = 2048, progress = 0.947571
slot update_slots: id  3 | task 7639 | n_tokens = 17730, memory_seq_rm [17730, end)
slot update_slots: id  3 | task 7639 | prompt processing progress, n_tokens = 18199, batch.n_tokens = 470, progress = 0.972636
slot update_slots: id  3 | task 7639 | n_tokens = 18199, memory_seq_rm [18199, end)
slot update_slots: id  3 | task 7639 | prompt processing progress, n_tokens = 18711, batch.n_tokens = 513, progress = 1.000000
slot update_slots: id  3 | task 7639 | prompt done, n_tokens = 18711, batch.n_tokens = 513
slot init_sampler: id  3 | task 7639 | init sampler, took 1.43 ms, tokens: text = 18711, total = 18711
slot update_slots: id  3 | task 7639 | created context checkpoint 1 of 8 (pos_min = 18198, pos_max = 18198, size = 75.376 MiB)
slot print_timing: id  2 | task 7638 | 
prompt eval time =    1596.86 ms /   695 tokens (    2.30 ms per token,   435.23 tokens per second)
       eval time =    6250.31 ms /    23 tokens (  271.75 ms per token,     3.68 tokens per second)
      total time =    7847.16 ms /   718 tokens
slot      release: id  2 | task 7638 | stop processing: n_tokens = 717, truncated = 0
srv  log_server_r: done request: POST /v1/messages 127.0.0.1 200
slot print_timing: id  3 | task 7639 | 
prompt eval time =    7627.37 ms / 18711 tokens (    0.41 ms per token,  2453.14 tokens per second)
       eval time =    1305.43 ms /    98 tokens (   13.32 ms per token,    75.07 tokens per second)
      total time =    8932.80 ms / 18809 tokens
slot      release: id  3 | task 7639 | stop processing: n_tokens = 18808, truncated = 0
srv  update_slots: all slots are idle
srv  log_server_r: done request: POST /v1/messages 127.0.0.1 200
srv  params_from_: Chat format: Qwen3 Coder
slot get_availabl: id  0 | task -1 | selected slot by LRU, t_last = 8358761235
srv  get_availabl: updating prompt cache
srv   prompt_save:  - saving prompt with length 369, total state size = 84.029 MiB
srv          load:  - looking for better prompt, base f_keep = 0.054, sim = 0.001
srv        update:  - cache size limit reached, removing oldest entry (size = 1388.458 MiB)
srv        update:  - cache state: 10 prompts, 6822.098 MiB (limits: 8192.000 MiB, 262144 tokens, 291455 est)
srv        update:    - prompt 0x5d59344f2550:   54035 tokens, checkpoints:  1,  1417.816 MiB
srv        update:    - prompt 0x5d593182e3e0:     434 tokens, checkpoints:  0,    85.553 MiB
srv        update:    - prompt 0x5d59317b24c0:   43008 tokens, checkpoints:  0,  1083.868 MiB
srv        update:    - prompt 0x5d5931790fb0:   54145 tokens, checkpoints:  1,  1420.395 MiB
srv        update:    - prompt 0x5d59314f2e00:   54371 tokens, checkpoints:  1,  1425.695 MiB
srv        update:    - prompt 0x5d59314071f0:       9 tokens, checkpoints:  0,    75.587 MiB
srv        update:    - prompt 0x5d59312cc470:     155 tokens, checkpoints:  0,    79.011 MiB
srv        update:    - prompt 0x5d592bffc790:   18038 tokens, checkpoints:  1,   573.724 MiB
srv        update:    - prompt 0x5d5930facb80:   18153 tokens, checkpoints:  1,   576.421 MiB
srv        update:    - prompt 0x5d593184abc0:     369 tokens, checkpoints:  0,    84.029 MiB
srv  get_availabl: prompt cache update took 59.62 ms
slot launch_slot_: id  0 | task -1 | sampler chain: logits -> ?penalties -> ?dry -> ?top-n-sigma -> top-k -> ?typical -> top-p -> min-p -> ?xtc -> ?temp-ext -> dist 
slot launch_slot_: id  0 | task 7748 | processing task, is_child = 0
slot update_slots: id  0 | task 7748 | new prompt, n_ctx_slot = 262144, n_keep = 0, task.n_tokens = 18864
slot update_slots: id  0 | task 7748 | n_past = 20, slot.prompt.tokens.size() = 369, seq_id = 0, pos_min = 368, n_swa = 1
slot update_slots: id  0 | task 7748 | forcing full prompt re-processing due to lack of cache data (likely due to SWA or hybrid/recurrent memory, see https://github.com/ggml-org/llama.cpp/pull/13194#issuecomment-2868343055)
slot update_slots: id  0 | task 7748 | n_tokens = 0, memory_seq_rm [0, end)
slot update_slots: id  0 | task 7748 | prompt processing progress, n_tokens = 2048, batch.n_tokens = 2048, progress = 0.108567
slot update_slots: id  0 | task 7748 | n_tokens = 2048, memory_seq_rm [2048, end)
slot update_slots: id  0 | task 7748 | prompt processing progress, n_tokens = 4096, batch.n_tokens = 2048, progress = 0.217133
slot update_slots: id  0 | task 7748 | n_tokens = 4096, memory_seq_rm [4096, end)
slot update_slots: id  0 | task 7748 | prompt processing progress, n_tokens = 6144, batch.n_tokens = 2048, progress = 0.325700
slot update_slots: id  0 | task 7748 | n_tokens = 6144, memory_seq_rm [6144, end)
slot update_slots: id  0 | task 7748 | prompt processing progress, n_tokens = 8192, batch.n_tokens = 2048, progress = 0.434266
slot update_slots: id  0 | task 7748 | n_tokens = 8192, memory_seq_rm [8192, end)
slot update_slots: id  0 | task 7748 | prompt processing progress, n_tokens = 10240, batch.n_tokens = 2048, progress = 0.542833
slot update_slots: id  0 | task 7748 | n_tokens = 10240, memory_seq_rm [10240, end)
slot update_slots: id  0 | task 7748 | prompt processing progress, n_tokens = 12288, batch.n_tokens = 2048, progress = 0.651399
slot update_slots: id  0 | task 7748 | n_tokens = 12288, memory_seq_rm [12288, end)
slot update_slots: id  0 | task 7748 | prompt processing progress, n_tokens = 14336, batch.n_tokens = 2048, progress = 0.759966
slot update_slots: id  0 | task 7748 | n_tokens = 14336, memory_seq_rm [14336, end)
slot update_slots: id  0 | task 7748 | prompt processing progress, n_tokens = 16384, batch.n_tokens = 2048, progress = 0.868533
slot update_slots: id  0 | task 7748 | n_tokens = 16384, memory_seq_rm [16384, end)
slot update_slots: id  0 | task 7748 | prompt processing progress, n_tokens = 18352, batch.n_tokens = 1968, progress = 0.972858
slot update_slots: id  0 | task 7748 | n_tokens = 18352, memory_seq_rm [18352, end)
slot update_slots: id  0 | task 7748 | prompt processing progress, n_tokens = 18864, batch.n_tokens = 512, progress = 1.000000
slot update_slots: id  0 | task 7748 | prompt done, n_tokens = 18864, batch.n_tokens = 512
slot init_sampler: id  0 | task 7748 | init sampler, took 1.41 ms, tokens: text = 18864, total = 18864
slot update_slots: id  0 | task 7748 | created context checkpoint 1 of 8 (pos_min = 18351, pos_max = 18351, size = 75.376 MiB)
slot print_timing: id  0 | task 7748 | 
prompt eval time =    7414.48 ms / 18864 tokens (    0.39 ms per token,  2544.21 tokens per second)
       eval time =     824.69 ms /    65 tokens (   12.69 ms per token,    78.82 tokens per second)
      total time =    8239.17 ms / 18929 tokens
slot      release: id  0 | task 7748 | stop processing: n_tokens = 18928, truncated = 0
srv  update_slots: all slots are idle
srv  log_server_r: done request: POST /v1/messages 127.0.0.1 200
srv  params_from_: Chat format: Qwen3 Coder
srv  params_from_: Chat format: Qwen3 Coder
srv  params_from_: Chat format: Qwen3 Coder
srv  params_from_: Chat format: Qwen3 Coder
srv  params_from_: Chat format: Qwen3 Coder
slot get_availabl: id  1 | task -1 | selected slot by LRU, t_last = 8360685699
srv  get_availabl: updating prompt cache
srv   prompt_save:  - saving prompt with length 18330, total state size = 505.195 MiB
srv          load:  - looking for better prompt, base f_keep = 0.001, sim = 0.025
srv        update:  - cache state: 11 prompts, 7402.669 MiB (limits: 8192.000 MiB, 262144 tokens, 288881 est)
srv        update:    - prompt 0x5d59344f2550:   54035 tokens, checkpoints:  1,  1417.816 MiB
srv        update:    - prompt 0x5d593182e3e0:     434 tokens, checkpoints:  0,    85.553 MiB
srv        update:    - prompt 0x5d59317b24c0:   43008 tokens, checkpoints:  0,  1083.868 MiB
srv        update:    - prompt 0x5d5931790fb0:   54145 tokens, checkpoints:  1,  1420.395 MiB
srv        update:    - prompt 0x5d59314f2e00:   54371 tokens, checkpoints:  1,  1425.695 MiB
srv        update:    - prompt 0x5d59314071f0:       9 tokens, checkpoints:  0,    75.587 MiB
srv        update:    - prompt 0x5d59312cc470:     155 tokens, checkpoints:  0,    79.011 MiB
srv        update:    - prompt 0x5d592bffc790:   18038 tokens, checkpoints:  1,   573.724 MiB
srv        update:    - prompt 0x5d5930facb80:   18153 tokens, checkpoints:  1,   576.421 MiB
srv        update:    - prompt 0x5d593184abc0:     369 tokens, checkpoints:  0,    84.029 MiB
srv        update:    - prompt 0x5d5931105670:   18330 tokens, checkpoints:  1,   580.571 MiB
srv  get_availabl: prompt cache update took 139.17 ms
slot launch_slot_: id  1 | task -1 | sampler chain: logits -> ?penalties -> ?dry -> ?top-n-sigma -> top-k -> ?typical -> top-p -> min-p -> ?xtc -> ?temp-ext -> dist 
slot launch_slot_: id  1 | task 7825 | processing task, is_child = 0
slot get_availabl: id  2 | task -1 | selected slot by LRU, t_last = 8368846920
srv  get_availabl: updating prompt cache
srv   prompt_save:  - saving prompt with length 717, total state size = 92.189 MiB
srv          load:  - looking for better prompt, base f_keep = 0.028, sim = 0.025
srv        update:  - cache state: 12 prompts, 7570.234 MiB (limits: 8192.000 MiB, 262144 tokens, 283263 est)
srv        update:    - prompt 0x5d59344f2550:   54035 tokens, checkpoints:  1,  1417.816 MiB
srv        update:    - prompt 0x5d593182e3e0:     434 tokens, checkpoints:  0,    85.553 MiB
srv        update:    - prompt 0x5d59317b24c0:   43008 tokens, checkpoints:  0,  1083.868 MiB
srv        update:    - prompt 0x5d5931790fb0:   54145 tokens, checkpoints:  1,  1420.395 MiB
srv        update:    - prompt 0x5d59314f2e00:   54371 tokens, checkpoints:  1,  1425.695 MiB
srv        update:    - prompt 0x5d59314071f0:       9 tokens, checkpoints:  0,    75.587 MiB
srv        update:    - prompt 0x5d59312cc470:     155 tokens, checkpoints:  0,    79.011 MiB
srv        update:    - prompt 0x5d592bffc790:   18038 tokens, checkpoints:  1,   573.724 MiB
srv        update:    - prompt 0x5d5930facb80:   18153 tokens, checkpoints:  1,   576.421 MiB
srv        update:    - prompt 0x5d593184abc0:     369 tokens, checkpoints:  0,    84.029 MiB
srv        update:    - prompt 0x5d5931105670:   18330 tokens, checkpoints:  1,   580.571 MiB
srv        update:    - prompt 0x5d5931d55f90:     717 tokens, checkpoints:  1,   167.565 MiB
srv  get_availabl: prompt cache update took 38.06 ms
slot launch_slot_: id  2 | task -1 | sampler chain: logits -> ?penalties -> ?dry -> ?top-n-sigma -> top-k -> ?typical -> top-p -> min-p -> ?xtc -> ?temp-ext -> dist 
slot launch_slot_: id  2 | task 7824 | processing task, is_child = 0
slot get_availabl: id  3 | task -1 | selected slot by LRU, t_last = 8369926828
srv  get_availabl: updating prompt cache
srv   prompt_save:  - saving prompt with length 18808, total state size = 516.404 MiB
srv          load:  - looking for better prompt, base f_keep = 0.001, sim = 0.024
srv        update:  - cache state: 13 prompts, 8162.014 MiB (limits: 8192.000 MiB, 262144 tokens, 281602 est)
srv        update:    - prompt 0x5d59344f2550:   54035 tokens, checkpoints:  1,  1417.816 MiB
srv        update:    - prompt 0x5d593182e3e0:     434 tokens, checkpoints:  0,    85.553 MiB
srv        update:    - prompt 0x5d59317b24c0:   43008 tokens, checkpoints:  0,  1083.868 MiB
srv        update:    - prompt 0x5d5931790fb0:   54145 tokens, checkpoints:  1,  1420.395 MiB
srv        update:    - prompt 0x5d59314f2e00:   54371 tokens, checkpoints:  1,  1425.695 MiB
srv        update:    - prompt 0x5d59314071f0:       9 tokens, checkpoints:  0,    75.587 MiB
srv        update:    - prompt 0x5d59312cc470:     155 tokens, checkpoints:  0,    79.011 MiB
srv        update:    - prompt 0x5d592bffc790:   18038 tokens, checkpoints:  1,   573.724 MiB
srv        update:    - prompt 0x5d5930facb80:   18153 tokens, checkpoints:  1,   576.421 MiB
srv        update:    - prompt 0x5d593184abc0:     369 tokens, checkpoints:  0,    84.029 MiB
srv        update:    - prompt 0x5d5931105670:   18330 tokens, checkpoints:  1,   580.571 MiB
srv        update:    - prompt 0x5d5931d55f90:     717 tokens, checkpoints:  1,   167.565 MiB
srv        update:    - prompt 0x5d5931478d90:   18808 tokens, checkpoints:  1,   591.780 MiB
srv  get_availabl: prompt cache update took 134.39 ms
slot launch_slot_: id  3 | task -1 | sampler chain: logits -> ?penalties -> ?dry -> ?top-n-sigma -> top-k -> ?typical -> top-p -> min-p -> ?xtc -> ?temp-ext -> dist 
slot launch_slot_: id  3 | task 7827 | processing task, is_child = 0
slot get_availabl: id  0 | task -1 | selected slot by LRU, t_last = 8465457207
srv  get_availabl: updating prompt cache
srv   prompt_save:  - saving prompt with length 18928, total state size = 519.218 MiB
srv          load:  - looking for better prompt, base f_keep = 0.001, sim = 0.024
srv        update:  - cache size limit reached, removing oldest entry (size = 1417.816 MiB)
srv        update:  - cache state: 13 prompts, 7338.792 MiB (limits: 8192.000 MiB, 262144 tokens, 274002 est)
srv        update:    - prompt 0x5d593182e3e0:     434 tokens, checkpoints:  0,    85.553 MiB
srv        update:    - prompt 0x5d59317b24c0:   43008 tokens, checkpoints:  0,  1083.868 MiB
srv        update:    - prompt 0x5d5931790fb0:   54145 tokens, checkpoints:  1,  1420.395 MiB
srv        update:    - prompt 0x5d59314f2e00:   54371 tokens, checkpoints:  1,  1425.695 MiB
srv        update:    - prompt 0x5d59314071f0:       9 tokens, checkpoints:  0,    75.587 MiB
srv        update:    - prompt 0x5d59312cc470:     155 tokens, checkpoints:  0,    79.011 MiB
srv        update:    - prompt 0x5d592bffc790:   18038 tokens, checkpoints:  1,   573.724 MiB
srv        update:    - prompt 0x5d5930facb80:   18153 tokens, checkpoints:  1,   576.421 MiB
srv        update:    - prompt 0x5d593184abc0:     369 tokens, checkpoints:  0,    84.029 MiB
srv        update:    - prompt 0x5d5931105670:   18330 tokens, checkpoints:  1,   580.571 MiB
srv        update:    - prompt 0x5d5931d55f90:     717 tokens, checkpoints:  1,   167.565 MiB
srv        update:    - prompt 0x5d5931478d90:   18808 tokens, checkpoints:  1,   591.780 MiB
srv        update:    - prompt 0x5d5931813140:   18928 tokens, checkpoints:  1,   594.594 MiB
srv  get_availabl: prompt cache update took 146.13 ms
slot launch_slot_: id  0 | task -1 | sampler chain: logits -> ?penalties -> ?dry -> ?top-n-sigma -> top-k -> ?typical -> top-p -> min-p -> ?xtc -> ?temp-ext -> dist 
slot launch_slot_: id  0 | task 7826 | processing task, is_child = 0
slot update_slots: id  0 | task 7826 | new prompt, n_ctx_slot = 262144, n_keep = 0, task.n_tokens = 824
slot update_slots: id  0 | task 7826 | n_past = 20, slot.prompt.tokens.size() = 18928, seq_id = 0, pos_min = 18927, n_swa = 1
slot update_slots: id  0 | task 7826 | forcing full prompt re-processing due to lack of cache data (likely due to SWA or hybrid/recurrent memory, see https://github.com/ggml-org/llama.cpp/pull/13194#issuecomment-2868343055)
slot update_slots: id  0 | task 7826 | erased invalidated context checkpoint (pos_min = 18351, pos_max = 18351, n_swa = 1, size = 75.376 MiB)
slot update_slots: id  0 | task 7826 | n_tokens = 0, memory_seq_rm [0, end)
slot update_slots: id  0 | task 7826 | prompt processing progress, n_tokens = 312, batch.n_tokens = 312, progress = 0.378641
slot update_slots: id  1 | task 7825 | new prompt, n_ctx_slot = 262144, n_keep = 0, task.n_tokens = 809
slot update_slots: id  1 | task 7825 | n_past = 20, slot.prompt.tokens.size() = 18330, seq_id = 1, pos_min = 18329, n_swa = 1
slot update_slots: id  1 | task 7825 | forcing full prompt re-processing due to lack of cache data (likely due to SWA or hybrid/recurrent memory, see https://github.com/ggml-org/llama.cpp/pull/13194#issuecomment-2868343055)
slot update_slots: id  1 | task 7825 | erased invalidated context checkpoint (pos_min = 17658, pos_max = 17658, n_swa = 1, size = 75.376 MiB)
slot update_slots: id  1 | task 7825 | n_tokens = 0, memory_seq_rm [0, end)
slot update_slots: id  1 | task 7825 | prompt processing progress, n_tokens = 297, batch.n_tokens = 609, progress = 0.367120
slot update_slots: id  2 | task 7824 | new prompt, n_ctx_slot = 262144, n_keep = 0, task.n_tokens = 809
slot update_slots: id  2 | task 7824 | n_past = 20, slot.prompt.tokens.size() = 717, seq_id = 2, pos_min = 716, n_swa = 1
slot update_slots: id  2 | task 7824 | forcing full prompt re-processing due to lack of cache data (likely due to SWA or hybrid/recurrent memory, see https://github.com/ggml-org/llama.cpp/pull/13194#issuecomment-2868343055)
slot update_slots: id  2 | task 7824 | erased invalidated context checkpoint (pos_min = 182, pos_max = 182, n_swa = 1, size = 75.376 MiB)
slot update_slots: id  2 | task 7824 | n_tokens = 0, memory_seq_rm [0, end)
slot update_slots: id  2 | task 7824 | prompt processing progress, n_tokens = 297, batch.n_tokens = 906, progress = 0.367120
slot update_slots: id  3 | task 7827 | new prompt, n_ctx_slot = 262144, n_keep = 0, task.n_tokens = 834
slot update_slots: id  3 | task 7827 | n_past = 20, slot.prompt.tokens.size() = 18808, seq_id = 3, pos_min = 18807, n_swa = 1
slot update_slots: id  3 | task 7827 | forcing full prompt re-processing due to lack of cache data (likely due to SWA or hybrid/recurrent memory, see https://github.com/ggml-org/llama.cpp/pull/13194#issuecomment-2868343055)
slot update_slots: id  3 | task 7827 | erased invalidated context checkpoint (pos_min = 18198, pos_max = 18198, n_swa = 1, size = 75.376 MiB)
slot update_slots: id  3 | task 7827 | n_tokens = 0, memory_seq_rm [0, end)
slot update_slots: id  3 | task 7827 | prompt processing progress, n_tokens = 322, batch.n_tokens = 1228, progress = 0.386091
slot update_slots: id  0 | task 7826 | n_tokens = 312, memory_seq_rm [312, end)
slot update_slots: id  0 | task 7826 | prompt processing progress, n_tokens = 824, batch.n_tokens = 512, progress = 1.000000
slot update_slots: id  0 | task 7826 | prompt done, n_tokens = 824, batch.n_tokens = 512
slot init_sampler: id  0 | task 7826 | init sampler, took 0.06 ms, tokens: text = 824, total = 824
slot update_slots: id  0 | task 7826 | created context checkpoint 1 of 8 (pos_min = 311, pos_max = 311, size = 75.376 MiB)
slot update_slots: id  1 | task 7825 | n_tokens = 297, memory_seq_rm [297, end)
slot update_slots: id  1 | task 7825 | prompt processing progress, n_tokens = 809, batch.n_tokens = 1024, progress = 1.000000
slot update_slots: id  1 | task 7825 | prompt done, n_tokens = 809, batch.n_tokens = 1024
slot init_sampler: id  1 | task 7825 | init sampler, took 0.06 ms, tokens: text = 809, total = 809
slot update_slots: id  1 | task 7825 | created context checkpoint 1 of 8 (pos_min = 296, pos_max = 296, size = 75.376 MiB)
slot update_slots: id  2 | task 7824 | n_tokens = 297, memory_seq_rm [297, end)
slot update_slots: id  2 | task 7824 | prompt processing progress, n_tokens = 809, batch.n_tokens = 1536, progress = 1.000000
slot update_slots: id  2 | task 7824 | prompt done, n_tokens = 809, batch.n_tokens = 1536
slot init_sampler: id  2 | task 7824 | init sampler, took 0.06 ms, tokens: text = 809, total = 809
slot update_slots: id  2 | task 7824 | created context checkpoint 1 of 8 (pos_min = 296, pos_max = 296, size = 75.376 MiB)
slot update_slots: id  3 | task 7827 | n_tokens = 322, memory_seq_rm [322, end)
slot update_slots: id  3 | task 7827 | prompt processing progress, n_tokens = 834, batch.n_tokens = 2048, progress = 1.000000
slot update_slots: id  3 | task 7827 | prompt done, n_tokens = 834, batch.n_tokens = 2048
slot init_sampler: id  3 | task 7827 | init sampler, took 0.06 ms, tokens: text = 834, total = 834
slot update_slots: id  3 | task 7827 | created context checkpoint 1 of 8 (pos_min = 321, pos_max = 321, size = 75.376 MiB)
slot print_timing: id  1 | task 7825 | 
prompt eval time =    1142.09 ms /   809 tokens (    1.41 ms per token,   708.35 tokens per second)
       eval time =      41.68 ms /     3 tokens (   13.89 ms per token,    71.98 tokens per second)
      total time =    1183.76 ms /   812 tokens
slot      release: id  1 | task 7825 | stop processing: n_tokens = 811, truncated = 0
srv  log_server_r: done request: POST /v1/messages 127.0.0.1 200
slot print_timing: id  2 | task 7824 | 
prompt eval time =    1139.39 ms /   809 tokens (    1.41 ms per token,   710.03 tokens per second)
       eval time =      41.68 ms /     3 tokens (   13.89 ms per token,    71.97 tokens per second)
      total time =    1181.07 ms /   812 tokens
slot      release: id  2 | task 7824 | stop processing: n_tokens = 811, truncated = 0
srv  log_server_r: done request: POST /v1/messages 127.0.0.1 200
slot get_availabl: id  1 | task -1 | selected slot by LRU, t_last = 8467114791
srv  get_availabl: updating prompt cache
srv   prompt_save:  - saving prompt with length 811, total state size = 94.393 MiB
srv          load:  - looking for better prompt, base f_keep = 0.039, sim = 0.040
srv        update:  - cache state: 14 prompts, 7508.561 MiB (limits: 8192.000 MiB, 262144 tokens, 268692 est)
srv        update:    - prompt 0x5d593182e3e0:     434 tokens, checkpoints:  0,    85.553 MiB
srv        update:    - prompt 0x5d59317b24c0:   43008 tokens, checkpoints:  0,  1083.868 MiB
srv        update:    - prompt 0x5d5931790fb0:   54145 tokens, checkpoints:  1,  1420.395 MiB
srv        update:    - prompt 0x5d59314f2e00:   54371 tokens, checkpoints:  1,  1425.695 MiB
srv        update:    - prompt 0x5d59314071f0:       9 tokens, checkpoints:  0,    75.587 MiB
srv        update:    - prompt 0x5d59312cc470:     155 tokens, checkpoints:  0,    79.011 MiB
srv        update:    - prompt 0x5d592bffc790:   18038 tokens, checkpoints:  1,   573.724 MiB
srv        update:    - prompt 0x5d5930facb80:   18153 tokens, checkpoints:  1,   576.421 MiB
srv        update:    - prompt 0x5d593184abc0:     369 tokens, checkpoints:  0,    84.029 MiB
srv        update:    - prompt 0x5d5931105670:   18330 tokens, checkpoints:  1,   580.571 MiB
srv        update:    - prompt 0x5d5931d55f90:     717 tokens, checkpoints:  1,   167.565 MiB
srv        update:    - prompt 0x5d5931478d90:   18808 tokens, checkpoints:  1,   591.780 MiB
srv        update:    - prompt 0x5d5931813140:   18928 tokens, checkpoints:  1,   594.594 MiB
srv        update:    - prompt 0x5d59344f2550:     811 tokens, checkpoints:  1,   169.769 MiB
srv  get_availabl: prompt cache update took 36.95 ms
slot launch_slot_: id  1 | task -1 | sampler chain: logits -> ?penalties -> ?dry -> ?top-n-sigma -> top-k -> ?typical -> top-p -> min-p -> ?xtc -> ?temp-ext -> dist 
slot launch_slot_: id  1 | task 7823 | processing task, is_child = 0
slot update_slots: id  1 | task 7823 | new prompt, n_ctx_slot = 262144, n_keep = 0, task.n_tokens = 810
slot update_slots: id  1 | task 7823 | n_past = 32, slot.prompt.tokens.size() = 811, seq_id = 1, pos_min = 810, n_swa = 1
slot update_slots: id  1 | task 7823 | forcing full prompt re-processing due to lack of cache data (likely due to SWA or hybrid/recurrent memory, see https://github.com/ggml-org/llama.cpp/pull/13194#issuecomment-2868343055)
slot update_slots: id  1 | task 7823 | erased invalidated context checkpoint (pos_min = 296, pos_max = 296, n_swa = 1, size = 75.376 MiB)
slot update_slots: id  1 | task 7823 | n_tokens = 0, memory_seq_rm [0, end)
slot update_slots: id  1 | task 7823 | prompt processing progress, n_tokens = 298, batch.n_tokens = 300, progress = 0.367901
slot print_timing: id  0 | task 7826 | 
prompt eval time =    1146.22 ms /   824 tokens (    1.39 ms per token,   718.88 tokens per second)
       eval time =     236.17 ms /     4 tokens (   59.04 ms per token,    16.94 tokens per second)
      total time =    1382.39 ms /   828 tokens
slot      release: id  0 | task 7826 | stop processing: n_tokens = 827, truncated = 0
srv  log_server_r: done request: POST /v1/messages 127.0.0.1 200
slot update_slots: id  1 | task 7823 | n_tokens = 298, memory_seq_rm [298, end)
slot update_slots: id  1 | task 7823 | prompt processing progress, n_tokens = 810, batch.n_tokens = 513, progress = 1.000000
slot update_slots: id  1 | task 7823 | prompt done, n_tokens = 810, batch.n_tokens = 513
slot init_sampler: id  1 | task 7823 | init sampler, took 0.06 ms, tokens: text = 810, total = 810
slot update_slots: id  1 | task 7823 | created context checkpoint 1 of 8 (pos_min = 297, pos_max = 297, size = 75.376 MiB)
slot print_timing: id  3 | task 7827 | 
prompt eval time =    1137.33 ms /   834 tokens (    1.36 ms per token,   733.30 tokens per second)
       eval time =     445.75 ms /     5 tokens (   89.15 ms per token,    11.22 tokens per second)
      total time =    1583.08 ms /   839 tokens
slot      release: id  3 | task 7827 | stop processing: n_tokens = 838, truncated = 0
srv  log_server_r: done request: POST /v1/messages 127.0.0.1 200
slot print_timing: id  1 | task 7823 | 
prompt eval time =     367.03 ms /   810 tokens (    0.45 ms per token,  2206.90 tokens per second)
       eval time =      24.24 ms /     3 tokens (    8.08 ms per token,   123.76 tokens per second)
      total time =     391.27 ms /   813 tokens
slot      release: id  1 | task 7823 | stop processing: n_tokens = 812, truncated = 0
srv  update_slots: all slots are idle
srv  log_server_r: done request: POST /v1/messages 127.0.0.1 200
